kind	symbolId	diagnosticCode	documentUri	jsonPointer	reason	reasonSha256	category	waiverId	rationale	owner	disposition
operation	operation:activity/list-events-for-authenticated-user	SDKGEN-PROJECTION-UNREPRESENTABLE-OPERATION	sdkgen://source/openapi.yaml	/paths/~1users~1{username}~1events/get	Operation 'activity/list-events-for-authenticated-user' cannot be represented: schema sdkgen://source/openapi.yaml#/components/schemas/event has no emitted declaration	f5dfceb2b1020fde32810cc2b6011778b51e0ff8046b93f683b2d0549f30c753	dependent-operation-closure	github-operation-paths-users-username-events-get	Fixed-point closure: operation:activity/list-events-for-authenticated-user depends on schema sdkgen://source/openapi.yaml#/components/schemas/event has no emitted declaration; omit this exact dependent operation rather than leave a dangling generated type reference.	sdkgen-maintainers	omit
operation	operation:activity/list-org-events-for-authenticated-user	SDKGEN-PROJECTION-UNREPRESENTABLE-OPERATION	sdkgen://source/openapi.yaml	/paths/~1users~1{username}~1events~1orgs~1{org}/get	Operation 'activity/list-org-events-for-authenticated-user' cannot be represented: schema sdkgen://source/openapi.yaml#/components/schemas/event has no emitted declaration	3b0d140a4716ac6dac9f49f07ef83b81b3fb52e66ee014b67c1457d7f4ac2232	dependent-operation-closure	github-operation-paths-users-username-events-orgs-org-get	Fixed-point closure: operation:activity/list-org-events-for-authenticated-user depends on schema sdkgen://source/openapi.yaml#/components/schemas/event has no emitted declaration; omit this exact dependent operation rather than leave a dangling generated type reference.	sdkgen-maintainers	omit
operation	operation:activity/list-public-events	SDKGEN-PROJECTION-UNREPRESENTABLE-OPERATION	sdkgen://source/openapi.yaml	/paths/~1events/get	Operation 'activity/list-public-events' cannot be represented: schema sdkgen://source/openapi.yaml#/components/schemas/event has no emitted declaration	2d1bcb123052b13086e6ae13427362e8dc29bae18d97ffe4079dbb78ecb00a05	dependent-operation-closure	github-operation-paths-events-get	Fixed-point closure: operation:activity/list-public-events depends on schema sdkgen://source/openapi.yaml#/components/schemas/event has no emitted declaration; omit this exact dependent operation rather than leave a dangling generated type reference.	sdkgen-maintainers	omit
operation	operation:activity/list-public-events-for-repo-network	SDKGEN-PROJECTION-UNREPRESENTABLE-OPERATION	sdkgen://source/openapi.yaml	/paths/~1networks~1{owner}~1{repo}~1events/get	Operation 'activity/list-public-events-for-repo-network' cannot be represented: schema sdkgen://source/openapi.yaml#/components/schemas/event has no emitted declaration	5760cd8c345166206257beda4595d907a6b2c4ddadb3e7df6b9510354a094b09	dependent-operation-closure	github-operation-paths-networks-owner-repo-events-get	Fixed-point closure: operation:activity/list-public-events-for-repo-network depends on schema sdkgen://source/openapi.yaml#/components/schemas/event has no emitted declaration; omit this exact dependent operation rather than leave a dangling generated type reference.	sdkgen-maintainers	omit
operation	operation:activity/list-public-events-for-user	SDKGEN-PROJECTION-UNREPRESENTABLE-OPERATION	sdkgen://source/openapi.yaml	/paths/~1users~1{username}~1events~1public/get	Operation 'activity/list-public-events-for-user' cannot be represented: schema sdkgen://source/openapi.yaml#/components/schemas/event has no emitted declaration	b46ab9b11268b41b1579f01e52b0014a83ff1ba3bdda17a02ac99b282dd7fd36	dependent-operation-closure	github-operation-paths-users-username-events-public-get	Fixed-point closure: operation:activity/list-public-events-for-user depends on schema sdkgen://source/openapi.yaml#/components/schemas/event has no emitted declaration; omit this exact dependent operation rather than leave a dangling generated type reference.	sdkgen-maintainers	omit
operation	operation:activity/list-public-org-events	SDKGEN-PROJECTION-UNREPRESENTABLE-OPERATION	sdkgen://source/openapi.yaml	/paths/~1orgs~1{org}~1events/get	Operation 'activity/list-public-org-events' cannot be represented: schema sdkgen://source/openapi.yaml#/components/schemas/event has no emitted declaration	22a0b8198b1c2e70224e64f20482006fc1795bff10f15dd46581baed0e2ef386	dependent-operation-closure	github-operation-paths-orgs-org-events-get	Fixed-point closure: operation:activity/list-public-org-events depends on schema sdkgen://source/openapi.yaml#/components/schemas/event has no emitted declaration; omit this exact dependent operation rather than leave a dangling generated type reference.	sdkgen-maintainers	omit
operation	operation:activity/list-received-events-for-user	SDKGEN-PROJECTION-UNREPRESENTABLE-OPERATION	sdkgen://source/openapi.yaml	/paths/~1users~1{username}~1received_events/get	Operation 'activity/list-received-events-for-user' cannot be represented: schema sdkgen://source/openapi.yaml#/components/schemas/event has no emitted declaration	95f4beae1f586f5ea2b07d43ade407b1a135d563c39baeb311e098e68c5e473a	dependent-operation-closure	github-operation-paths-users-username-received-events-get	Fixed-point closure: operation:activity/list-received-events-for-user depends on schema sdkgen://source/openapi.yaml#/components/schemas/event has no emitted declaration; omit this exact dependent operation rather than leave a dangling generated type reference.	sdkgen-maintainers	omit
operation	operation:activity/list-received-public-events-for-user	SDKGEN-PROJECTION-UNREPRESENTABLE-OPERATION	sdkgen://source/openapi.yaml	/paths/~1users~1{username}~1received_events~1public/get	Operation 'activity/list-received-public-events-for-user' cannot be represented: schema sdkgen://source/openapi.yaml#/components/schemas/event has no emitted declaration	58442b607db91cf2cb9d8dd2ff7fd9ac836737a9e43db7d1ee0a238d636c07a6	dependent-operation-closure	github-operation-paths-users-username-received-events-public-get	Fixed-point closure: operation:activity/list-received-public-events-for-user depends on schema sdkgen://source/openapi.yaml#/components/schemas/event has no emitted declaration; omit this exact dependent operation rather than leave a dangling generated type reference.	sdkgen-maintainers	omit
operation	operation:activity/list-repo-events	SDKGEN-PROJECTION-UNREPRESENTABLE-OPERATION	sdkgen://source/openapi.yaml	/paths/~1repos~1{owner}~1{repo}~1events/get	Operation 'activity/list-repo-events' cannot be represented: schema sdkgen://source/openapi.yaml#/components/schemas/event has no emitted declaration	2eece04dfca59f76ba163a9e899354598bcff6b01dd6aaf422f90e274dedf31f	dependent-operation-closure	github-operation-paths-repos-owner-repo-events-get	Fixed-point closure: operation:activity/list-repo-events depends on schema sdkgen://source/openapi.yaml#/components/schemas/event has no emitted declaration; omit this exact dependent operation rather than leave a dangling generated type reference.	sdkgen-maintainers	omit
operation	operation:campaigns/create-campaign	SDKGEN-PROJECTION-UNREPRESENTABLE-OPERATION	sdkgen://source/openapi.yaml	/paths/~1orgs~1{org}~1campaigns/post	Operation 'campaigns/create-campaign' cannot be represented: schema sdkgen://source/openapi.yaml#/paths/~1orgs~1{org}~1campaigns/post/requestBody/content/application~1json/schema has no emitted declaration	5f80fcd6cdc6b56ad68a28786add6615455ceaa40aa4d4f7e03121c7a7866ca3	dependent-operation-closure	github-operation-paths-orgs-org-campaigns-post	Fixed-point closure: operation:campaigns/create-campaign depends on schema sdkgen://source/openapi.yaml#/paths/~1orgs~1{org}~1campaigns/post/requestBody/content/application~1json/schema has no emitted declaration; omit this exact dependent operation rather than leave a dangling generated type reference.	sdkgen-maintainers	omit
operation	operation:git/create-blob	SDKGEN-PROJECTION-UNREPRESENTABLE-OPERATION	sdkgen://source/openapi.yaml	/paths/~1repos~1{owner}~1{repo}~1git~1blobs/post	Operation 'git/create-blob' cannot be represented: schema sdkgen://source/openapi.yaml#/paths/~1repos~1{owner}~1{repo}~1git~1blobs/post/responses/422/content/application~1json/schema has no emitted declaration	7fe36c8b07d5a6b4b012692a910cc5e43d533f30d3b1263002f2e644122d9e5a	dependent-operation-closure	github-operation-paths-repos-owner-repo-git-blobs-post	Fixed-point closure: operation:git/create-blob depends on schema sdkgen://source/openapi.yaml#/paths/~1repos~1{owner}~1{repo}~1git~1blobs/post/responses/422/content/application~1json/schema has no emitted declaration; omit this exact dependent operation rather than leave a dangling generated type reference.	sdkgen-maintainers	omit
operation	operation:issues/add-assignees	SDKGEN-PROJECTION-UNREPRESENTABLE-OPERATION	sdkgen://source/openapi.yaml	/paths/~1repos~1{owner}~1{repo}~1issues~1{issue_number}~1assignees/post	Operation 'issues/add-assignees' cannot be represented: schema sdkgen://source/openapi.yaml#/components/schemas/issue has no emitted declaration	c1131c1a07f0ef61ab6310b0f594cd419a5831f7bfc5eb2fe5638669ee44a6e2	dependent-operation-closure	github-operation-paths-repos-owner-repo-issues-issue-number-assignees-post	Fixed-point closure: operation:issues/add-assignees depends on schema sdkgen://source/openapi.yaml#/components/schemas/issue has no emitted declaration; omit this exact dependent operation rather than leave a dangling generated type reference.	sdkgen-maintainers	omit
operation	operation:issues/add-blocked-by-dependency	SDKGEN-PROJECTION-UNREPRESENTABLE-OPERATION	sdkgen://source/openapi.yaml	/paths/~1repos~1{owner}~1{repo}~1issues~1{issue_number}~1dependencies~1blocked_by/post	Operation 'issues/add-blocked-by-dependency' cannot be represented: schema sdkgen://source/openapi.yaml#/components/schemas/issue has no emitted declaration	a713840374af9afcc4351f69c6bf80e06421b863f8b84a034058faefa46bfd01	dependent-operation-closure	github-operation-paths-repos-owner-repo-issues-issue-number-dependencies-blocked-by-post	Fixed-point closure: operation:issues/add-blocked-by-dependency depends on schema sdkgen://source/openapi.yaml#/components/schemas/issue has no emitted declaration; omit this exact dependent operation rather than leave a dangling generated type reference.	sdkgen-maintainers	omit
operation	operation:issues/add-sub-issue	SDKGEN-PROJECTION-UNREPRESENTABLE-OPERATION	sdkgen://source/openapi.yaml	/paths/~1repos~1{owner}~1{repo}~1issues~1{issue_number}~1sub_issues/post	Operation 'issues/add-sub-issue' cannot be represented: schema sdkgen://source/openapi.yaml#/components/schemas/issue has no emitted declaration	97f6d39db7e1b4cd5f929e4ec6f4b765ba38a15d0c5e2c542db80e649ba909a0	dependent-operation-closure	github-operation-paths-repos-owner-repo-issues-issue-number-sub-issues-post	Fixed-point closure: operation:issues/add-sub-issue depends on schema sdkgen://source/openapi.yaml#/components/schemas/issue has no emitted declaration; omit this exact dependent operation rather than leave a dangling generated type reference.	sdkgen-maintainers	omit
operation	operation:issues/create	SDKGEN-PROJECTION-UNREPRESENTABLE-OPERATION	sdkgen://source/openapi.yaml	/paths/~1repos~1{owner}~1{repo}~1issues/post	Operation 'issues/create' cannot be represented: schema sdkgen://source/openapi.yaml#/components/schemas/issue has no emitted declaration	ebed0ad22a9b83ec6dab24ff54aba9ce950af2f3c5ad89a664207046d4c73d93	dependent-operation-closure	github-operation-paths-repos-owner-repo-issues-post	Fixed-point closure: operation:issues/create depends on schema sdkgen://source/openapi.yaml#/components/schemas/issue has no emitted declaration; omit this exact dependent operation rather than leave a dangling generated type reference.	sdkgen-maintainers	omit
operation	operation:issues/get	SDKGEN-PROJECTION-UNREPRESENTABLE-OPERATION	sdkgen://source/openapi.yaml	/paths/~1repos~1{owner}~1{repo}~1issues~1{issue_number}/get	Operation 'issues/get' cannot be represented: schema sdkgen://source/openapi.yaml#/components/schemas/issue has no emitted declaration	463d25121aa0a0d235b49fa033db0e0a1f509f527091b5d7ee6f4ad78d0ba96a	dependent-operation-closure	github-operation-paths-repos-owner-repo-issues-issue-number-get	Fixed-point closure: operation:issues/get depends on schema sdkgen://source/openapi.yaml#/components/schemas/issue has no emitted declaration; omit this exact dependent operation rather than leave a dangling generated type reference.	sdkgen-maintainers	omit
operation	operation:issues/get-event	SDKGEN-PROJECTION-UNREPRESENTABLE-OPERATION	sdkgen://source/openapi.yaml	/paths/~1repos~1{owner}~1{repo}~1issues~1events~1{event_id}/get	Operation 'issues/get-event' cannot be represented: schema sdkgen://source/openapi.yaml#/components/schemas/issue-event has no emitted declaration	9460fbd98c08647a7fa0ab56d288777a06489d1808cc6cc4c6c874151c26fd7f	dependent-operation-closure	github-operation-paths-repos-owner-repo-issues-events-event-id-get	Fixed-point closure: operation:issues/get-event depends on schema sdkgen://source/openapi.yaml#/components/schemas/issue-event has no emitted declaration; omit this exact dependent operation rather than leave a dangling generated type reference.	sdkgen-maintainers	omit
operation	operation:issues/get-parent	SDKGEN-PROJECTION-UNREPRESENTABLE-OPERATION	sdkgen://source/openapi.yaml	/paths/~1repos~1{owner}~1{repo}~1issues~1{issue_number}~1parent/get	Operation 'issues/get-parent' cannot be represented: schema sdkgen://source/openapi.yaml#/components/schemas/issue has no emitted declaration	69e020c656c33bbe04f84a31212c0af86bc9f5f8d9b41e1d652a285258ffd190	dependent-operation-closure	github-operation-paths-repos-owner-repo-issues-issue-number-parent-get	Fixed-point closure: operation:issues/get-parent depends on schema sdkgen://source/openapi.yaml#/components/schemas/issue has no emitted declaration; omit this exact dependent operation rather than leave a dangling generated type reference.	sdkgen-maintainers	omit
operation	operation:issues/list	SDKGEN-PROJECTION-UNREPRESENTABLE-OPERATION	sdkgen://source/openapi.yaml	/paths/~1issues/get	Operation 'issues/list' cannot be represented: schema sdkgen://source/openapi.yaml#/components/schemas/issue has no emitted declaration	98ea2511c98342a5cff9e1d8278b2632dd7d19caf0937b99af850622d0f78d4e	dependent-operation-closure	github-operation-paths-issues-get	Fixed-point closure: operation:issues/list depends on schema sdkgen://source/openapi.yaml#/components/schemas/issue has no emitted declaration; omit this exact dependent operation rather than leave a dangling generated type reference.	sdkgen-maintainers	omit
operation	operation:issues/list-dependencies-blocked-by	SDKGEN-PROJECTION-UNREPRESENTABLE-OPERATION	sdkgen://source/openapi.yaml	/paths/~1repos~1{owner}~1{repo}~1issues~1{issue_number}~1dependencies~1blocked_by/get	Operation 'issues/list-dependencies-blocked-by' cannot be represented: schema sdkgen://source/openapi.yaml#/components/schemas/issue has no emitted declaration	12fd93de51b947f1ca61ee26beac926b2c7e21b8270506fc69b16f77f0e11aa1	dependent-operation-closure	github-operation-paths-repos-owner-repo-issues-issue-number-dependencies-blocked-by-get	Fixed-point closure: operation:issues/list-dependencies-blocked-by depends on schema sdkgen://source/openapi.yaml#/components/schemas/issue has no emitted declaration; omit this exact dependent operation rather than leave a dangling generated type reference.	sdkgen-maintainers	omit
operation	operation:issues/list-dependencies-blocking	SDKGEN-PROJECTION-UNREPRESENTABLE-OPERATION	sdkgen://source/openapi.yaml	/paths/~1repos~1{owner}~1{repo}~1issues~1{issue_number}~1dependencies~1blocking/get	Operation 'issues/list-dependencies-blocking' cannot be represented: schema sdkgen://source/openapi.yaml#/components/schemas/issue has no emitted declaration	f7db4cfa98ce31834a8973e1c11ceda7c44ae43e1bf0d29888436ff02f3290e6	dependent-operation-closure	github-operation-paths-repos-owner-repo-issues-issue-number-dependencies-blocking-get	Fixed-point closure: operation:issues/list-dependencies-blocking depends on schema sdkgen://source/openapi.yaml#/components/schemas/issue has no emitted declaration; omit this exact dependent operation rather than leave a dangling generated type reference.	sdkgen-maintainers	omit
operation	operation:issues/list-events-for-repo	SDKGEN-PROJECTION-UNREPRESENTABLE-OPERATION	sdkgen://source/openapi.yaml	/paths/~1repos~1{owner}~1{repo}~1issues~1events/get	Operation 'issues/list-events-for-repo' cannot be represented: schema sdkgen://source/openapi.yaml#/components/schemas/issue-event has no emitted declaration	8fdca3f0b5bf6748ac0acf2985f24ca62aee327aca53bd7ffba909091a52e9ed	dependent-operation-closure	github-operation-paths-repos-owner-repo-issues-events-get	Fixed-point closure: operation:issues/list-events-for-repo depends on schema sdkgen://source/openapi.yaml#/components/schemas/issue-event has no emitted declaration; omit this exact dependent operation rather than leave a dangling generated type reference.	sdkgen-maintainers	omit
operation	operation:issues/list-events-for-timeline	SDKGEN-PROJECTION-UNREPRESENTABLE-OPERATION	sdkgen://source/openapi.yaml	/paths/~1repos~1{owner}~1{repo}~1issues~1{issue_number}~1timeline/get	Operation 'issues/list-events-for-timeline' cannot be represented: schema sdkgen://source/openapi.yaml#/components/schemas/timeline-issue-events has no emitted declaration	ccc23cb58e91844037d27acf7934a666705c118444c2e303a71e123bb2d8f8df	dependent-operation-closure	github-operation-paths-repos-owner-repo-issues-issue-number-timeline-get	Fixed-point closure: operation:issues/list-events-for-timeline depends on schema sdkgen://source/openapi.yaml#/components/schemas/timeline-issue-events has no emitted declaration; omit this exact dependent operation rather than leave a dangling generated type reference.	sdkgen-maintainers	omit
operation	operation:issues/list-for-authenticated-user	SDKGEN-PROJECTION-UNREPRESENTABLE-OPERATION	sdkgen://source/openapi.yaml	/paths/~1user~1issues/get	Operation 'issues/list-for-authenticated-user' cannot be represented: schema sdkgen://source/openapi.yaml#/components/schemas/issue has no emitted declaration	7a9772dc4a4a413b4175e4f139321b351dc3c600fa1917d0824af18f7da6b1c7	dependent-operation-closure	github-operation-paths-user-issues-get	Fixed-point closure: operation:issues/list-for-authenticated-user depends on schema sdkgen://source/openapi.yaml#/components/schemas/issue has no emitted declaration; omit this exact dependent operation rather than leave a dangling generated type reference.	sdkgen-maintainers	omit
operation	operation:issues/list-for-org	SDKGEN-PROJECTION-UNREPRESENTABLE-OPERATION	sdkgen://source/openapi.yaml	/paths/~1orgs~1{org}~1issues/get	Operation 'issues/list-for-org' cannot be represented: schema sdkgen://source/openapi.yaml#/components/schemas/issue has no emitted declaration	82bbd0a50ed36625a44d62679d38d16f412e025b98ffe0165ed25db0127523d3	dependent-operation-closure	github-operation-paths-orgs-org-issues-get	Fixed-point closure: operation:issues/list-for-org depends on schema sdkgen://source/openapi.yaml#/components/schemas/issue has no emitted declaration; omit this exact dependent operation rather than leave a dangling generated type reference.	sdkgen-maintainers	omit
operation	operation:issues/list-for-repo	SDKGEN-PROJECTION-UNREPRESENTABLE-OPERATION	sdkgen://source/openapi.yaml	/paths/~1repos~1{owner}~1{repo}~1issues/get	Operation 'issues/list-for-repo' cannot be represented: schema sdkgen://source/openapi.yaml#/components/schemas/issue has no emitted declaration	5675cafba3438a8696fcff5620e9aeeccaf2f03f17711fbd4c9fbcb7fc8855fa	dependent-operation-closure	github-operation-paths-repos-owner-repo-issues-get	Fixed-point closure: operation:issues/list-for-repo depends on schema sdkgen://source/openapi.yaml#/components/schemas/issue has no emitted declaration; omit this exact dependent operation rather than leave a dangling generated type reference.	sdkgen-maintainers	omit
operation	operation:issues/list-sub-issues	SDKGEN-PROJECTION-UNREPRESENTABLE-OPERATION	sdkgen://source/openapi.yaml	/paths/~1repos~1{owner}~1{repo}~1issues~1{issue_number}~1sub_issues/get	Operation 'issues/list-sub-issues' cannot be represented: schema sdkgen://source/openapi.yaml#/components/schemas/issue has no emitted declaration	38df4bbbeb5659b750ff10eceb22cd3092baf7f10e72bf4787450bcb18aa4a54	dependent-operation-closure	github-operation-paths-repos-owner-repo-issues-issue-number-sub-issues-get	Fixed-point closure: operation:issues/list-sub-issues depends on schema sdkgen://source/openapi.yaml#/components/schemas/issue has no emitted declaration; omit this exact dependent operation rather than leave a dangling generated type reference.	sdkgen-maintainers	omit
operation	operation:issues/remove-assignees	SDKGEN-PROJECTION-UNREPRESENTABLE-OPERATION	sdkgen://source/openapi.yaml	/paths/~1repos~1{owner}~1{repo}~1issues~1{issue_number}~1assignees/delete	Operation 'issues/remove-assignees' cannot be represented: schema sdkgen://source/openapi.yaml#/components/schemas/issue has no emitted declaration	d9e6d296d4bd149f1442f79064219b355996e8e3934c5d42e4c664f3044f2888	dependent-operation-closure	github-operation-paths-repos-owner-repo-issues-issue-number-assignees-delete	Fixed-point closure: operation:issues/remove-assignees depends on schema sdkgen://source/openapi.yaml#/components/schemas/issue has no emitted declaration; omit this exact dependent operation rather than leave a dangling generated type reference.	sdkgen-maintainers	omit
operation	operation:issues/remove-dependency-blocked-by	SDKGEN-PROJECTION-UNREPRESENTABLE-OPERATION	sdkgen://source/openapi.yaml	/paths/~1repos~1{owner}~1{repo}~1issues~1{issue_number}~1dependencies~1blocked_by~1{issue_id}/delete	Operation 'issues/remove-dependency-blocked-by' cannot be represented: schema sdkgen://source/openapi.yaml#/components/schemas/issue has no emitted declaration	6d9480c96909946a6414723aaf70b05383a675533085716405614ab23b441eb3	dependent-operation-closure	github-operation-paths-repos-owner-repo-issues-issue-number-dependencies-blocked-by-issue-id-delete	Fixed-point closure: operation:issues/remove-dependency-blocked-by depends on schema sdkgen://source/openapi.yaml#/components/schemas/issue has no emitted declaration; omit this exact dependent operation rather than leave a dangling generated type reference.	sdkgen-maintainers	omit
operation	operation:issues/remove-sub-issue	SDKGEN-PROJECTION-UNREPRESENTABLE-OPERATION	sdkgen://source/openapi.yaml	/paths/~1repos~1{owner}~1{repo}~1issues~1{issue_number}~1sub_issue/delete	Operation 'issues/remove-sub-issue' cannot be represented: schema sdkgen://source/openapi.yaml#/components/schemas/issue has no emitted declaration	0b56008f9ed81ca0291978ae879ef83a63459b8a8330b3c7406428ac5114c697	dependent-operation-closure	github-operation-paths-repos-owner-repo-issues-issue-number-sub-issue-delete	Fixed-point closure: operation:issues/remove-sub-issue depends on schema sdkgen://source/openapi.yaml#/components/schemas/issue has no emitted declaration; omit this exact dependent operation rather than leave a dangling generated type reference.	sdkgen-maintainers	omit
operation	operation:issues/reprioritize-sub-issue	SDKGEN-PROJECTION-UNREPRESENTABLE-OPERATION	sdkgen://source/openapi.yaml	/paths/~1repos~1{owner}~1{repo}~1issues~1{issue_number}~1sub_issues~1priority/patch	Operation 'issues/reprioritize-sub-issue' cannot be represented: schema sdkgen://source/openapi.yaml#/components/schemas/issue has no emitted declaration	dcaf4184908da3aef12e11b4320890803dd00d3137e555d8f5feb2bb49b48da6	dependent-operation-closure	github-operation-paths-repos-owner-repo-issues-issue-number-sub-issues-priority-patch	Fixed-point closure: operation:issues/reprioritize-sub-issue depends on schema sdkgen://source/openapi.yaml#/components/schemas/issue has no emitted declaration; omit this exact dependent operation rather than leave a dangling generated type reference.	sdkgen-maintainers	omit
operation	operation:issues/update	SDKGEN-PROJECTION-UNREPRESENTABLE-OPERATION	sdkgen://source/openapi.yaml	/paths/~1repos~1{owner}~1{repo}~1issues~1{issue_number}/patch	Operation 'issues/update' cannot be represented: schema sdkgen://source/openapi.yaml#/paths/~1repos~1{owner}~1{repo}~1issues~1{issue_number}/patch/responses/200/content/application~1json/schema has no emitted declaration	9888b385b7f4bfce2f2c6b33805fa3ddc84fac4ce19fff43b77ad65c32b64e3e	dependent-operation-closure	github-operation-paths-repos-owner-repo-issues-issue-number-patch	Fixed-point closure: operation:issues/update depends on schema sdkgen://source/openapi.yaml#/paths/~1repos~1{owner}~1{repo}~1issues~1{issue_number}/patch/responses/200/content/application~1json/schema has no emitted declaration; omit this exact dependent operation rather than leave a dangling generated type reference.	sdkgen-maintainers	omit
operation	operation:projects/add-item-for-org	SDKGEN-PROJECTION-UNREPRESENTABLE-OPERATION	sdkgen://source/openapi.yaml	/paths/~1orgs~1{org}~1projectsV2~1{project_number}~1items/post	Operation 'projects/add-item-for-org' cannot be represented: schema sdkgen://source/openapi.yaml#/components/schemas/projects-v2-item-simple has no emitted declaration	795ecfbb732753b5c1dde9234acacbaaa6d16b88a3f0d0c2a887f06c1177c33e	dependent-operation-closure	github-operation-paths-orgs-org-projectsv2-project-number-items-post	Fixed-point closure: operation:projects/add-item-for-org depends on schema sdkgen://source/openapi.yaml#/components/schemas/projects-v2-item-simple has no emitted declaration; omit this exact dependent operation rather than leave a dangling generated type reference.	sdkgen-maintainers	omit
operation	operation:projects/add-item-for-user	SDKGEN-PROJECTION-UNREPRESENTABLE-OPERATION	sdkgen://source/openapi.yaml	/paths/~1users~1{username}~1projectsV2~1{project_number}~1items/post	Operation 'projects/add-item-for-user' cannot be represented: schema sdkgen://source/openapi.yaml#/components/schemas/projects-v2-item-simple has no emitted declaration	bfaf28d157e766a26c5c35e8615fee797584ce5cedbb244184b3364d5958d7dd	dependent-operation-closure	github-operation-paths-users-username-projectsv2-project-number-items-post	Fixed-point closure: operation:projects/add-item-for-user depends on schema sdkgen://source/openapi.yaml#/components/schemas/projects-v2-item-simple has no emitted declaration; omit this exact dependent operation rather than leave a dangling generated type reference.	sdkgen-maintainers	omit
operation	operation:projects/create-draft-item-for-authenticated-user	SDKGEN-PROJECTION-UNREPRESENTABLE-OPERATION	sdkgen://source/openapi.yaml	/paths/~1user~1{user_id}~1projectsV2~1{project_number}~1drafts/post	Operation 'projects/create-draft-item-for-authenticated-user' cannot be represented: schema sdkgen://source/openapi.yaml#/components/schemas/projects-v2-item-simple has no emitted declaration	37a003fbc86080b700b3efdbd45ebf53e2fc375862ba13948d52a37d304dd53b	dependent-operation-closure	github-operation-paths-user-user-id-projectsv2-project-number-drafts-post	Fixed-point closure: operation:projects/create-draft-item-for-authenticated-user depends on schema sdkgen://source/openapi.yaml#/components/schemas/projects-v2-item-simple has no emitted declaration; omit this exact dependent operation rather than leave a dangling generated type reference.	sdkgen-maintainers	omit
operation	operation:projects/create-draft-item-for-org	SDKGEN-PROJECTION-UNREPRESENTABLE-OPERATION	sdkgen://source/openapi.yaml	/paths/~1orgs~1{org}~1projectsV2~1{project_number}~1drafts/post	Operation 'projects/create-draft-item-for-org' cannot be represented: schema sdkgen://source/openapi.yaml#/components/schemas/projects-v2-item-simple has no emitted declaration	6e07f8ac2f63c60f2d21328efd19761d71b4532ee9bc344c61e853f95a3ac0e6	dependent-operation-closure	github-operation-paths-orgs-org-projectsv2-project-number-drafts-post	Fixed-point closure: operation:projects/create-draft-item-for-org depends on schema sdkgen://source/openapi.yaml#/components/schemas/projects-v2-item-simple has no emitted declaration; omit this exact dependent operation rather than leave a dangling generated type reference.	sdkgen-maintainers	omit
operation	operation:repos/get-content	SDKGEN-PROJECTION-UNREPRESENTABLE-OPERATION	sdkgen://source/openapi.yaml	/paths/~1repos~1{owner}~1{repo}~1contents~1{path}/get	Operation 'repos/get-content' cannot be represented: schema sdkgen://source/openapi.yaml#/paths/~1repos~1{owner}~1{repo}~1contents~1{path}/get/responses/200/content/application~1json/schema has no emitted declaration	e9afccdc7da2056ce6ae41ac71b526ca3ac926d39705a0669546119a8cf41ddb	dependent-operation-closure	github-operation-paths-repos-owner-repo-contents-path-get	Fixed-point closure: operation:repos/get-content depends on schema sdkgen://source/openapi.yaml#/paths/~1repos~1{owner}~1{repo}~1contents~1{path}/get/responses/200/content/application~1json/schema has no emitted declaration; omit this exact dependent operation rather than leave a dangling generated type reference.	sdkgen-maintainers	omit
schema	schema:Event	SDKGEN-PROJECTION-UNREPRESENTABLE-SCHEMA	sdkgen://source/openapi.yaml	/components/schemas/event	Schema 'sdkgen://source/openapi.yaml#/components/schemas/event' cannot be represented: schema sdkgen://source/openapi.yaml#/components/schemas/event/properties/payload has no emitted declaration	e5685a918b29fbcf3fa3f572e404708c3fc2840276db610507cc70866b128490	dependent-schema-closure	github-schema-components-schemas-event	Fixed-point closure: schema:Event depends on schema sdkgen://source/openapi.yaml#/components/schemas/event/properties/payload has no emitted declaration; omit this exact dependent schema rather than leave a dangling generated type reference.	sdkgen-maintainers	omit
schema	schema:InlineEventPayloadXfae68ae8	SDKGEN-PROJECTION-UNREPRESENTABLE-SCHEMA	sdkgen://source/openapi.yaml	/components/schemas/event/properties/payload	Schema 'sdkgen://source/openapi.yaml#/components/schemas/event/properties/payload' cannot be represented: schema sdkgen://source/openapi.yaml#/components/schemas/issue has no emitted declaration	87a324e1f3365b0b11d6156b377eb9d0d5758f69989db3d681406d763376ebc4	dependent-schema-closure	github-schema-components-schemas-event-properties-payload	Fixed-point closure: schema:InlineEventPayloadXfae68ae8 depends on schema sdkgen://source/openapi.yaml#/components/schemas/issue has no emitted declaration; omit this exact dependent schema rather than leave a dangling generated type reference.	sdkgen-maintainers	omit
schema	schema:InlineIssueLabelsItemX89c422d1	SDKGEN-PROJECTION-UNREPRESENTABLE-SCHEMA	sdkgen://source/openapi.yaml	/components/schemas/issue/properties/labels/items	Schema 'sdkgen://source/openapi.yaml#/components/schemas/issue/properties/labels/items' cannot be represented: oneOf branch sdkgen://source/openapi.yaml#/components/schemas/issue/properties/labels/items/oneOf/1/properties/url uses unsupported string format 'uri'	c26a1f6d52314ec8a53c846d7475b3cda071a57193d952f76559d05ea316a20d	direct-one-of-uri-format	github-schema-components-schemas-issue-properties-labels-items	This oneOf predicate depends on JSON Schema format 'uri'; the approved exact predicate vehicle has no runtime URI-format predicate, so accepting the branch would weaken exact branch recognition.	sdkgen-maintainers	omit
schema	schema:InlineNullableIssueLabelsItemX02d2701a	SDKGEN-PROJECTION-UNREPRESENTABLE-SCHEMA	sdkgen://source/openapi.yaml	/components/schemas/nullable-issue/properties/labels/items	Schema 'sdkgen://source/openapi.yaml#/components/schemas/nullable-issue/properties/labels/items' cannot be represented: oneOf branch sdkgen://source/openapi.yaml#/components/schemas/nullable-issue/properties/labels/items/oneOf/1/properties/url uses unsupported string format 'uri'	624a01d67f0048884389cd772457fcc9cea7698a062236e33de8e52341b89119	direct-one-of-uri-format	github-schema-components-schemas-nullable-issue-properties-labels-items	This oneOf predicate depends on JSON Schema format 'uri'; the approved exact predicate vehicle has no runtime URI-format predicate, so accepting the branch would weaken exact branch recognition.	sdkgen-maintainers	omit
schema	schema:InlineOrgsCampaignsPostRequestJsonX7ea583f1	SDKGEN-PROJECTION-UNREPRESENTABLE-SCHEMA	sdkgen://source/openapi.yaml	/paths/~1orgs~1{org}~1campaigns/post/requestBody/content/application~1json/schema	Schema 'sdkgen://source/openapi.yaml#/paths/~1orgs~1{org}~1campaigns/post/requestBody/content/application~1json/schema' cannot be represented: oneOf branch sdkgen://source/openapi.yaml#/paths/~1orgs~1{org}~1campaigns/post/requestBody/content/application~1json/schema/oneOf/0 has no exact JSON kind	53537ede4092ed577552b904a3a29a8a747e4e5e1acf73bd2c6607e36831d845	direct-one-of-no-exact-json-kind	github-schema-paths-orgs-org-campaigns-post-requestbody-content-application-json-schema	The create-campaign request oneOf requires undeclared secret_scanning_alerts under the enclosing contract alongside code_scanning_alerts; that branch has no exact JSON-kind or presence predicate.	sdkgen-maintainers	omit
schema	schema:InlineProjectsV2ItemSimpleContentX40b94ee9	SDKGEN-PROJECTION-UNREPRESENTABLE-SCHEMA	sdkgen://source/openapi.yaml	/components/schemas/projects-v2-item-simple/properties/content	Schema 'sdkgen://source/openapi.yaml#/components/schemas/projects-v2-item-simple/properties/content' cannot be represented: schema sdkgen://source/openapi.yaml#/components/schemas/issue/properties/labels/items has no emitted declaration	bbb16ebc8a74dcc44c68f3c0e1367f83756ae81e05b5989d3b28405bd8ef364a	dependent-schema-closure	github-schema-components-schemas-projects-v2-item-simple-properties-content	Fixed-point closure: schema:InlineProjectsV2ItemSimpleContentX40b94ee9 depends on schema sdkgen://source/openapi.yaml#/components/schemas/issue/properties/labels/items has no emitted declaration; omit this exact dependent schema rather than leave a dangling generated type reference.	sdkgen-maintainers	omit
schema	schema:InlineReposContentsGetResponse200JsonX1ab29fec	SDKGEN-PROJECTION-UNREPRESENTABLE-SCHEMA	sdkgen://source/openapi.yaml	/paths/~1repos~1{owner}~1{repo}~1contents~1{path}/get/responses/200/content/application~1json/schema	Schema 'sdkgen://source/openapi.yaml#/paths/~1repos~1{owner}~1{repo}~1contents~1{path}/get/responses/200/content/application~1json/schema' cannot be represented: oneOf branch sdkgen://source/openapi.yaml#/components/schemas/content-directory/items/properties/_links/properties/git uses unsupported string format 'uri'	5c763a8128849b0fb312264487b2bd50a5e4768ee814a93654c042b5348055a1	direct-one-of-uri-format	github-schema-paths-repos-owner-repo-contents-path-get-responses-200-content-application-json-schema	This oneOf predicate depends on JSON Schema format 'uri'; the approved exact predicate vehicle has no runtime URI-format predicate, so accepting the branch would weaken exact branch recognition.	sdkgen-maintainers	omit
schema	schema:InlineReposGitBlobsPostResponse422JsonX31f9aa9d	SDKGEN-PROJECTION-UNREPRESENTABLE-SCHEMA	sdkgen://source/openapi.yaml	/paths/~1repos~1{owner}~1{repo}~1git~1blobs/post/responses/422/content/application~1json/schema	Schema 'sdkgen://source/openapi.yaml#/paths/~1repos~1{owner}~1{repo}~1git~1blobs/post/responses/422/content/application~1json/schema' cannot be represented: oneOf branch sdkgen://source/openapi.yaml#/components/schemas/validation-error/properties/errors/items/properties/value uses unsupported ONE_OF composition	5400d267a553879b913e74d8e8138dbb096d79ca4ca0dfed2fb834548262a146	direct-one-of-unsupported-composition	github-schema-paths-repos-owner-repo-git-blobs-post-responses-422-content-application-json-schema	The response oneOf branch contains nested oneOf composition without an approved exact nested predicate; selecting a branch heuristically is forbidden.	sdkgen-maintainers	omit
schema	schema:InlineReposIssuesPatchResponse200JsonX155d8a1d	SDKGEN-PROJECTION-UNREPRESENTABLE-SCHEMA	sdkgen://source/openapi.yaml	/paths/~1repos~1{owner}~1{repo}~1issues~1{issue_number}/patch/responses/200/content/application~1json/schema	Schema 'sdkgen://source/openapi.yaml#/paths/~1repos~1{owner}~1{repo}~1issues~1{issue_number}/patch/responses/200/content/application~1json/schema' cannot be represented: schema sdkgen://source/openapi.yaml#/components/schemas/issue/properties/labels/items has no emitted declaration	1d28a9f6672cd1abfffe66f88cbf6303e8c52a9f4bc965fe0a44fa9a53104ac5	dependent-schema-closure	github-schema-paths-repos-owner-repo-issues-issue-number-patch-responses-200-content-application-json-schema	Fixed-point closure: schema:InlineReposIssuesPatchResponse200JsonX155d8a1d depends on schema sdkgen://source/openapi.yaml#/components/schemas/issue/properties/labels/items has no emitted declaration; omit this exact dependent schema rather than leave a dangling generated type reference.	sdkgen-maintainers	omit
schema	schema:InlineTimelineCrossReferencedEventSourceXeeeb1e79	SDKGEN-PROJECTION-UNREPRESENTABLE-SCHEMA	sdkgen://source/openapi.yaml	/components/schemas/timeline-cross-referenced-event/properties/source	Schema 'sdkgen://source/openapi.yaml#/components/schemas/timeline-cross-referenced-event/properties/source' cannot be represented: schema sdkgen://source/openapi.yaml#/components/schemas/issue has no emitted declaration	3b16caa2fb077ddd4850910cc656d8a8552d4343a85dfe7aa621c147326444cd	dependent-schema-closure	github-schema-components-schemas-timeline-cross-referenced-event-properties-source	Fixed-point closure: schema:InlineTimelineCrossReferencedEventSourceXeeeb1e79 depends on schema sdkgen://source/openapi.yaml#/components/schemas/issue has no emitted declaration; omit this exact dependent schema rather than leave a dangling generated type reference.	sdkgen-maintainers	omit
schema	schema:InlineWebhookForkForkeeX283959f4	SDKGEN-PROJECTION-UNREPRESENTABLE-SCHEMA	sdkgen://source/openapi.yaml	/components/schemas/webhook-fork/properties/forkee	Schema 'sdkgen://source/openapi.yaml#/components/schemas/webhook-fork/properties/forkee' cannot be represented: conflicting allOf property 'created_at'	4bb54cb98fe442406da718b5a667a73c663ed6b57ef094785d26176cc820a508	direct-all-of-conflict	github-schema-components-schemas-webhook-fork-properties-forkee	Source defines incompatible inherited contracts for 'created_at' at /components/schemas/webhook-fork/properties/forkee; choosing or weakening either field contract violates the approved projection invariants.	sdkgen-maintainers	omit
schema	schema:InlineWebhookIssueCommentCreatedIssueX267321ed	SDKGEN-PROJECTION-UNREPRESENTABLE-SCHEMA	sdkgen://source/openapi.yaml	/components/schemas/webhook-issue-comment-created/properties/issue	Schema 'sdkgen://source/openapi.yaml#/components/schemas/webhook-issue-comment-created/properties/issue' cannot be represented: conflicting allOf property 'active_lock_reason'	098be19efde262a1e465abcd51660664d862dc47b4780ecdd2b9a64a4faf6a33	direct-all-of-conflict	github-schema-components-schemas-webhook-issue-comment-created-properties-issue	Source defines incompatible inherited contracts for 'active_lock_reason' at /components/schemas/webhook-issue-comment-created/properties/issue; choosing or weakening either field contract violates the approved projection invariants.	sdkgen-maintainers	omit
schema	schema:InlineWebhookIssueCommentDeletedIssueXf7c07038	SDKGEN-PROJECTION-UNREPRESENTABLE-SCHEMA	sdkgen://source/openapi.yaml	/components/schemas/webhook-issue-comment-deleted/properties/issue	Schema 'sdkgen://source/openapi.yaml#/components/schemas/webhook-issue-comment-deleted/properties/issue' cannot be represented: conflicting allOf property 'active_lock_reason'	3cc8bf9c6b10b7dd0a676500b38af3625517732ac645792e7e729c2d62684f04	direct-all-of-conflict	github-schema-components-schemas-webhook-issue-comment-deleted-properties-issue	Source defines incompatible inherited contracts for 'active_lock_reason' at /components/schemas/webhook-issue-comment-deleted/properties/issue; choosing or weakening either field contract violates the approved projection invariants.	sdkgen-maintainers	omit
schema	schema:InlineWebhookIssueCommentEditedIssueX5e8f0c96	SDKGEN-PROJECTION-UNREPRESENTABLE-SCHEMA	sdkgen://source/openapi.yaml	/components/schemas/webhook-issue-comment-edited/properties/issue	Schema 'sdkgen://source/openapi.yaml#/components/schemas/webhook-issue-comment-edited/properties/issue' cannot be represented: conflicting allOf property 'active_lock_reason'	7486e5d62928c2752b74ed3065a4fe104542bc8f4f5524e334338a513380b4e2	direct-all-of-conflict	github-schema-components-schemas-webhook-issue-comment-edited-properties-issue	Source defines incompatible inherited contracts for 'active_lock_reason' at /components/schemas/webhook-issue-comment-edited/properties/issue; choosing or weakening either field contract violates the approved projection invariants.	sdkgen-maintainers	omit
schema	schema:InlineWebhookIssueCommentPinnedIssueX3266f8ad	SDKGEN-PROJECTION-UNREPRESENTABLE-SCHEMA	sdkgen://source/openapi.yaml	/components/schemas/webhook-issue-comment-pinned/properties/issue	Schema 'sdkgen://source/openapi.yaml#/components/schemas/webhook-issue-comment-pinned/properties/issue' cannot be represented: conflicting allOf property 'active_lock_reason'	cbcffa6411308d5a3a571f4bae7e252f9aa5e97338aa6137e21796d1baf6fba2	direct-all-of-conflict	github-schema-components-schemas-webhook-issue-comment-pinned-properties-issue	Source defines incompatible inherited contracts for 'active_lock_reason' at /components/schemas/webhook-issue-comment-pinned/properties/issue; choosing or weakening either field contract violates the approved projection invariants.	sdkgen-maintainers	omit
schema	schema:InlineWebhookIssueCommentUnpinnedIssueX27f60fbb	SDKGEN-PROJECTION-UNREPRESENTABLE-SCHEMA	sdkgen://source/openapi.yaml	/components/schemas/webhook-issue-comment-unpinned/properties/issue	Schema 'sdkgen://source/openapi.yaml#/components/schemas/webhook-issue-comment-unpinned/properties/issue' cannot be represented: conflicting allOf property 'active_lock_reason'	a1da1b4873aedf4d4bc774073d16dec394fc467be806089badcebc2384b241fd	direct-all-of-conflict	github-schema-components-schemas-webhook-issue-comment-unpinned-properties-issue	Source defines incompatible inherited contracts for 'active_lock_reason' at /components/schemas/webhook-issue-comment-unpinned/properties/issue; choosing or weakening either field contract violates the approved projection invariants.	sdkgen-maintainers	omit
schema	schema:InlineWebhookIssuesClosedIssueX5c7438fd	SDKGEN-PROJECTION-UNREPRESENTABLE-SCHEMA	sdkgen://source/openapi.yaml	/components/schemas/webhook-issues-closed/properties/issue	Schema 'sdkgen://source/openapi.yaml#/components/schemas/webhook-issues-closed/properties/issue' cannot be represented: conflicting allOf property 'active_lock_reason'	53ba4ae653cb9ff51527107998236c88ceedcb8d735957c7c220adc732bd4c18	direct-all-of-conflict	github-schema-components-schemas-webhook-issues-closed-properties-issue	Source defines incompatible inherited contracts for 'active_lock_reason' at /components/schemas/webhook-issues-closed/properties/issue; choosing or weakening either field contract violates the approved projection invariants.	sdkgen-maintainers	omit
schema	schema:InlineWebhookProjectCardMovedProjectCardX3c6b4807	SDKGEN-PROJECTION-UNREPRESENTABLE-SCHEMA	sdkgen://source/openapi.yaml	/components/schemas/webhook-project-card-moved/properties/project_card	Schema 'sdkgen://source/openapi.yaml#/components/schemas/webhook-project-card-moved/properties/project_card' cannot be represented: conflicting allOf property 'after_id'	59416630e00004c2761a582bd94308700100f2c9f737ddf062beeeccc4f6821a	direct-all-of-conflict	github-schema-components-schemas-webhook-project-card-moved-properties-project-card	Source defines incompatible inherited contracts for 'after_id' at /components/schemas/webhook-project-card-moved/properties/project_card; choosing or weakening either field contract violates the approved projection invariants.	sdkgen-maintainers	omit
schema	schema:InlineWebhookStatusCommitCommitAuthorX1b6ea08d	SDKGEN-PROJECTION-UNREPRESENTABLE-SCHEMA	sdkgen://source/openapi.yaml	/components/schemas/webhook-status/properties/commit/properties/commit/properties/author	Schema 'sdkgen://source/openapi.yaml#/components/schemas/webhook-status/properties/commit/properties/commit/properties/author' cannot be represented: conflicting allOf property 'email'	73d26c8f81c143f02bcf0cf11451d38f74d2f8bac1cbc0bbaddae22ceefb555e	direct-all-of-conflict	github-schema-components-schemas-webhook-status-properties-commit-properties-commit-properties-author	Source defines incompatible inherited contracts for 'email' at /components/schemas/webhook-status/properties/commit/properties/commit/properties/author; choosing or weakening either field contract violates the approved projection invariants.	sdkgen-maintainers	omit
schema	schema:InlineWebhookStatusCommitCommitCommitterX81eb2312	SDKGEN-PROJECTION-UNREPRESENTABLE-SCHEMA	sdkgen://source/openapi.yaml	/components/schemas/webhook-status/properties/commit/properties/commit/properties/committer	Schema 'sdkgen://source/openapi.yaml#/components/schemas/webhook-status/properties/commit/properties/commit/properties/committer' cannot be represented: conflicting allOf property 'email'	2d08b9639fff2b6b7e980ca806729bd394773e4cab1f57dc1058e8038e2f6d7a	direct-all-of-conflict	github-schema-components-schemas-webhook-status-properties-commit-properties-commit-properties-committer	Source defines incompatible inherited contracts for 'email' at /components/schemas/webhook-status/properties/commit/properties/commit/properties/committer; choosing or weakening either field contract violates the approved projection invariants.	sdkgen-maintainers	omit
schema	schema:InlineWebhookStatusCommitCommitXecc05d32	SDKGEN-PROJECTION-UNREPRESENTABLE-SCHEMA	sdkgen://source/openapi.yaml	/components/schemas/webhook-status/properties/commit/properties/commit	Schema 'sdkgen://source/openapi.yaml#/components/schemas/webhook-status/properties/commit/properties/commit' cannot be represented: schema sdkgen://source/openapi.yaml#/components/schemas/webhook-status/properties/commit/properties/commit/properties/author has no emitted declaration	01bec09f1ce2969536f30cb37c37bfe83c3a0a7cd065ffb44031b2c7005ff1cf	dependent-schema-closure	github-schema-components-schemas-webhook-status-properties-commit-properties-commit	Fixed-point closure: schema:InlineWebhookStatusCommitCommitXecc05d32 depends on schema sdkgen://source/openapi.yaml#/components/schemas/webhook-status/properties/commit/properties/commit/properties/author has no emitted declaration; omit this exact dependent schema rather than leave a dangling generated type reference.	sdkgen-maintainers	omit
schema	schema:InlineWebhookStatusCommitXc4923e06	SDKGEN-PROJECTION-UNREPRESENTABLE-SCHEMA	sdkgen://source/openapi.yaml	/components/schemas/webhook-status/properties/commit	Schema 'sdkgen://source/openapi.yaml#/components/schemas/webhook-status/properties/commit' cannot be represented: schema sdkgen://source/openapi.yaml#/components/schemas/webhook-status/properties/commit/properties/commit has no emitted declaration	d6e39dc57e061b0f70978dd35b44767dad7842a8780aaaefc078e14f0470c9b0	dependent-schema-closure	github-schema-components-schemas-webhook-status-properties-commit	Fixed-point closure: schema:InlineWebhookStatusCommitXc4923e06 depends on schema sdkgen://source/openapi.yaml#/components/schemas/webhook-status/properties/commit/properties/commit has no emitted declaration; omit this exact dependent schema rather than leave a dangling generated type reference.	sdkgen-maintainers	omit
schema	schema:InlineWebhookWorkflowJobCompletedWorkflowJobX4bb7b97d	SDKGEN-PROJECTION-UNREPRESENTABLE-SCHEMA	sdkgen://source/openapi.yaml	/components/schemas/webhook-workflow-job-completed/properties/workflow_job	Schema 'sdkgen://source/openapi.yaml#/components/schemas/webhook-workflow-job-completed/properties/workflow_job' cannot be represented: conflicting allOf property 'completed_at'	3d18d8caacbf6d0c670136397610775a7248cbc8872a6417c9c36097c648fe4f	direct-all-of-conflict	github-schema-components-schemas-webhook-workflow-job-completed-properties-workflow-job	Source defines incompatible inherited contracts for 'completed_at' at /components/schemas/webhook-workflow-job-completed/properties/workflow_job; choosing or weakening either field contract violates the approved projection invariants.	sdkgen-maintainers	omit
schema	schema:InlineWebhookWorkflowJobInProgressWorkflowJobX7108d3c9	SDKGEN-PROJECTION-UNREPRESENTABLE-SCHEMA	sdkgen://source/openapi.yaml	/components/schemas/webhook-workflow-job-in-progress/properties/workflow_job	Schema 'sdkgen://source/openapi.yaml#/components/schemas/webhook-workflow-job-in-progress/properties/workflow_job' cannot be represented: conflicting allOf property 'conclusion'	a70cb69b2dd759ec27e156c6c98e52ee22dacee7a990bf4a6bdcd01b8696f56e	direct-all-of-conflict	github-schema-components-schemas-webhook-workflow-job-in-progress-properties-workflow-job	Source defines incompatible inherited contracts for 'conclusion' at /components/schemas/webhook-workflow-job-in-progress/properties/workflow_job; choosing or weakening either field contract violates the approved projection invariants.	sdkgen-maintainers	omit
schema	schema:Issue	SDKGEN-PROJECTION-UNREPRESENTABLE-SCHEMA	sdkgen://source/openapi.yaml	/components/schemas/issue	Schema 'sdkgen://source/openapi.yaml#/components/schemas/issue' cannot be represented: schema sdkgen://source/openapi.yaml#/components/schemas/issue/properties/labels/items has no emitted declaration	317c542af677661e5600c174974fe1c3b080a577d305c5cde9ace4dee38dad83	dependent-schema-closure	github-schema-components-schemas-issue	Fixed-point closure: schema:Issue depends on schema sdkgen://source/openapi.yaml#/components/schemas/issue/properties/labels/items has no emitted declaration; omit this exact dependent schema rather than leave a dangling generated type reference.	sdkgen-maintainers	omit
schema	schema:IssueCommentEvent	SDKGEN-PROJECTION-UNREPRESENTABLE-SCHEMA	sdkgen://source/openapi.yaml	/components/schemas/issue-comment-event	Schema 'sdkgen://source/openapi.yaml#/components/schemas/issue-comment-event' cannot be represented: schema sdkgen://source/openapi.yaml#/components/schemas/issue has no emitted declaration	ebe10f644fb49a1347020281b6e005534ed7aa1fe45d3227c9e0a85ab4cd6cd7	dependent-schema-closure	github-schema-components-schemas-issue-comment-event	Fixed-point closure: schema:IssueCommentEvent depends on schema sdkgen://source/openapi.yaml#/components/schemas/issue has no emitted declaration; omit this exact dependent schema rather than leave a dangling generated type reference.	sdkgen-maintainers	omit
schema	schema:IssueEvent	SDKGEN-PROJECTION-UNREPRESENTABLE-SCHEMA	sdkgen://source/openapi.yaml	/components/schemas/issue-event	Schema 'sdkgen://source/openapi.yaml#/components/schemas/issue-event' cannot be represented: schema sdkgen://source/openapi.yaml#/components/schemas/nullable-issue has no emitted declaration	b09418484b1453435a6d7706716f5931836bfd913b41d2f6ab4f08f0bcd8c13b	dependent-schema-closure	github-schema-components-schemas-issue-event	Fixed-point closure: schema:IssueEvent depends on schema sdkgen://source/openapi.yaml#/components/schemas/nullable-issue has no emitted declaration; omit this exact dependent schema rather than leave a dangling generated type reference.	sdkgen-maintainers	omit
schema	schema:IssuesEvent	SDKGEN-PROJECTION-UNREPRESENTABLE-SCHEMA	sdkgen://source/openapi.yaml	/components/schemas/issues-event	Schema 'sdkgen://source/openapi.yaml#/components/schemas/issues-event' cannot be represented: schema sdkgen://source/openapi.yaml#/components/schemas/issue has no emitted declaration	f6c5eaaa91569c015d285fd57b263e21f373200440cbdf250e307f76f545e7f3	dependent-schema-closure	github-schema-components-schemas-issues-event	Fixed-point closure: schema:IssuesEvent depends on schema sdkgen://source/openapi.yaml#/components/schemas/issue has no emitted declaration; omit this exact dependent schema rather than leave a dangling generated type reference.	sdkgen-maintainers	omit
schema	schema:NullableIssue	SDKGEN-PROJECTION-UNREPRESENTABLE-SCHEMA	sdkgen://source/openapi.yaml	/components/schemas/nullable-issue	Schema 'sdkgen://source/openapi.yaml#/components/schemas/nullable-issue' cannot be represented: schema sdkgen://source/openapi.yaml#/components/schemas/nullable-issue/properties/labels/items has no emitted declaration	192babe75b471bf087059335f0ec0aeee909b85de3b66a10873ef8d7cf42c5a3	dependent-schema-closure	github-schema-components-schemas-nullable-issue	Fixed-point closure: schema:NullableIssue depends on schema sdkgen://source/openapi.yaml#/components/schemas/nullable-issue/properties/labels/items has no emitted declaration; omit this exact dependent schema rather than leave a dangling generated type reference.	sdkgen-maintainers	omit
schema	schema:ProjectsV2ItemSimple	SDKGEN-PROJECTION-UNREPRESENTABLE-SCHEMA	sdkgen://source/openapi.yaml	/components/schemas/projects-v2-item-simple	Schema 'sdkgen://source/openapi.yaml#/components/schemas/projects-v2-item-simple' cannot be represented: schema sdkgen://source/openapi.yaml#/components/schemas/projects-v2-item-simple/properties/content has no emitted declaration	7b7fbf8effc06d7242cf7c483ab54efb22e3add7f9d189dbebe1e3bc21b608cc	dependent-schema-closure	github-schema-components-schemas-projects-v2-item-simple	Fixed-point closure: schema:ProjectsV2ItemSimple depends on schema sdkgen://source/openapi.yaml#/components/schemas/projects-v2-item-simple/properties/content has no emitted declaration; omit this exact dependent schema rather than leave a dangling generated type reference.	sdkgen-maintainers	omit
schema	schema:TimelineCrossReferencedEvent	SDKGEN-PROJECTION-UNREPRESENTABLE-SCHEMA	sdkgen://source/openapi.yaml	/components/schemas/timeline-cross-referenced-event	Schema 'sdkgen://source/openapi.yaml#/components/schemas/timeline-cross-referenced-event' cannot be represented: schema sdkgen://source/openapi.yaml#/components/schemas/timeline-cross-referenced-event/properties/source has no emitted declaration	5b493830c121152a0ffd0bde00b8bbd1d02187e0e85c1837bc2348a504bc7dbe	dependent-schema-closure	github-schema-components-schemas-timeline-cross-referenced-event	Fixed-point closure: schema:TimelineCrossReferencedEvent depends on schema sdkgen://source/openapi.yaml#/components/schemas/timeline-cross-referenced-event/properties/source has no emitted declaration; omit this exact dependent schema rather than leave a dangling generated type reference.	sdkgen-maintainers	omit
schema	schema:TimelineIssueEvents	SDKGEN-PROJECTION-UNREPRESENTABLE-SCHEMA	sdkgen://source/openapi.yaml	/components/schemas/timeline-issue-events	Schema 'sdkgen://source/openapi.yaml#/components/schemas/timeline-issue-events' cannot be represented: schema sdkgen://source/openapi.yaml#/components/schemas/timeline-cross-referenced-event/properties/source has no emitted declaration	5dfa767b1905f339916d2414bceaa30ae54f080350c79af1cf9bde0f8e765c84	dependent-schema-closure	github-schema-components-schemas-timeline-issue-events	Fixed-point closure: schema:TimelineIssueEvents depends on schema sdkgen://source/openapi.yaml#/components/schemas/timeline-cross-referenced-event/properties/source has no emitted declaration; omit this exact dependent schema rather than leave a dangling generated type reference.	sdkgen-maintainers	omit
schema	schema:WebhookFork	SDKGEN-PROJECTION-UNREPRESENTABLE-SCHEMA	sdkgen://source/openapi.yaml	/components/schemas/webhook-fork	Schema 'sdkgen://source/openapi.yaml#/components/schemas/webhook-fork' cannot be represented: schema sdkgen://source/openapi.yaml#/components/schemas/webhook-fork/properties/forkee has no emitted declaration	38bd2ebe7b49dfad95cb5f8f013b1a8c528a97dfc681a1eadb8650f64c2711cf	dependent-schema-closure	github-schema-components-schemas-webhook-fork	Fixed-point closure: schema:WebhookFork depends on schema sdkgen://source/openapi.yaml#/components/schemas/webhook-fork/properties/forkee has no emitted declaration; omit this exact dependent schema rather than leave a dangling generated type reference.	sdkgen-maintainers	omit
schema	schema:WebhookIssueCommentCreated	SDKGEN-PROJECTION-UNREPRESENTABLE-SCHEMA	sdkgen://source/openapi.yaml	/components/schemas/webhook-issue-comment-created	Schema 'sdkgen://source/openapi.yaml#/components/schemas/webhook-issue-comment-created' cannot be represented: schema sdkgen://source/openapi.yaml#/components/schemas/webhook-issue-comment-created/properties/issue has no emitted declaration	c4b39b154adffc4e838e274bdf8f00870593a72d719a2cbdfab65faf553672c5	dependent-schema-closure	github-schema-components-schemas-webhook-issue-comment-created	Fixed-point closure: schema:WebhookIssueCommentCreated depends on schema sdkgen://source/openapi.yaml#/components/schemas/webhook-issue-comment-created/properties/issue has no emitted declaration; omit this exact dependent schema rather than leave a dangling generated type reference.	sdkgen-maintainers	omit
schema	schema:WebhookIssueCommentDeleted	SDKGEN-PROJECTION-UNREPRESENTABLE-SCHEMA	sdkgen://source/openapi.yaml	/components/schemas/webhook-issue-comment-deleted	Schema 'sdkgen://source/openapi.yaml#/components/schemas/webhook-issue-comment-deleted' cannot be represented: schema sdkgen://source/openapi.yaml#/components/schemas/webhook-issue-comment-deleted/properties/issue has no emitted declaration	e11390b4f716322e8f35de3985eb904e7819c6b1f025073824d48c2a73bb8583	dependent-schema-closure	github-schema-components-schemas-webhook-issue-comment-deleted	Fixed-point closure: schema:WebhookIssueCommentDeleted depends on schema sdkgen://source/openapi.yaml#/components/schemas/webhook-issue-comment-deleted/properties/issue has no emitted declaration; omit this exact dependent schema rather than leave a dangling generated type reference.	sdkgen-maintainers	omit
schema	schema:WebhookIssueCommentEdited	SDKGEN-PROJECTION-UNREPRESENTABLE-SCHEMA	sdkgen://source/openapi.yaml	/components/schemas/webhook-issue-comment-edited	Schema 'sdkgen://source/openapi.yaml#/components/schemas/webhook-issue-comment-edited' cannot be represented: schema sdkgen://source/openapi.yaml#/components/schemas/webhook-issue-comment-edited/properties/issue has no emitted declaration	f880696fac75e1f9dfc19252025ca8ecc416215e659c01e2b4fa2ab7e4237237	dependent-schema-closure	github-schema-components-schemas-webhook-issue-comment-edited	Fixed-point closure: schema:WebhookIssueCommentEdited depends on schema sdkgen://source/openapi.yaml#/components/schemas/webhook-issue-comment-edited/properties/issue has no emitted declaration; omit this exact dependent schema rather than leave a dangling generated type reference.	sdkgen-maintainers	omit
schema	schema:WebhookIssueCommentPinned	SDKGEN-PROJECTION-UNREPRESENTABLE-SCHEMA	sdkgen://source/openapi.yaml	/components/schemas/webhook-issue-comment-pinned	Schema 'sdkgen://source/openapi.yaml#/components/schemas/webhook-issue-comment-pinned' cannot be represented: schema sdkgen://source/openapi.yaml#/components/schemas/webhook-issue-comment-pinned/properties/issue has no emitted declaration	506155a6361f7719144edca2f76e2ad4a5725c1b2eda35cc2d9a7f785b645823	dependent-schema-closure	github-schema-components-schemas-webhook-issue-comment-pinned	Fixed-point closure: schema:WebhookIssueCommentPinned depends on schema sdkgen://source/openapi.yaml#/components/schemas/webhook-issue-comment-pinned/properties/issue has no emitted declaration; omit this exact dependent schema rather than leave a dangling generated type reference.	sdkgen-maintainers	omit
schema	schema:WebhookIssueCommentUnpinned	SDKGEN-PROJECTION-UNREPRESENTABLE-SCHEMA	sdkgen://source/openapi.yaml	/components/schemas/webhook-issue-comment-unpinned	Schema 'sdkgen://source/openapi.yaml#/components/schemas/webhook-issue-comment-unpinned' cannot be represented: schema sdkgen://source/openapi.yaml#/components/schemas/webhook-issue-comment-unpinned/properties/issue has no emitted declaration	58083540d7a1011b1e904f81743acb05cc46bdb1abefedf782cc3d10d8e71757	dependent-schema-closure	github-schema-components-schemas-webhook-issue-comment-unpinned	Fixed-point closure: schema:WebhookIssueCommentUnpinned depends on schema sdkgen://source/openapi.yaml#/components/schemas/webhook-issue-comment-unpinned/properties/issue has no emitted declaration; omit this exact dependent schema rather than leave a dangling generated type reference.	sdkgen-maintainers	omit
schema	schema:WebhookIssueDependenciesBlockedByAdded	SDKGEN-PROJECTION-UNREPRESENTABLE-SCHEMA	sdkgen://source/openapi.yaml	/components/schemas/webhook-issue-dependencies-blocked-by-added	Schema 'sdkgen://source/openapi.yaml#/components/schemas/webhook-issue-dependencies-blocked-by-added' cannot be represented: schema sdkgen://source/openapi.yaml#/components/schemas/issue has no emitted declaration	c000060b28717d59206574ec40d23ef946f7ea76f9a14225063535fa3d0592fc	dependent-schema-closure	github-schema-components-schemas-webhook-issue-dependencies-blocked-by-added	Fixed-point closure: schema:WebhookIssueDependenciesBlockedByAdded depends on schema sdkgen://source/openapi.yaml#/components/schemas/issue has no emitted declaration; omit this exact dependent schema rather than leave a dangling generated type reference.	sdkgen-maintainers	omit
schema	schema:WebhookIssueDependenciesBlockedByRemoved	SDKGEN-PROJECTION-UNREPRESENTABLE-SCHEMA	sdkgen://source/openapi.yaml	/components/schemas/webhook-issue-dependencies-blocked-by-removed	Schema 'sdkgen://source/openapi.yaml#/components/schemas/webhook-issue-dependencies-blocked-by-removed' cannot be represented: schema sdkgen://source/openapi.yaml#/components/schemas/issue has no emitted declaration	45800a33bc77c9ddf7c15a3893a45d45f784b70cf820f72684c0a0e0831f2f37	dependent-schema-closure	github-schema-components-schemas-webhook-issue-dependencies-blocked-by-removed	Fixed-point closure: schema:WebhookIssueDependenciesBlockedByRemoved depends on schema sdkgen://source/openapi.yaml#/components/schemas/issue has no emitted declaration; omit this exact dependent schema rather than leave a dangling generated type reference.	sdkgen-maintainers	omit
schema	schema:WebhookIssueDependenciesBlockingAdded	SDKGEN-PROJECTION-UNREPRESENTABLE-SCHEMA	sdkgen://source/openapi.yaml	/components/schemas/webhook-issue-dependencies-blocking-added	Schema 'sdkgen://source/openapi.yaml#/components/schemas/webhook-issue-dependencies-blocking-added' cannot be represented: schema sdkgen://source/openapi.yaml#/components/schemas/issue has no emitted declaration	abc80549545baab805b32612fe90cf23b24a0eb4172c877f4dcf50ab3feb21b8	dependent-schema-closure	github-schema-components-schemas-webhook-issue-dependencies-blocking-added	Fixed-point closure: schema:WebhookIssueDependenciesBlockingAdded depends on schema sdkgen://source/openapi.yaml#/components/schemas/issue has no emitted declaration; omit this exact dependent schema rather than leave a dangling generated type reference.	sdkgen-maintainers	omit
schema	schema:WebhookIssueDependenciesBlockingRemoved	SDKGEN-PROJECTION-UNREPRESENTABLE-SCHEMA	sdkgen://source/openapi.yaml	/components/schemas/webhook-issue-dependencies-blocking-removed	Schema 'sdkgen://source/openapi.yaml#/components/schemas/webhook-issue-dependencies-blocking-removed' cannot be represented: schema sdkgen://source/openapi.yaml#/components/schemas/issue has no emitted declaration	633eea0268efed6f8b529f99b40c62420d0ab7b4ec36a81c5e4d6302c75cadfb	dependent-schema-closure	github-schema-components-schemas-webhook-issue-dependencies-blocking-removed	Fixed-point closure: schema:WebhookIssueDependenciesBlockingRemoved depends on schema sdkgen://source/openapi.yaml#/components/schemas/issue has no emitted declaration; omit this exact dependent schema rather than leave a dangling generated type reference.	sdkgen-maintainers	omit
schema	schema:WebhookIssuesClosed	SDKGEN-PROJECTION-UNREPRESENTABLE-SCHEMA	sdkgen://source/openapi.yaml	/components/schemas/webhook-issues-closed	Schema 'sdkgen://source/openapi.yaml#/components/schemas/webhook-issues-closed' cannot be represented: schema sdkgen://source/openapi.yaml#/components/schemas/webhook-issues-closed/properties/issue has no emitted declaration	7c2cdf0a557765e30612eb95eeb2272181ab7ce8df355672b3392291ca1b6309	dependent-schema-closure	github-schema-components-schemas-webhook-issues-closed	Fixed-point closure: schema:WebhookIssuesClosed depends on schema sdkgen://source/openapi.yaml#/components/schemas/webhook-issues-closed/properties/issue has no emitted declaration; omit this exact dependent schema rather than leave a dangling generated type reference.	sdkgen-maintainers	omit
schema	schema:WebhookProjectCardMoved	SDKGEN-PROJECTION-UNREPRESENTABLE-SCHEMA	sdkgen://source/openapi.yaml	/components/schemas/webhook-project-card-moved	Schema 'sdkgen://source/openapi.yaml#/components/schemas/webhook-project-card-moved' cannot be represented: schema sdkgen://source/openapi.yaml#/components/schemas/webhook-project-card-moved/properties/project_card has no emitted declaration	1d077db133f06199229328ac2dabf51b6e405d2b4840887f9cc133a2f39b6500	dependent-schema-closure	github-schema-components-schemas-webhook-project-card-moved	Fixed-point closure: schema:WebhookProjectCardMoved depends on schema sdkgen://source/openapi.yaml#/components/schemas/webhook-project-card-moved/properties/project_card has no emitted declaration; omit this exact dependent schema rather than leave a dangling generated type reference.	sdkgen-maintainers	omit
schema	schema:WebhookStatus	SDKGEN-PROJECTION-UNREPRESENTABLE-SCHEMA	sdkgen://source/openapi.yaml	/components/schemas/webhook-status	Schema 'sdkgen://source/openapi.yaml#/components/schemas/webhook-status' cannot be represented: schema sdkgen://source/openapi.yaml#/components/schemas/webhook-status/properties/commit has no emitted declaration	3a79bfaa6e9a898a0b4a26bacd3066b41c5ce42bf1f372859ffc40aedb7f103c	dependent-schema-closure	github-schema-components-schemas-webhook-status	Fixed-point closure: schema:WebhookStatus depends on schema sdkgen://source/openapi.yaml#/components/schemas/webhook-status/properties/commit has no emitted declaration; omit this exact dependent schema rather than leave a dangling generated type reference.	sdkgen-maintainers	omit
schema	schema:WebhookSubIssuesParentIssueAdded	SDKGEN-PROJECTION-UNREPRESENTABLE-SCHEMA	sdkgen://source/openapi.yaml	/components/schemas/webhook-sub-issues-parent-issue-added	Schema 'sdkgen://source/openapi.yaml#/components/schemas/webhook-sub-issues-parent-issue-added' cannot be represented: schema sdkgen://source/openapi.yaml#/components/schemas/issue has no emitted declaration	8dcf9fb0f13743317a947bc0f27a3214fe0719efcd91578c366a0d72c4ff5de7	dependent-schema-closure	github-schema-components-schemas-webhook-sub-issues-parent-issue-added	Fixed-point closure: schema:WebhookSubIssuesParentIssueAdded depends on schema sdkgen://source/openapi.yaml#/components/schemas/issue has no emitted declaration; omit this exact dependent schema rather than leave a dangling generated type reference.	sdkgen-maintainers	omit
schema	schema:WebhookSubIssuesParentIssueRemoved	SDKGEN-PROJECTION-UNREPRESENTABLE-SCHEMA	sdkgen://source/openapi.yaml	/components/schemas/webhook-sub-issues-parent-issue-removed	Schema 'sdkgen://source/openapi.yaml#/components/schemas/webhook-sub-issues-parent-issue-removed' cannot be represented: schema sdkgen://source/openapi.yaml#/components/schemas/issue has no emitted declaration	52cffe1447a90052cf3d852b2442ff7e0128d6d01a22a80abe6e44629de0422d	dependent-schema-closure	github-schema-components-schemas-webhook-sub-issues-parent-issue-removed	Fixed-point closure: schema:WebhookSubIssuesParentIssueRemoved depends on schema sdkgen://source/openapi.yaml#/components/schemas/issue has no emitted declaration; omit this exact dependent schema rather than leave a dangling generated type reference.	sdkgen-maintainers	omit
schema	schema:WebhookSubIssuesSubIssueAdded	SDKGEN-PROJECTION-UNREPRESENTABLE-SCHEMA	sdkgen://source/openapi.yaml	/components/schemas/webhook-sub-issues-sub-issue-added	Schema 'sdkgen://source/openapi.yaml#/components/schemas/webhook-sub-issues-sub-issue-added' cannot be represented: schema sdkgen://source/openapi.yaml#/components/schemas/issue has no emitted declaration	5984f389ee24da2a7c09298f4a625834560011153f6c1dd524cd0bf2e963c223	dependent-schema-closure	github-schema-components-schemas-webhook-sub-issues-sub-issue-added	Fixed-point closure: schema:WebhookSubIssuesSubIssueAdded depends on schema sdkgen://source/openapi.yaml#/components/schemas/issue has no emitted declaration; omit this exact dependent schema rather than leave a dangling generated type reference.	sdkgen-maintainers	omit
schema	schema:WebhookSubIssuesSubIssueRemoved	SDKGEN-PROJECTION-UNREPRESENTABLE-SCHEMA	sdkgen://source/openapi.yaml	/components/schemas/webhook-sub-issues-sub-issue-removed	Schema 'sdkgen://source/openapi.yaml#/components/schemas/webhook-sub-issues-sub-issue-removed' cannot be represented: schema sdkgen://source/openapi.yaml#/components/schemas/issue has no emitted declaration	235b6543309097c4a24cb0289a2233cd5d96d97fdabe925b7b34ff5c3095f5bf	dependent-schema-closure	github-schema-components-schemas-webhook-sub-issues-sub-issue-removed	Fixed-point closure: schema:WebhookSubIssuesSubIssueRemoved depends on schema sdkgen://source/openapi.yaml#/components/schemas/issue has no emitted declaration; omit this exact dependent schema rather than leave a dangling generated type reference.	sdkgen-maintainers	omit
schema	schema:WebhookWorkflowJobCompleted	SDKGEN-PROJECTION-UNREPRESENTABLE-SCHEMA	sdkgen://source/openapi.yaml	/components/schemas/webhook-workflow-job-completed	Schema 'sdkgen://source/openapi.yaml#/components/schemas/webhook-workflow-job-completed' cannot be represented: schema sdkgen://source/openapi.yaml#/components/schemas/webhook-workflow-job-completed/properties/workflow_job has no emitted declaration	83116888e1d44f36000ad717c5138fa51cb4e0ff5998f15ec8664c2e3ab89015	dependent-schema-closure	github-schema-components-schemas-webhook-workflow-job-completed	Fixed-point closure: schema:WebhookWorkflowJobCompleted depends on schema sdkgen://source/openapi.yaml#/components/schemas/webhook-workflow-job-completed/properties/workflow_job has no emitted declaration; omit this exact dependent schema rather than leave a dangling generated type reference.	sdkgen-maintainers	omit
schema	schema:WebhookWorkflowJobInProgress	SDKGEN-PROJECTION-UNREPRESENTABLE-SCHEMA	sdkgen://source/openapi.yaml	/components/schemas/webhook-workflow-job-in-progress	Schema 'sdkgen://source/openapi.yaml#/components/schemas/webhook-workflow-job-in-progress' cannot be represented: schema sdkgen://source/openapi.yaml#/components/schemas/webhook-workflow-job-in-progress/properties/workflow_job has no emitted declaration	bf6d77e74c1f6e62201ca5cf109e0ff065968c09091e3d7d05e0203174356188	dependent-schema-closure	github-schema-components-schemas-webhook-workflow-job-in-progress	Fixed-point closure: schema:WebhookWorkflowJobInProgress depends on schema sdkgen://source/openapi.yaml#/components/schemas/webhook-workflow-job-in-progress/properties/workflow_job has no emitted declaration; omit this exact dependent schema rather than leave a dangling generated type reference.	sdkgen-maintainers	omit
operation	operation:pulls/create	SDKGEN-PROJECTION-UNREPRESENTABLE-OPERATION	sdkgen://source/openapi.yaml	/paths/~1repos~1{owner}~1{repo}~1pulls/post	Operation 'pulls/create' cannot be represented: schema sdkgen://source/openapi.yaml#/components/schemas/pull-request has no emitted declaration	e63f852514b03ffe67cf0fb2751259b55e5e5b675d3abaf75fa2121eed59128e	dependent-operation-closure	github-operation-paths-1repos-1-owner-1-repo-1pulls-post	Fixed-point closure: operation:pulls/create depends on schema sdkgen://source/openapi.yaml#/components/schemas/pull-request has no emitted declaration; omit this exact dependent declaration rather than leave a dangling generated type reference.	sdkgen-maintainers	omit
operation	operation:pulls/get	SDKGEN-PROJECTION-UNREPRESENTABLE-OPERATION	sdkgen://source/openapi.yaml	/paths/~1repos~1{owner}~1{repo}~1pulls~1{pull_number}/get	Operation 'pulls/get' cannot be represented: schema sdkgen://source/openapi.yaml#/components/schemas/pull-request has no emitted declaration	28bab9da48dd6d42c68845bb2f7c954e151dd1ba64beb16950c376341390323d	dependent-operation-closure	github-operation-paths-1repos-1-owner-1-repo-1pulls-1-pull-number-get	Fixed-point closure: operation:pulls/get depends on schema sdkgen://source/openapi.yaml#/components/schemas/pull-request has no emitted declaration; omit this exact dependent declaration rather than leave a dangling generated type reference.	sdkgen-maintainers	omit
operation	operation:pulls/update	SDKGEN-PROJECTION-UNREPRESENTABLE-OPERATION	sdkgen://source/openapi.yaml	/paths/~1repos~1{owner}~1{repo}~1pulls~1{pull_number}/patch	Operation 'pulls/update' cannot be represented: schema sdkgen://source/openapi.yaml#/components/schemas/pull-request has no emitted declaration	22673ba9c73dc714a94e38b01c13545dea4dcab0b95fd2bac20d0e5eba89b803	dependent-operation-closure	github-operation-paths-1repos-1-owner-1-repo-1pulls-1-pull-number-patch	Fixed-point closure: operation:pulls/update depends on schema sdkgen://source/openapi.yaml#/components/schemas/pull-request has no emitted declaration; omit this exact dependent declaration rather than leave a dangling generated type reference.	sdkgen-maintainers	omit
schema	schema:InlineWebhookPullRequestAssignedPullRequestXd4accc8e	SDKGEN-PROJECTION-UNREPRESENTABLE-SCHEMA	sdkgen://source/openapi.yaml	/components/schemas/webhook-pull-request-assigned/properties/pull_request/properties/mergeable_state	Schema 'sdkgen://source/openapi.yaml#/components/schemas/webhook-pull-request-assigned/properties/pull_request' cannot be represented: generated field-state backing member 'mergeableState' for wire property 'mergeable' (KotlinTypeRef(packageName=kotlin, simpleName=Boolean, arguments=[], nullable=true), required=false, nullable=true) conflicts with Kotlin property 'mergeableState' for wire property 'mergeable_state' (KotlinTypeRef(packageName=kotlin, simpleName=String, arguments=[], nullable=false), required=false, nullable=false)	65894e714053558c1a6cb42d16bf704f12fc696e510515096c395be8cb6240a6	direct-field-state-kotlin-name-collision	github-schema-components-schemas-webhook-pull-request-assigned-properties-pull-request-properties-mergeable-state	The wire properties 'mergeable' (nullable Boolean) and 'mergeable_state' (String) normalize to a generated field-state backing member/property collision; choosing a name or weakening either wire contract would alter the SDK surface, so omit this exact schema.	sdkgen-maintainers	omit
schema	schema:InlineWebhookPullRequestAutoMergeDisabledPullRequestX08f1376e	SDKGEN-PROJECTION-UNREPRESENTABLE-SCHEMA	sdkgen://source/openapi.yaml	/components/schemas/webhook-pull-request-auto-merge-disabled/properties/pull_request/properties/mergeable_state	Schema 'sdkgen://source/openapi.yaml#/components/schemas/webhook-pull-request-auto-merge-disabled/properties/pull_request' cannot be represented: generated field-state backing member 'mergeableState' for wire property 'mergeable' (KotlinTypeRef(packageName=kotlin, simpleName=Boolean, arguments=[], nullable=true), required=false, nullable=true) conflicts with Kotlin property 'mergeableState' for wire property 'mergeable_state' (KotlinTypeRef(packageName=kotlin, simpleName=String, arguments=[], nullable=false), required=false, nullable=false)	07d45056b819671effa4bd5153fe23cd300e3ca57e7c3a71d91ac2702b982142	direct-field-state-kotlin-name-collision	github-schema-components-schemas-webhook-pull-request-auto-merge-disabled-properties-pull-request-properties-mergeable-state	The wire properties 'mergeable' (nullable Boolean) and 'mergeable_state' (String) normalize to a generated field-state backing member/property collision; choosing a name or weakening either wire contract would alter the SDK surface, so omit this exact schema.	sdkgen-maintainers	omit
schema	schema:InlineWebhookPullRequestAutoMergeEnabledPullRequestXbd6f8e3e	SDKGEN-PROJECTION-UNREPRESENTABLE-SCHEMA	sdkgen://source/openapi.yaml	/components/schemas/webhook-pull-request-auto-merge-enabled/properties/pull_request/properties/mergeable_state	Schema 'sdkgen://source/openapi.yaml#/components/schemas/webhook-pull-request-auto-merge-enabled/properties/pull_request' cannot be represented: generated field-state backing member 'mergeableState' for wire property 'mergeable' (KotlinTypeRef(packageName=kotlin, simpleName=Boolean, arguments=[], nullable=true), required=false, nullable=true) conflicts with Kotlin property 'mergeableState' for wire property 'mergeable_state' (KotlinTypeRef(packageName=kotlin, simpleName=String, arguments=[], nullable=false), required=false, nullable=false)	228bf2e0098bec803438f07bf7e1c219f27962654f401d197310cffa95b6ce35	direct-field-state-kotlin-name-collision	github-schema-components-schemas-webhook-pull-request-auto-merge-enabled-properties-pull-request-properties-mergeable-state	The wire properties 'mergeable' (nullable Boolean) and 'mergeable_state' (String) normalize to a generated field-state backing member/property collision; choosing a name or weakening either wire contract would alter the SDK surface, so omit this exact schema.	sdkgen-maintainers	omit
schema	schema:InlineWebhookPullRequestDequeuedPullRequestX2da48e24	SDKGEN-PROJECTION-UNREPRESENTABLE-SCHEMA	sdkgen://source/openapi.yaml	/components/schemas/webhook-pull-request-dequeued/properties/pull_request/properties/mergeable_state	Schema 'sdkgen://source/openapi.yaml#/components/schemas/webhook-pull-request-dequeued/properties/pull_request' cannot be represented: generated field-state backing member 'mergeableState' for wire property 'mergeable' (KotlinTypeRef(packageName=kotlin, simpleName=Boolean, arguments=[], nullable=true), required=false, nullable=true) conflicts with Kotlin property 'mergeableState' for wire property 'mergeable_state' (KotlinTypeRef(packageName=kotlin, simpleName=String, arguments=[], nullable=false), required=false, nullable=false)	625ba3fc1c0ac9a752f25c9cd49778d1eedbde42e7c19f6d20e97b2b3787871d	direct-field-state-kotlin-name-collision	github-schema-components-schemas-webhook-pull-request-dequeued-properties-pull-request-properties-mergeable-state	The wire properties 'mergeable' (nullable Boolean) and 'mergeable_state' (String) normalize to a generated field-state backing member/property collision; choosing a name or weakening either wire contract would alter the SDK surface, so omit this exact schema.	sdkgen-maintainers	omit
schema	schema:InlineWebhookPullRequestEnqueuedPullRequestX1c3e74aa	SDKGEN-PROJECTION-UNREPRESENTABLE-SCHEMA	sdkgen://source/openapi.yaml	/components/schemas/webhook-pull-request-enqueued/properties/pull_request/properties/mergeable_state	Schema 'sdkgen://source/openapi.yaml#/components/schemas/webhook-pull-request-enqueued/properties/pull_request' cannot be represented: generated field-state backing member 'mergeableState' for wire property 'mergeable' (KotlinTypeRef(packageName=kotlin, simpleName=Boolean, arguments=[], nullable=true), required=false, nullable=true) conflicts with Kotlin property 'mergeableState' for wire property 'mergeable_state' (KotlinTypeRef(packageName=kotlin, simpleName=String, arguments=[], nullable=false), required=false, nullable=false)	8a5c983a010149b53b3fad5ee6c691fc69e2bda6afc26bb83768e7719f82a2ef	direct-field-state-kotlin-name-collision	github-schema-components-schemas-webhook-pull-request-enqueued-properties-pull-request-properties-mergeable-state	The wire properties 'mergeable' (nullable Boolean) and 'mergeable_state' (String) normalize to a generated field-state backing member/property collision; choosing a name or weakening either wire contract would alter the SDK surface, so omit this exact schema.	sdkgen-maintainers	omit
schema	schema:InlineWebhookPullRequestLabeledPullRequestXf47fcb40	SDKGEN-PROJECTION-UNREPRESENTABLE-SCHEMA	sdkgen://source/openapi.yaml	/components/schemas/webhook-pull-request-labeled/properties/pull_request/properties/mergeable_state	Schema 'sdkgen://source/openapi.yaml#/components/schemas/webhook-pull-request-labeled/properties/pull_request' cannot be represented: generated field-state backing member 'mergeableState' for wire property 'mergeable' (KotlinTypeRef(packageName=kotlin, simpleName=Boolean, arguments=[], nullable=true), required=false, nullable=true) conflicts with Kotlin property 'mergeableState' for wire property 'mergeable_state' (KotlinTypeRef(packageName=kotlin, simpleName=String, arguments=[], nullable=false), required=false, nullable=false)	f987436da5e11e85e2eca7383ad80eafb649b19edf506146ed919067768fccd6	direct-field-state-kotlin-name-collision	github-schema-components-schemas-webhook-pull-request-labeled-properties-pull-request-properties-mergeable-state	The wire properties 'mergeable' (nullable Boolean) and 'mergeable_state' (String) normalize to a generated field-state backing member/property collision; choosing a name or weakening either wire contract would alter the SDK surface, so omit this exact schema.	sdkgen-maintainers	omit
schema	schema:InlineWebhookPullRequestLockedPullRequestX54356828	SDKGEN-PROJECTION-UNREPRESENTABLE-SCHEMA	sdkgen://source/openapi.yaml	/components/schemas/webhook-pull-request-locked/properties/pull_request/properties/mergeable_state	Schema 'sdkgen://source/openapi.yaml#/components/schemas/webhook-pull-request-locked/properties/pull_request' cannot be represented: generated field-state backing member 'mergeableState' for wire property 'mergeable' (KotlinTypeRef(packageName=kotlin, simpleName=Boolean, arguments=[], nullable=true), required=false, nullable=true) conflicts with Kotlin property 'mergeableState' for wire property 'mergeable_state' (KotlinTypeRef(packageName=kotlin, simpleName=String, arguments=[], nullable=false), required=false, nullable=false)	65667250cac45a2062f6035e8a96a1652b4081e7b684dd64ebae169785ded7b8	direct-field-state-kotlin-name-collision	github-schema-components-schemas-webhook-pull-request-locked-properties-pull-request-properties-mergeable-state	The wire properties 'mergeable' (nullable Boolean) and 'mergeable_state' (String) normalize to a generated field-state backing member/property collision; choosing a name or weakening either wire contract would alter the SDK surface, so omit this exact schema.	sdkgen-maintainers	omit
schema	schema:InlineWebhookPullRequestReviewRequestRemovedOneOf1PullRequestX0e261c84	SDKGEN-PROJECTION-UNREPRESENTABLE-SCHEMA	sdkgen://source/openapi.yaml	/components/schemas/webhook-pull-request-review-request-removed/oneOf/0/properties/pull_request/properties/mergeable_state	Schema 'sdkgen://source/openapi.yaml#/components/schemas/webhook-pull-request-review-request-removed/oneOf/0/properties/pull_request' cannot be represented: generated field-state backing member 'mergeableState' for wire property 'mergeable' (KotlinTypeRef(packageName=kotlin, simpleName=Boolean, arguments=[], nullable=true), required=false, nullable=true) conflicts with Kotlin property 'mergeableState' for wire property 'mergeable_state' (KotlinTypeRef(packageName=kotlin, simpleName=String, arguments=[], nullable=false), required=false, nullable=false)	1281a7a888d7f8f713e19d036ea8255e97e3c5a3fa25548669799a7265e1c9ba	direct-field-state-kotlin-name-collision	github-schema-components-schemas-webhook-pull-request-review-request-removed-oneof-0-properties-pull-request-properties-mergeable-state	The wire properties 'mergeable' (nullable Boolean) and 'mergeable_state' (String) normalize to a generated field-state backing member/property collision; choosing a name or weakening either wire contract would alter the SDK surface, so omit this exact schema.	sdkgen-maintainers	omit
schema	schema:InlineWebhookPullRequestReviewRequestRemovedOneOf1Xdd4b8490	SDKGEN-PROJECTION-UNREPRESENTABLE-SCHEMA	sdkgen://source/openapi.yaml	/components/schemas/webhook-pull-request-review-request-removed/oneOf/0	Schema 'sdkgen://source/openapi.yaml#/components/schemas/webhook-pull-request-review-request-removed/oneOf/0' cannot be represented: schema sdkgen://source/openapi.yaml#/components/schemas/webhook-pull-request-review-request-removed/oneOf/0/properties/pull_request has no emitted declaration	b320d3c49e44dc98d6f153497b7a87ab2079133e9e915694f7858c12adcdd923	dependent-schema-closure	github-schema-components-schemas-webhook-pull-request-review-request-removed-oneof-0	Fixed-point closure: schema:InlineWebhookPullRequestReviewRequestRemovedOneOf1Xdd4b8490 depends on schema sdkgen://source/openapi.yaml#/components/schemas/webhook-pull-request-review-request-removed/oneOf/0/properties/pull_request has no emitted declaration; omit this exact dependent declaration rather than leave a dangling generated type reference.	sdkgen-maintainers	omit
schema	schema:InlineWebhookPullRequestReviewRequestRemovedOneOf2PullRequestX753a9fb5	SDKGEN-PROJECTION-UNREPRESENTABLE-SCHEMA	sdkgen://source/openapi.yaml	/components/schemas/webhook-pull-request-review-request-removed/oneOf/1/properties/pull_request/properties/mergeable_state	Schema 'sdkgen://source/openapi.yaml#/components/schemas/webhook-pull-request-review-request-removed/oneOf/1/properties/pull_request' cannot be represented: generated field-state backing member 'mergeableState' for wire property 'mergeable' (KotlinTypeRef(packageName=kotlin, simpleName=Boolean, arguments=[], nullable=true), required=false, nullable=true) conflicts with Kotlin property 'mergeableState' for wire property 'mergeable_state' (KotlinTypeRef(packageName=kotlin, simpleName=String, arguments=[], nullable=false), required=false, nullable=false)	f05939f9cf4d6889cb58c541f693ad997b30977043b3514c76ff1bd39395f9d4	direct-field-state-kotlin-name-collision	github-schema-components-schemas-webhook-pull-request-review-request-removed-oneof-1-properties-pull-request-properties-mergeable-state	The wire properties 'mergeable' (nullable Boolean) and 'mergeable_state' (String) normalize to a generated field-state backing member/property collision; choosing a name or weakening either wire contract would alter the SDK surface, so omit this exact schema.	sdkgen-maintainers	omit
schema	schema:InlineWebhookPullRequestReviewRequestRemovedOneOf2X95ecbd9c	SDKGEN-PROJECTION-UNREPRESENTABLE-SCHEMA	sdkgen://source/openapi.yaml	/components/schemas/webhook-pull-request-review-request-removed/oneOf/1	Schema 'sdkgen://source/openapi.yaml#/components/schemas/webhook-pull-request-review-request-removed/oneOf/1' cannot be represented: schema sdkgen://source/openapi.yaml#/components/schemas/webhook-pull-request-review-request-removed/oneOf/1/properties/pull_request has no emitted declaration	452a38eb456a756af93d6270ffb2ed13949f974fbb91157836a64d01d093e7a0	dependent-schema-closure	github-schema-components-schemas-webhook-pull-request-review-request-removed-oneof-1	Fixed-point closure: schema:InlineWebhookPullRequestReviewRequestRemovedOneOf2X95ecbd9c depends on schema sdkgen://source/openapi.yaml#/components/schemas/webhook-pull-request-review-request-removed/oneOf/1/properties/pull_request has no emitted declaration; omit this exact dependent declaration rather than leave a dangling generated type reference.	sdkgen-maintainers	omit
schema	schema:InlineWebhookPullRequestReviewRequestedOneOf1PullRequestX85a6994d	SDKGEN-PROJECTION-UNREPRESENTABLE-SCHEMA	sdkgen://source/openapi.yaml	/components/schemas/webhook-pull-request-review-requested/oneOf/0/properties/pull_request/properties/mergeable_state	Schema 'sdkgen://source/openapi.yaml#/components/schemas/webhook-pull-request-review-requested/oneOf/0/properties/pull_request' cannot be represented: generated field-state backing member 'mergeableState' for wire property 'mergeable' (KotlinTypeRef(packageName=kotlin, simpleName=Boolean, arguments=[], nullable=true), required=false, nullable=true) conflicts with Kotlin property 'mergeableState' for wire property 'mergeable_state' (KotlinTypeRef(packageName=kotlin, simpleName=String, arguments=[], nullable=false), required=false, nullable=false)	9072b35ec471e45518193370803f591e54b6d828556d376019c07e9eb79a5ce8	direct-field-state-kotlin-name-collision	github-schema-components-schemas-webhook-pull-request-review-requested-oneof-0-properties-pull-request-properties-mergeable-state	The wire properties 'mergeable' (nullable Boolean) and 'mergeable_state' (String) normalize to a generated field-state backing member/property collision; choosing a name or weakening either wire contract would alter the SDK surface, so omit this exact schema.	sdkgen-maintainers	omit
schema	schema:InlineWebhookPullRequestReviewRequestedOneOf1X83254f2c	SDKGEN-PROJECTION-UNREPRESENTABLE-SCHEMA	sdkgen://source/openapi.yaml	/components/schemas/webhook-pull-request-review-requested/oneOf/0	Schema 'sdkgen://source/openapi.yaml#/components/schemas/webhook-pull-request-review-requested/oneOf/0' cannot be represented: schema sdkgen://source/openapi.yaml#/components/schemas/webhook-pull-request-review-requested/oneOf/0/properties/pull_request has no emitted declaration	c25b5fc228bcc137e1d8685b64dd5d6b1792ab2da9a05a9fc2e17aa527fc068f	dependent-schema-closure	github-schema-components-schemas-webhook-pull-request-review-requested-oneof-0	Fixed-point closure: schema:InlineWebhookPullRequestReviewRequestedOneOf1X83254f2c depends on schema sdkgen://source/openapi.yaml#/components/schemas/webhook-pull-request-review-requested/oneOf/0/properties/pull_request has no emitted declaration; omit this exact dependent declaration rather than leave a dangling generated type reference.	sdkgen-maintainers	omit
schema	schema:InlineWebhookPullRequestReviewRequestedOneOf2PullRequestX7c0adf75	SDKGEN-PROJECTION-UNREPRESENTABLE-SCHEMA	sdkgen://source/openapi.yaml	/components/schemas/webhook-pull-request-review-requested/oneOf/1/properties/pull_request/properties/mergeable_state	Schema 'sdkgen://source/openapi.yaml#/components/schemas/webhook-pull-request-review-requested/oneOf/1/properties/pull_request' cannot be represented: generated field-state backing member 'mergeableState' for wire property 'mergeable' (KotlinTypeRef(packageName=kotlin, simpleName=Boolean, arguments=[], nullable=true), required=false, nullable=true) conflicts with Kotlin property 'mergeableState' for wire property 'mergeable_state' (KotlinTypeRef(packageName=kotlin, simpleName=String, arguments=[], nullable=false), required=false, nullable=false)	1d766d831eba8c57ec2ef335fd4394192dba4bfebf777e56d12d1ece2d21ca2b	direct-field-state-kotlin-name-collision	github-schema-components-schemas-webhook-pull-request-review-requested-oneof-1-properties-pull-request-properties-mergeable-state	The wire properties 'mergeable' (nullable Boolean) and 'mergeable_state' (String) normalize to a generated field-state backing member/property collision; choosing a name or weakening either wire contract would alter the SDK surface, so omit this exact schema.	sdkgen-maintainers	omit
schema	schema:InlineWebhookPullRequestReviewRequestedOneOf2Xde2424af	SDKGEN-PROJECTION-UNREPRESENTABLE-SCHEMA	sdkgen://source/openapi.yaml	/components/schemas/webhook-pull-request-review-requested/oneOf/1	Schema 'sdkgen://source/openapi.yaml#/components/schemas/webhook-pull-request-review-requested/oneOf/1' cannot be represented: schema sdkgen://source/openapi.yaml#/components/schemas/webhook-pull-request-review-requested/oneOf/1/properties/pull_request has no emitted declaration	fe7759dd01507acec40b8b5c451903c9eda43a1b6dd7909c0cee022392d5beba	dependent-schema-closure	github-schema-components-schemas-webhook-pull-request-review-requested-oneof-1	Fixed-point closure: schema:InlineWebhookPullRequestReviewRequestedOneOf2Xde2424af depends on schema sdkgen://source/openapi.yaml#/components/schemas/webhook-pull-request-review-requested/oneOf/1/properties/pull_request has no emitted declaration; omit this exact dependent declaration rather than leave a dangling generated type reference.	sdkgen-maintainers	omit
schema	schema:InlineWebhookPullRequestStackedPullRequestX71dbceba	SDKGEN-PROJECTION-UNREPRESENTABLE-SCHEMA	sdkgen://source/openapi.yaml	/components/schemas/webhook-pull-request-stacked/properties/pull_request/properties/mergeable_state	Schema 'sdkgen://source/openapi.yaml#/components/schemas/webhook-pull-request-stacked/properties/pull_request' cannot be represented: generated field-state backing member 'mergeableState' for wire property 'mergeable' (KotlinTypeRef(packageName=kotlin, simpleName=Boolean, arguments=[], nullable=true), required=false, nullable=true) conflicts with Kotlin property 'mergeableState' for wire property 'mergeable_state' (KotlinTypeRef(packageName=kotlin, simpleName=String, arguments=[], nullable=false), required=false, nullable=false)	e017606c06726277552f0976964445cb384f513ff9ef6aeb8791a4e34fb8cd11	direct-field-state-kotlin-name-collision	github-schema-components-schemas-webhook-pull-request-stacked-properties-pull-request-properties-mergeable-state	The wire properties 'mergeable' (nullable Boolean) and 'mergeable_state' (String) normalize to a generated field-state backing member/property collision; choosing a name or weakening either wire contract would alter the SDK surface, so omit this exact schema.	sdkgen-maintainers	omit
schema	schema:InlineWebhookPullRequestSynchronizePullRequestXee3a5338	SDKGEN-PROJECTION-UNREPRESENTABLE-SCHEMA	sdkgen://source/openapi.yaml	/components/schemas/webhook-pull-request-synchronize/properties/pull_request/properties/mergeable_state	Schema 'sdkgen://source/openapi.yaml#/components/schemas/webhook-pull-request-synchronize/properties/pull_request' cannot be represented: generated field-state backing member 'mergeableState' for wire property 'mergeable' (KotlinTypeRef(packageName=kotlin, simpleName=Boolean, arguments=[], nullable=true), required=false, nullable=true) conflicts with Kotlin property 'mergeableState' for wire property 'mergeable_state' (KotlinTypeRef(packageName=kotlin, simpleName=String, arguments=[], nullable=false), required=false, nullable=false)	6a9a89fbf1bd0468e04fc4f5adfaebe9538595aa00d9766294e5ed05a4ad4432	direct-field-state-kotlin-name-collision	github-schema-components-schemas-webhook-pull-request-synchronize-properties-pull-request-properties-mergeable-state	The wire properties 'mergeable' (nullable Boolean) and 'mergeable_state' (String) normalize to a generated field-state backing member/property collision; choosing a name or weakening either wire contract would alter the SDK surface, so omit this exact schema.	sdkgen-maintainers	omit
schema	schema:InlineWebhookPullRequestUnassignedPullRequestX1054aef9	SDKGEN-PROJECTION-UNREPRESENTABLE-SCHEMA	sdkgen://source/openapi.yaml	/components/schemas/webhook-pull-request-unassigned/properties/pull_request/properties/mergeable_state	Schema 'sdkgen://source/openapi.yaml#/components/schemas/webhook-pull-request-unassigned/properties/pull_request' cannot be represented: generated field-state backing member 'mergeableState' for wire property 'mergeable' (KotlinTypeRef(packageName=kotlin, simpleName=Boolean, arguments=[], nullable=true), required=false, nullable=true) conflicts with Kotlin property 'mergeableState' for wire property 'mergeable_state' (KotlinTypeRef(packageName=kotlin, simpleName=String, arguments=[], nullable=false), required=false, nullable=false)	cbd8e328212d371c6b36c75b188b8d81efb689a927326c60cc668b55413d8eee	direct-field-state-kotlin-name-collision	github-schema-components-schemas-webhook-pull-request-unassigned-properties-pull-request-properties-mergeable-state	The wire properties 'mergeable' (nullable Boolean) and 'mergeable_state' (String) normalize to a generated field-state backing member/property collision; choosing a name or weakening either wire contract would alter the SDK surface, so omit this exact schema.	sdkgen-maintainers	omit
schema	schema:InlineWebhookPullRequestUnlabeledPullRequestXa2b97f73	SDKGEN-PROJECTION-UNREPRESENTABLE-SCHEMA	sdkgen://source/openapi.yaml	/components/schemas/webhook-pull-request-unlabeled/properties/pull_request/properties/mergeable_state	Schema 'sdkgen://source/openapi.yaml#/components/schemas/webhook-pull-request-unlabeled/properties/pull_request' cannot be represented: generated field-state backing member 'mergeableState' for wire property 'mergeable' (KotlinTypeRef(packageName=kotlin, simpleName=Boolean, arguments=[], nullable=true), required=false, nullable=true) conflicts with Kotlin property 'mergeableState' for wire property 'mergeable_state' (KotlinTypeRef(packageName=kotlin, simpleName=String, arguments=[], nullable=false), required=false, nullable=false)	0f0f901c93ff85393923c9dba8df2b05810f6a8ea30344d03e18cbc4d694d0a1	direct-field-state-kotlin-name-collision	github-schema-components-schemas-webhook-pull-request-unlabeled-properties-pull-request-properties-mergeable-state	The wire properties 'mergeable' (nullable Boolean) and 'mergeable_state' (String) normalize to a generated field-state backing member/property collision; choosing a name or weakening either wire contract would alter the SDK surface, so omit this exact schema.	sdkgen-maintainers	omit
schema	schema:InlineWebhookPullRequestUnlockedPullRequestX9068c689	SDKGEN-PROJECTION-UNREPRESENTABLE-SCHEMA	sdkgen://source/openapi.yaml	/components/schemas/webhook-pull-request-unlocked/properties/pull_request/properties/mergeable_state	Schema 'sdkgen://source/openapi.yaml#/components/schemas/webhook-pull-request-unlocked/properties/pull_request' cannot be represented: generated field-state backing member 'mergeableState' for wire property 'mergeable' (KotlinTypeRef(packageName=kotlin, simpleName=Boolean, arguments=[], nullable=true), required=false, nullable=true) conflicts with Kotlin property 'mergeableState' for wire property 'mergeable_state' (KotlinTypeRef(packageName=kotlin, simpleName=String, arguments=[], nullable=false), required=false, nullable=false)	6075a4cc55fae70fefbfd3a688303155434aaec3facb06992667e7e3d0a8fe6e	direct-field-state-kotlin-name-collision	github-schema-components-schemas-webhook-pull-request-unlocked-properties-pull-request-properties-mergeable-state	The wire properties 'mergeable' (nullable Boolean) and 'mergeable_state' (String) normalize to a generated field-state backing member/property collision; choosing a name or weakening either wire contract would alter the SDK surface, so omit this exact schema.	sdkgen-maintainers	omit
schema	schema:PullRequest	SDKGEN-PROJECTION-UNREPRESENTABLE-SCHEMA	sdkgen://source/openapi.yaml	/components/schemas/pull-request/properties/mergeable_state	Schema 'sdkgen://source/openapi.yaml#/components/schemas/pull-request' cannot be represented: generated field-state backing member 'mergeableState' for wire property 'mergeable' (KotlinTypeRef(packageName=kotlin, simpleName=Boolean, arguments=[], nullable=true), required=true, nullable=true) conflicts with Kotlin property 'mergeableState' for wire property 'mergeable_state' (KotlinTypeRef(packageName=kotlin, simpleName=String, arguments=[], nullable=false), required=true, nullable=false)	9f084bfffd8464b900a1f8b199f3c4dfd6bc53f5c4942bd98f68fcdca45783a6	direct-field-state-kotlin-name-collision	github-schema-components-schemas-pull-request-properties-mergeable-state	The wire properties 'mergeable' (nullable Boolean) and 'mergeable_state' (String) normalize to a generated field-state backing member/property collision; choosing a name or weakening either wire contract would alter the SDK surface, so omit this exact schema.	sdkgen-maintainers	omit
schema	schema:PullRequestWebhook	SDKGEN-PROJECTION-UNREPRESENTABLE-SCHEMA	sdkgen://source/openapi.yaml	/components/schemas/pull-request/properties/mergeable_state	Schema 'sdkgen://source/openapi.yaml#/components/schemas/pull-request-webhook' cannot be represented: generated field-state backing member 'mergeableState' for wire property 'mergeable' (KotlinTypeRef(packageName=kotlin, simpleName=Boolean, arguments=[], nullable=true), required=true, nullable=true) conflicts with Kotlin property 'mergeableState' for wire property 'mergeable_state' (KotlinTypeRef(packageName=kotlin, simpleName=String, arguments=[], nullable=false), required=true, nullable=false)	70daa412cc6d6fde1740a41bbe8d2d4a35a6bd0acd64a48b3177e62c52f811e7	direct-field-state-kotlin-name-collision	github-schema-components-schemas-pull-request-properties-mergeable-state-2	The wire properties 'mergeable' (nullable Boolean) and 'mergeable_state' (String) normalize to a generated field-state backing member/property collision; choosing a name or weakening either wire contract would alter the SDK surface, so omit this exact schema.	sdkgen-maintainers	omit
schema	schema:WebhookDeploymentProtectionRuleRequested	SDKGEN-PROJECTION-UNREPRESENTABLE-SCHEMA	sdkgen://source/openapi.yaml	/components/schemas/webhook-deployment-protection-rule-requested	Schema 'sdkgen://source/openapi.yaml#/components/schemas/webhook-deployment-protection-rule-requested' cannot be represented: schema sdkgen://source/openapi.yaml#/components/schemas/pull-request has no emitted declaration	bc488f6ce82138300dbda9c091d3b5389d1385a404ea7da8da18917056a78db3	dependent-schema-closure	github-schema-components-schemas-webhook-deployment-protection-rule-requested	Fixed-point closure: schema:WebhookDeploymentProtectionRuleRequested depends on schema sdkgen://source/openapi.yaml#/components/schemas/pull-request has no emitted declaration; omit this exact dependent declaration rather than leave a dangling generated type reference.	sdkgen-maintainers	omit
schema	schema:WebhookPullRequestAssigned	SDKGEN-PROJECTION-UNREPRESENTABLE-SCHEMA	sdkgen://source/openapi.yaml	/components/schemas/webhook-pull-request-assigned	Schema 'sdkgen://source/openapi.yaml#/components/schemas/webhook-pull-request-assigned' cannot be represented: schema sdkgen://source/openapi.yaml#/components/schemas/webhook-pull-request-assigned/properties/pull_request has no emitted declaration	f2c3908e800ab2a9e87b4e0b1fe68b919d49b0f09c0649cc5f24128907850b8f	dependent-schema-closure	github-schema-components-schemas-webhook-pull-request-assigned	Fixed-point closure: schema:WebhookPullRequestAssigned depends on schema sdkgen://source/openapi.yaml#/components/schemas/webhook-pull-request-assigned/properties/pull_request has no emitted declaration; omit this exact dependent declaration rather than leave a dangling generated type reference.	sdkgen-maintainers	omit
schema	schema:WebhookPullRequestAutoMergeDisabled	SDKGEN-PROJECTION-UNREPRESENTABLE-SCHEMA	sdkgen://source/openapi.yaml	/components/schemas/webhook-pull-request-auto-merge-disabled	Schema 'sdkgen://source/openapi.yaml#/components/schemas/webhook-pull-request-auto-merge-disabled' cannot be represented: schema sdkgen://source/openapi.yaml#/components/schemas/webhook-pull-request-auto-merge-disabled/properties/pull_request has no emitted declaration	bd6b89c1f317b23f9fbc5186ff038e45c09da40ea9c32f35c5a5a35d0f393116	dependent-schema-closure	github-schema-components-schemas-webhook-pull-request-auto-merge-disabled	Fixed-point closure: schema:WebhookPullRequestAutoMergeDisabled depends on schema sdkgen://source/openapi.yaml#/components/schemas/webhook-pull-request-auto-merge-disabled/properties/pull_request has no emitted declaration; omit this exact dependent declaration rather than leave a dangling generated type reference.	sdkgen-maintainers	omit
schema	schema:WebhookPullRequestAutoMergeEnabled	SDKGEN-PROJECTION-UNREPRESENTABLE-SCHEMA	sdkgen://source/openapi.yaml	/components/schemas/webhook-pull-request-auto-merge-enabled	Schema 'sdkgen://source/openapi.yaml#/components/schemas/webhook-pull-request-auto-merge-enabled' cannot be represented: schema sdkgen://source/openapi.yaml#/components/schemas/webhook-pull-request-auto-merge-enabled/properties/pull_request has no emitted declaration	04c53f981db5d07298efedfd0e975197bc8bb74b7126590783a0e0e30d1d4cef	dependent-schema-closure	github-schema-components-schemas-webhook-pull-request-auto-merge-enabled	Fixed-point closure: schema:WebhookPullRequestAutoMergeEnabled depends on schema sdkgen://source/openapi.yaml#/components/schemas/webhook-pull-request-auto-merge-enabled/properties/pull_request has no emitted declaration; omit this exact dependent declaration rather than leave a dangling generated type reference.	sdkgen-maintainers	omit
schema	schema:WebhookPullRequestClosed	SDKGEN-PROJECTION-UNREPRESENTABLE-SCHEMA	sdkgen://source/openapi.yaml	/components/schemas/webhook-pull-request-closed	Schema 'sdkgen://source/openapi.yaml#/components/schemas/webhook-pull-request-closed' cannot be represented: schema sdkgen://source/openapi.yaml#/components/schemas/pull-request-webhook has no emitted declaration	ca71e8fd568b7b16c00f2bcc61ae6c715e74264e86c33a40c56c9b382b0fd40c	dependent-schema-closure	github-schema-components-schemas-webhook-pull-request-closed	Fixed-point closure: schema:WebhookPullRequestClosed depends on schema sdkgen://source/openapi.yaml#/components/schemas/pull-request-webhook has no emitted declaration; omit this exact dependent declaration rather than leave a dangling generated type reference.	sdkgen-maintainers	omit
schema	schema:WebhookPullRequestConvertedToDraft	SDKGEN-PROJECTION-UNREPRESENTABLE-SCHEMA	sdkgen://source/openapi.yaml	/components/schemas/webhook-pull-request-converted-to-draft	Schema 'sdkgen://source/openapi.yaml#/components/schemas/webhook-pull-request-converted-to-draft' cannot be represented: schema sdkgen://source/openapi.yaml#/components/schemas/pull-request-webhook has no emitted declaration	bdc764f676309381515f8d0eea5f01781577a3f5da2e9388427f814d8416e52c	dependent-schema-closure	github-schema-components-schemas-webhook-pull-request-converted-to-draft	Fixed-point closure: schema:WebhookPullRequestConvertedToDraft depends on schema sdkgen://source/openapi.yaml#/components/schemas/pull-request-webhook has no emitted declaration; omit this exact dependent declaration rather than leave a dangling generated type reference.	sdkgen-maintainers	omit
schema	schema:WebhookPullRequestDemilestoned	SDKGEN-PROJECTION-UNREPRESENTABLE-SCHEMA	sdkgen://source/openapi.yaml	/components/schemas/webhook-pull-request-demilestoned	Schema 'sdkgen://source/openapi.yaml#/components/schemas/webhook-pull-request-demilestoned' cannot be represented: schema sdkgen://source/openapi.yaml#/components/schemas/webhooks_pull_request_5 has no emitted declaration	6f42b2d5f5b8324db3d07336e167d06f65da3a250ac33f4635860a1645f20ddb	dependent-schema-closure	github-schema-components-schemas-webhook-pull-request-demilestoned	Fixed-point closure: schema:WebhookPullRequestDemilestoned depends on schema sdkgen://source/openapi.yaml#/components/schemas/webhooks_pull_request_5 has no emitted declaration; omit this exact dependent declaration rather than leave a dangling generated type reference.	sdkgen-maintainers	omit
schema	schema:WebhookPullRequestDequeued	SDKGEN-PROJECTION-UNREPRESENTABLE-SCHEMA	sdkgen://source/openapi.yaml	/components/schemas/webhook-pull-request-dequeued	Schema 'sdkgen://source/openapi.yaml#/components/schemas/webhook-pull-request-dequeued' cannot be represented: schema sdkgen://source/openapi.yaml#/components/schemas/webhook-pull-request-dequeued/properties/pull_request has no emitted declaration	c395387fd1ebbc8afb03dcaa7ddf88b9b6e1a2bca34578e4e9564fbf11e6dbb5	dependent-schema-closure	github-schema-components-schemas-webhook-pull-request-dequeued	Fixed-point closure: schema:WebhookPullRequestDequeued depends on schema sdkgen://source/openapi.yaml#/components/schemas/webhook-pull-request-dequeued/properties/pull_request has no emitted declaration; omit this exact dependent declaration rather than leave a dangling generated type reference.	sdkgen-maintainers	omit
schema	schema:WebhookPullRequestEdited	SDKGEN-PROJECTION-UNREPRESENTABLE-SCHEMA	sdkgen://source/openapi.yaml	/components/schemas/webhook-pull-request-edited	Schema 'sdkgen://source/openapi.yaml#/components/schemas/webhook-pull-request-edited' cannot be represented: schema sdkgen://source/openapi.yaml#/components/schemas/pull-request-webhook has no emitted declaration	3d97a325c0cddd98c262f3efe43b9cee07fa6aa37ddb3264f420f63e09333eb2	dependent-schema-closure	github-schema-components-schemas-webhook-pull-request-edited	Fixed-point closure: schema:WebhookPullRequestEdited depends on schema sdkgen://source/openapi.yaml#/components/schemas/pull-request-webhook has no emitted declaration; omit this exact dependent declaration rather than leave a dangling generated type reference.	sdkgen-maintainers	omit
schema	schema:WebhookPullRequestEnqueued	SDKGEN-PROJECTION-UNREPRESENTABLE-SCHEMA	sdkgen://source/openapi.yaml	/components/schemas/webhook-pull-request-enqueued	Schema 'sdkgen://source/openapi.yaml#/components/schemas/webhook-pull-request-enqueued' cannot be represented: schema sdkgen://source/openapi.yaml#/components/schemas/webhook-pull-request-enqueued/properties/pull_request has no emitted declaration	8c1ab66613f205cf965787daad6c11672438c10a1805032fc2a8028de60f7d88	dependent-schema-closure	github-schema-components-schemas-webhook-pull-request-enqueued	Fixed-point closure: schema:WebhookPullRequestEnqueued depends on schema sdkgen://source/openapi.yaml#/components/schemas/webhook-pull-request-enqueued/properties/pull_request has no emitted declaration; omit this exact dependent declaration rather than leave a dangling generated type reference.	sdkgen-maintainers	omit
schema	schema:WebhookPullRequestLabeled	SDKGEN-PROJECTION-UNREPRESENTABLE-SCHEMA	sdkgen://source/openapi.yaml	/components/schemas/webhook-pull-request-labeled	Schema 'sdkgen://source/openapi.yaml#/components/schemas/webhook-pull-request-labeled' cannot be represented: schema sdkgen://source/openapi.yaml#/components/schemas/webhook-pull-request-labeled/properties/pull_request has no emitted declaration	5933dc8af1eca87f0e12b8769aaf6192c32bd935ec5918b581945d2cede875e6	dependent-schema-closure	github-schema-components-schemas-webhook-pull-request-labeled	Fixed-point closure: schema:WebhookPullRequestLabeled depends on schema sdkgen://source/openapi.yaml#/components/schemas/webhook-pull-request-labeled/properties/pull_request has no emitted declaration; omit this exact dependent declaration rather than leave a dangling generated type reference.	sdkgen-maintainers	omit
schema	schema:WebhookPullRequestLocked	SDKGEN-PROJECTION-UNREPRESENTABLE-SCHEMA	sdkgen://source/openapi.yaml	/components/schemas/webhook-pull-request-locked	Schema 'sdkgen://source/openapi.yaml#/components/schemas/webhook-pull-request-locked' cannot be represented: schema sdkgen://source/openapi.yaml#/components/schemas/webhook-pull-request-locked/properties/pull_request has no emitted declaration	8a3855cee28b21590cd5b3a5295583430c390168b16507f93b7144dd9cd176d2	dependent-schema-closure	github-schema-components-schemas-webhook-pull-request-locked	Fixed-point closure: schema:WebhookPullRequestLocked depends on schema sdkgen://source/openapi.yaml#/components/schemas/webhook-pull-request-locked/properties/pull_request has no emitted declaration; omit this exact dependent declaration rather than leave a dangling generated type reference.	sdkgen-maintainers	omit
schema	schema:WebhookPullRequestMilestoned	SDKGEN-PROJECTION-UNREPRESENTABLE-SCHEMA	sdkgen://source/openapi.yaml	/components/schemas/webhook-pull-request-milestoned	Schema 'sdkgen://source/openapi.yaml#/components/schemas/webhook-pull-request-milestoned' cannot be represented: schema sdkgen://source/openapi.yaml#/components/schemas/webhooks_pull_request_5 has no emitted declaration	bec3b9820a5a669f755d9e410bf045ef1411c64979f4ba9f9772aecdeca70af2	dependent-schema-closure	github-schema-components-schemas-webhook-pull-request-milestoned	Fixed-point closure: schema:WebhookPullRequestMilestoned depends on schema sdkgen://source/openapi.yaml#/components/schemas/webhooks_pull_request_5 has no emitted declaration; omit this exact dependent declaration rather than leave a dangling generated type reference.	sdkgen-maintainers	omit
schema	schema:WebhookPullRequestOpened	SDKGEN-PROJECTION-UNREPRESENTABLE-SCHEMA	sdkgen://source/openapi.yaml	/components/schemas/webhook-pull-request-opened	Schema 'sdkgen://source/openapi.yaml#/components/schemas/webhook-pull-request-opened' cannot be represented: schema sdkgen://source/openapi.yaml#/components/schemas/pull-request-webhook has no emitted declaration	8111e75c8da68027a56e96dd24a56390b07ad5e89e5619ee089c3dc2ee2ea9f7	dependent-schema-closure	github-schema-components-schemas-webhook-pull-request-opened	Fixed-point closure: schema:WebhookPullRequestOpened depends on schema sdkgen://source/openapi.yaml#/components/schemas/pull-request-webhook has no emitted declaration; omit this exact dependent declaration rather than leave a dangling generated type reference.	sdkgen-maintainers	omit
schema	schema:WebhookPullRequestReadyForReview	SDKGEN-PROJECTION-UNREPRESENTABLE-SCHEMA	sdkgen://source/openapi.yaml	/components/schemas/webhook-pull-request-ready-for-review	Schema 'sdkgen://source/openapi.yaml#/components/schemas/webhook-pull-request-ready-for-review' cannot be represented: schema sdkgen://source/openapi.yaml#/components/schemas/pull-request-webhook has no emitted declaration	cbb1490f978f5e85a8fc86449e054c57fecc7232e2d949395b7d411bab5b30d4	dependent-schema-closure	github-schema-components-schemas-webhook-pull-request-ready-for-review	Fixed-point closure: schema:WebhookPullRequestReadyForReview depends on schema sdkgen://source/openapi.yaml#/components/schemas/pull-request-webhook has no emitted declaration; omit this exact dependent declaration rather than leave a dangling generated type reference.	sdkgen-maintainers	omit
schema	schema:WebhookPullRequestReopened	SDKGEN-PROJECTION-UNREPRESENTABLE-SCHEMA	sdkgen://source/openapi.yaml	/components/schemas/webhook-pull-request-reopened	Schema 'sdkgen://source/openapi.yaml#/components/schemas/webhook-pull-request-reopened' cannot be represented: schema sdkgen://source/openapi.yaml#/components/schemas/pull-request-webhook has no emitted declaration	e1998c87498bd79b6b16456e279e9ba28af07f641dfad67d8d9372dde4833ea7	dependent-schema-closure	github-schema-components-schemas-webhook-pull-request-reopened	Fixed-point closure: schema:WebhookPullRequestReopened depends on schema sdkgen://source/openapi.yaml#/components/schemas/pull-request-webhook has no emitted declaration; omit this exact dependent declaration rather than leave a dangling generated type reference.	sdkgen-maintainers	omit
schema	schema:WebhookPullRequestReviewRequestRemoved	SDKGEN-PROJECTION-UNREPRESENTABLE-SCHEMA	sdkgen://source/openapi.yaml	/components/schemas/webhook-pull-request-review-request-removed	Schema 'sdkgen://source/openapi.yaml#/components/schemas/webhook-pull-request-review-request-removed' cannot be represented: schema sdkgen://source/openapi.yaml#/components/schemas/webhook-pull-request-review-request-removed/oneOf/0/properties/pull_request has no emitted declaration	c11781bf8b07cfde502e65b92b0fd430a2d05ca1d7215671aa6a413510f4aa48	dependent-schema-closure	github-schema-components-schemas-webhook-pull-request-review-request-removed	Fixed-point closure: schema:WebhookPullRequestReviewRequestRemoved depends on schema sdkgen://source/openapi.yaml#/components/schemas/webhook-pull-request-review-request-removed/oneOf/0/properties/pull_request has no emitted declaration; omit this exact dependent declaration rather than leave a dangling generated type reference.	sdkgen-maintainers	omit
schema	schema:WebhookPullRequestReviewRequested	SDKGEN-PROJECTION-UNREPRESENTABLE-SCHEMA	sdkgen://source/openapi.yaml	/components/schemas/webhook-pull-request-review-requested	Schema 'sdkgen://source/openapi.yaml#/components/schemas/webhook-pull-request-review-requested' cannot be represented: schema sdkgen://source/openapi.yaml#/components/schemas/webhook-pull-request-review-requested/oneOf/0/properties/pull_request has no emitted declaration	05f963e1ff7d9b4da439c3f6c6cbf865f3a3632f1fd6a637a3de1bb9c7048b9b	dependent-schema-closure	github-schema-components-schemas-webhook-pull-request-review-requested	Fixed-point closure: schema:WebhookPullRequestReviewRequested depends on schema sdkgen://source/openapi.yaml#/components/schemas/webhook-pull-request-review-requested/oneOf/0/properties/pull_request has no emitted declaration; omit this exact dependent declaration rather than leave a dangling generated type reference.	sdkgen-maintainers	omit
schema	schema:WebhookPullRequestStacked	SDKGEN-PROJECTION-UNREPRESENTABLE-SCHEMA	sdkgen://source/openapi.yaml	/components/schemas/webhook-pull-request-stacked	Schema 'sdkgen://source/openapi.yaml#/components/schemas/webhook-pull-request-stacked' cannot be represented: schema sdkgen://source/openapi.yaml#/components/schemas/webhook-pull-request-stacked/properties/pull_request has no emitted declaration	9386e8ae72c708c3563afb8702bc81aad34aafb8ed4b637946bf47d3311d180c	dependent-schema-closure	github-schema-components-schemas-webhook-pull-request-stacked	Fixed-point closure: schema:WebhookPullRequestStacked depends on schema sdkgen://source/openapi.yaml#/components/schemas/webhook-pull-request-stacked/properties/pull_request has no emitted declaration; omit this exact dependent declaration rather than leave a dangling generated type reference.	sdkgen-maintainers	omit
schema	schema:WebhookPullRequestSynchronize	SDKGEN-PROJECTION-UNREPRESENTABLE-SCHEMA	sdkgen://source/openapi.yaml	/components/schemas/webhook-pull-request-synchronize	Schema 'sdkgen://source/openapi.yaml#/components/schemas/webhook-pull-request-synchronize' cannot be represented: schema sdkgen://source/openapi.yaml#/components/schemas/webhook-pull-request-synchronize/properties/pull_request has no emitted declaration	f2e3add78d24b053b07f908d8bb9f9a96dd56989ee709e8b97c208ff10f80cb3	dependent-schema-closure	github-schema-components-schemas-webhook-pull-request-synchronize	Fixed-point closure: schema:WebhookPullRequestSynchronize depends on schema sdkgen://source/openapi.yaml#/components/schemas/webhook-pull-request-synchronize/properties/pull_request has no emitted declaration; omit this exact dependent declaration rather than leave a dangling generated type reference.	sdkgen-maintainers	omit
schema	schema:WebhookPullRequestUnassigned	SDKGEN-PROJECTION-UNREPRESENTABLE-SCHEMA	sdkgen://source/openapi.yaml	/components/schemas/webhook-pull-request-unassigned	Schema 'sdkgen://source/openapi.yaml#/components/schemas/webhook-pull-request-unassigned' cannot be represented: schema sdkgen://source/openapi.yaml#/components/schemas/webhook-pull-request-unassigned/properties/pull_request has no emitted declaration	71444ba5ae74d141747882995683a2aeb83e6db96d4fc21d1b5e35f1ef9a52cf	dependent-schema-closure	github-schema-components-schemas-webhook-pull-request-unassigned	Fixed-point closure: schema:WebhookPullRequestUnassigned depends on schema sdkgen://source/openapi.yaml#/components/schemas/webhook-pull-request-unassigned/properties/pull_request has no emitted declaration; omit this exact dependent declaration rather than leave a dangling generated type reference.	sdkgen-maintainers	omit
schema	schema:WebhookPullRequestUnlabeled	SDKGEN-PROJECTION-UNREPRESENTABLE-SCHEMA	sdkgen://source/openapi.yaml	/components/schemas/webhook-pull-request-unlabeled	Schema 'sdkgen://source/openapi.yaml#/components/schemas/webhook-pull-request-unlabeled' cannot be represented: schema sdkgen://source/openapi.yaml#/components/schemas/webhook-pull-request-unlabeled/properties/pull_request has no emitted declaration	eb8ea57ed1bf5f6681bd05e99b25713c5bb1f96a5a29ea6207b3a3d06512522e	dependent-schema-closure	github-schema-components-schemas-webhook-pull-request-unlabeled	Fixed-point closure: schema:WebhookPullRequestUnlabeled depends on schema sdkgen://source/openapi.yaml#/components/schemas/webhook-pull-request-unlabeled/properties/pull_request has no emitted declaration; omit this exact dependent declaration rather than leave a dangling generated type reference.	sdkgen-maintainers	omit
schema	schema:WebhookPullRequestUnlocked	SDKGEN-PROJECTION-UNREPRESENTABLE-SCHEMA	sdkgen://source/openapi.yaml	/components/schemas/webhook-pull-request-unlocked	Schema 'sdkgen://source/openapi.yaml#/components/schemas/webhook-pull-request-unlocked' cannot be represented: schema sdkgen://source/openapi.yaml#/components/schemas/webhook-pull-request-unlocked/properties/pull_request has no emitted declaration	d442c2778fe96510c855abf6816f0153a451ede597389481e6300b53f1dc903c	dependent-schema-closure	github-schema-components-schemas-webhook-pull-request-unlocked	Fixed-point closure: schema:WebhookPullRequestUnlocked depends on schema sdkgen://source/openapi.yaml#/components/schemas/webhook-pull-request-unlocked/properties/pull_request has no emitted declaration; omit this exact dependent declaration rather than leave a dangling generated type reference.	sdkgen-maintainers	omit
schema	schema:WebhooksPullRequest5	SDKGEN-PROJECTION-UNREPRESENTABLE-SCHEMA	sdkgen://source/openapi.yaml	/components/schemas/webhooks_pull_request_5/properties/mergeable_state	Schema 'sdkgen://source/openapi.yaml#/components/schemas/webhooks_pull_request_5' cannot be represented: generated field-state backing member 'mergeableState' for wire property 'mergeable' (KotlinTypeRef(packageName=kotlin, simpleName=Boolean, arguments=[], nullable=true), required=false, nullable=true) conflicts with Kotlin property 'mergeableState' for wire property 'mergeable_state' (KotlinTypeRef(packageName=kotlin, simpleName=String, arguments=[], nullable=false), required=false, nullable=false)	e1e86af59a0ee5dbb1cf29501c0851be4fba355775902bb77644068d212dc06f	direct-field-state-kotlin-name-collision	github-schema-components-schemas-webhooks-pull-request-5-properties-mergeable-state	The wire properties 'mergeable' (nullable Boolean) and 'mergeable_state' (String) normalize to a generated field-state backing member/property collision; choosing a name or weakening either wire contract would alter the SDK surface, so omit this exact schema.	sdkgen-maintainers	omit
schema	schema:WebhookIssuesFieldAdded	SDKGEN-PROJECTION-UNREPRESENTABLE-SCHEMA	sdkgen://source/openapi.yaml	/components/schemas/webhook-issues-field-added/properties/issue_field_value	Schema 'sdkgen://source/openapi.yaml#/components/schemas/webhook-issues-field-added' cannot be represented: generated required-field backing member 'issueFieldValue' for wire property 'issue_field' (KotlinTypeRef(packageName=io.github.nabobery.sdkgen.github.generated, simpleName=InlineWebhookIssuesFieldAddedIssueFieldXb1039cc2, arguments=[], nullable=false), required=true, nullable=false) conflicts with Kotlin property 'issueFieldValue' for wire property 'issue_field_value' (KotlinTypeRef(packageName=io.github.nabobery.sdkgen.github.generated, simpleName=InlineWebhookIssuesFieldAddedIssueFieldValueX0e0c2aa6, arguments=[], nullable=false), required=false, nullable=false)	75abdb7cb23c29d76ea37f43cd7f02aab9f99e844c5fdcdf8d34ccdfae08b6a0	direct-required-value-backing-kotlin-name-collision	github-schema-components-schemas-webhook-issues-field-added-properties-issue-field-value	The required wire property 'issue_field' generates the required-value backing member 'issueFieldValue', which collides with the distinct 'issue_field_value' Kotlin property; choosing a name or weakening either wire contract would alter the SDK surface, so omit this exact schema.	sdkgen-maintainers	omit
schema	schema:WebhookIssuesFieldRemoved	SDKGEN-PROJECTION-UNREPRESENTABLE-SCHEMA	sdkgen://source/openapi.yaml	/components/schemas/webhook-issues-field-removed/properties/issue_field_value	Schema 'sdkgen://source/openapi.yaml#/components/schemas/webhook-issues-field-removed' cannot be represented: generated required-field backing member 'issueFieldValue' for wire property 'issue_field' (KotlinTypeRef(packageName=io.github.nabobery.sdkgen.github.generated, simpleName=InlineWebhookIssuesFieldRemovedIssueFieldXba3842b5, arguments=[], nullable=false), required=true, nullable=false) conflicts with Kotlin property 'issueFieldValue' for wire property 'issue_field_value' (KotlinTypeRef(packageName=io.github.nabobery.sdkgen.github.generated, simpleName=InlineWebhookIssuesFieldRemovedIssueFieldValueX8bbaf9a4, arguments=[], nullable=false), required=false, nullable=false)	1ffabc11fe77686f59e007e02bb86a0a020f8a982916a218bfd5cbb0f3980b39	direct-required-value-backing-kotlin-name-collision	github-schema-components-schemas-webhook-issues-field-removed-properties-issue-field-value	The required wire property 'issue_field' generates the required-value backing member 'issueFieldValue', which collides with the distinct 'issue_field_value' Kotlin property; choosing a name or weakening either wire contract would alter the SDK surface, so omit this exact schema.	sdkgen-maintainers	omit
