corpus	parentSchema	property	leftSource	leftShape	rightSource	rightShape	literalIntersection	intendedOutcome	mechanism	rationale
github	#/components/schemas/webhook-fork/properties/forkee	created_at	#/components/schemas/webhook-fork/properties/forkee/allOf/0	oneOf[integer | string(date-time)]	#/components/schemas/webhook-fork/properties/forkee/allOf/1	string	oneOf[integer | string(date-time)] ∧ string = string(date-time)	string(date-time)	strict	One branch types 'created_at' as the union oneOf[integer | string(date-time)] and the other as string; exactly one union member is compatible, so the strict intersection collapses the union to string(date-time).
github	#/components/schemas/webhook-fork/properties/forkee	id	#/components/schemas/webhook-fork/properties/forkee/allOf/0	integer(int64)	#/components/schemas/webhook-fork/properties/forkee/allOf/1	integer	integer(int64) ∧ integer = integer(int64)	integer(int64)	strict	Both branches type 'id' as integer; one adds a format (integer(int64) vs integer). The formatted value set is a subset of the unformatted one, so the strict intersection keeps the more specific integer(int64) and nullability is the AND of the two branches.
github	#/components/schemas/webhook-fork/properties/forkee	language	#/components/schemas/webhook-fork/properties/forkee/allOf/0	string?	#/components/schemas/webhook-fork/properties/forkee/allOf/1	any?	string? ∧ any? = string?	string?	strict	One branch leaves 'language' unconstrained (any) while the other constrains it (string? vs any?); the constrained value set is a subset, so the strict intersection is string?.
github	#/components/schemas/webhook-fork/properties/forkee	license	#/components/schemas/webhook-fork/properties/forkee/allOf/0	ref(#/components/schemas/webhook-fork/properties/forkee/allOf/0/properties/license)?	#/components/schemas/webhook-fork/properties/forkee/allOf/1	object?	ref(#/components/schemas/webhook-fork/properties/forkee/allOf/0/properties/license)? ∧ object? = ref(#/components/schemas/webhook-fork/properties/forkee/allOf/0/properties/license)?	ref(#/components/schemas/webhook-fork/properties/forkee/allOf/0/properties/license)?	strict	'license' references the named object ref(#/components/schemas/webhook-fork/properties/forkee/allOf/0/properties/license)? in one branch and a free-form object/any in the other (ref(#/components/schemas/webhook-fork/properties/forkee/allOf/0/properties/license)? vs object?); the named object is a subset, so the strict intersection is ref(#/components/schemas/webhook-fork/properties/forkee/allOf/0/properties/license)?.
github	#/components/schemas/webhook-fork/properties/forkee	mirror_url	#/components/schemas/webhook-fork/properties/forkee/allOf/0	string(uri)?	#/components/schemas/webhook-fork/properties/forkee/allOf/1	any?	string(uri)? ∧ any? = string(uri)?	string(uri)?	strict	One branch leaves 'mirror_url' unconstrained (any) while the other constrains it (string(uri)? vs any?); the constrained value set is a subset, so the strict intersection is string(uri)?.
github	#/components/schemas/webhook-fork/properties/forkee	owner	#/components/schemas/webhook-fork/properties/forkee/allOf/0	ref(#/components/schemas/webhook-fork/properties/forkee/allOf/0/properties/owner)?	#/components/schemas/webhook-fork/properties/forkee/allOf/1	ref(#/components/schemas/webhook-fork/properties/forkee/allOf/1/properties/owner)	ref(#/components/schemas/webhook-fork/properties/forkee/allOf/0/properties/owner)? ∧ ref(#/components/schemas/webhook-fork/properties/forkee/allOf/1/properties/owner) = conjunction(ref #/components/schemas/webhook-fork/properties/forkee/allOf/0/properties/owner ∧ ref #/components/schemas/webhook-fork/properties/forkee/allOf/1/properties/owner)	override branch wins: ref(#/components/schemas/webhook-fork/properties/forkee/allOf/1/properties/owner) (declared at #/components/schemas/webhook-fork/properties/forkee/allOf/1/properties/owner)	auditedOverride	The base branch types 'owner' as ref(#/components/schemas/webhook-fork/properties/forkee/allOf/0/properties/owner)? and the override branch redeclares it as the structurally different object ref(#/components/schemas/webhook-fork/properties/forkee/allOf/1/properties/owner). Literal allOf intersection would require recursively merging two distinct object schemas property-by-property (distributive reasoning, out of the strict resolver's scope); the audited contract intent is that the override branch ref(#/components/schemas/webhook-fork/properties/forkee/allOf/1/properties/owner) is the authoritative shape and replaces the base declaration. (Judgment complete: the committed GitHub x-sdkgen-allof-resolution overlay records this supersession as a reviewed, fail-closed election; see ADR 0021.)
github	#/components/schemas/webhook-fork/properties/forkee	pushed_at	#/components/schemas/webhook-fork/properties/forkee/allOf/0	oneOf[integer | string(date-time)]?	#/components/schemas/webhook-fork/properties/forkee/allOf/1	string	oneOf[integer | string(date-time)]? ∧ string = string(date-time)	string(date-time)	strict	One branch types 'pushed_at' as the union oneOf[integer | string(date-time)]? and the other as string; exactly one union member is compatible, so the strict intersection collapses the union to string(date-time).
github	#/components/schemas/webhook-fork/properties/forkee	topics	#/components/schemas/webhook-fork/properties/forkee/allOf/0	array<string>	#/components/schemas/webhook-fork/properties/forkee/allOf/1	array<any?>	array<string> ∧ array<any?> = array<string>	array<string>	strict	Both branches type 'topics' as an array with compatible items (array<string> vs array<any?>); the strict intersection reconciles element nullability to array<string>.
github	#/components/schemas/webhook-fork/properties/forkee	visibility	#/components/schemas/webhook-fork/properties/forkee/allOf/0	enum[public,private,internal]	#/components/schemas/webhook-fork/properties/forkee/allOf/1	string	enum[public,private,internal] ∧ string = enum[public,private,internal]	enum[public,private,internal]	strict	One branch restricts 'visibility' to enum[public,private,internal] while the other admits any string; the enum value set is a subset, so the strict intersection is the enum (enum[public,private,internal] vs string).
github	#/components/schemas/webhook-issue-comment-created/properties/issue	active_lock_reason	#/components/schemas/webhook-issue-comment-created/properties/issue/allOf/0	enum[resolved,off-topic,too heated,spam]?	#/components/schemas/webhook-issue-comment-created/properties/issue/allOf/1	string?	enum[resolved,off-topic,too heated,spam]? ∧ string? = enum[resolved,off-topic,too heated,spam]?	enum[resolved,off-topic,too heated,spam]?	strict	One branch restricts 'active_lock_reason' to enum[resolved,off-topic,too heated,spam]? while the other admits any string; the enum value set is a subset, so the strict intersection is the enum (enum[resolved,off-topic,too heated,spam]? vs string?).
github	#/components/schemas/webhook-issue-comment-created/properties/issue	assignee	#/components/schemas/webhook-issue-comment-created/properties/issue/allOf/0	ref(#/components/schemas/webhook-issue-comment-created/properties/issue/allOf/0/properties/assignee)?	#/components/schemas/webhook-issue-comment-created/properties/issue/allOf/1	ref(#/components/schemas/webhook-issue-comment-created/properties/issue/allOf/1/properties/assignee)?	ref(#/components/schemas/webhook-issue-comment-created/properties/issue/allOf/0/properties/assignee)? ∧ ref(#/components/schemas/webhook-issue-comment-created/properties/issue/allOf/1/properties/assignee)? = conjunction(ref #/components/schemas/webhook-issue-comment-created/properties/issue/allOf/0/properties/assignee ∧ ref #/components/schemas/webhook-issue-comment-created/properties/issue/allOf/1/properties/assignee)	override branch wins: ref(#/components/schemas/webhook-issue-comment-created/properties/issue/allOf/1/properties/assignee)? (declared at #/components/schemas/webhook-issue-comment-created/properties/issue/allOf/1/properties/assignee)	auditedOverride	The base branch types 'assignee' as ref(#/components/schemas/webhook-issue-comment-created/properties/issue/allOf/0/properties/assignee)? and the override branch redeclares it as the structurally different object ref(#/components/schemas/webhook-issue-comment-created/properties/issue/allOf/1/properties/assignee)?. Literal allOf intersection would require recursively merging two distinct object schemas property-by-property (distributive reasoning, out of the strict resolver's scope); the audited contract intent is that the override branch ref(#/components/schemas/webhook-issue-comment-created/properties/issue/allOf/1/properties/assignee)? is the authoritative shape and replaces the base declaration. (Judgment complete: the committed GitHub x-sdkgen-allof-resolution overlay records this supersession as a reviewed, fail-closed election; see ADR 0021.)
github	#/components/schemas/webhook-issue-comment-created/properties/issue	assignees	#/components/schemas/webhook-issue-comment-created/properties/issue/allOf/0	array<ref(#/components/schemas/webhook-issue-comment-created/properties/issue/allOf/0/properties/assignees/items)?>	#/components/schemas/webhook-issue-comment-created/properties/issue/allOf/1	array<object?>	array<ref(#/components/schemas/webhook-issue-comment-created/properties/issue/allOf/0/properties/assignees/items)?> ∧ array<object?> = array<ref(#/components/schemas/webhook-issue-comment-created/properties/issue/allOf/0/properties/assignees/items)?>	array<ref(#/components/schemas/webhook-issue-comment-created/properties/issue/allOf/0/properties/assignees/items)?>	strict	Both branches type 'assignees' as an array with compatible items (array<ref(#/components/schemas/webhook-issue-comment-created/properties/issue/allOf/0/properties/assignees/items)?> vs array<object?>); the strict intersection reconciles element nullability to array<ref(#/components/schemas/webhook-issue-comment-created/properties/issue/allOf/0/properties/assignees/items)?>.
github	#/components/schemas/webhook-issue-comment-created/properties/issue	author_association	#/components/schemas/webhook-issue-comment-created/properties/issue/allOf/0	enum[COLLABORATOR,CONTRIBUTOR,FIRST_TIMER,FIRST_TIME_CONTRIBUTOR,MANNEQUIN,MEMBER,NONE,OWNER]	#/components/schemas/webhook-issue-comment-created/properties/issue/allOf/1	string	enum[COLLABORATOR,CONTRIBUTOR,FIRST_TIMER,FIRST_TIME_CONTRIBUTOR,MANNEQUIN,MEMBER,NONE,OWNER] ∧ string = enum[COLLABORATOR,CONTRIBUTOR,FIRST_TIMER,FIRST_TIME_CONTRIBUTOR,MANNEQUIN,MEMBER,NONE,OWNER]	enum[COLLABORATOR,CONTRIBUTOR,FIRST_TIMER,FIRST_TIME_CONTRIBUTOR,MANNEQUIN,MEMBER,NONE,OWNER]	strict	One branch restricts 'author_association' to enum[COLLABORATOR,CONTRIBUTOR,FIRST_TIMER,FIRST_TIME_CONTRIBUTOR,MANNEQUIN,MEMBER,NONE,OWNER] while the other admits any string; the enum value set is a subset, so the strict intersection is the enum (enum[COLLABORATOR,CONTRIBUTOR,FIRST_TIMER,FIRST_TIME_CONTRIBUTOR,MANNEQUIN,MEMBER,NONE,OWNER] vs string).
github	#/components/schemas/webhook-issue-comment-created/properties/issue	id	#/components/schemas/webhook-issue-comment-created/properties/issue/allOf/0	integer(int64)	#/components/schemas/webhook-issue-comment-created/properties/issue/allOf/1	integer	integer(int64) ∧ integer = integer(int64)	integer(int64)	strict	Both branches type 'id' as integer; one adds a format (integer(int64) vs integer). The formatted value set is a subset of the unformatted one, so the strict intersection keeps the more specific integer(int64) and nullability is the AND of the two branches.
github	#/components/schemas/webhook-issue-comment-created/properties/issue	labels	#/components/schemas/webhook-issue-comment-created/properties/issue/allOf/0	array<ref(#/components/schemas/webhook-issue-comment-created/properties/issue/allOf/0/properties/labels/items)>	#/components/schemas/webhook-issue-comment-created/properties/issue/allOf/1	array<ref(#/components/schemas/webhook-issue-comment-created/properties/issue/allOf/1/properties/labels/items)>	array<ref(#/components/schemas/webhook-issue-comment-created/properties/issue/allOf/0/properties/labels/items)> ∧ array<ref(#/components/schemas/webhook-issue-comment-created/properties/issue/allOf/1/properties/labels/items)> = array<ref(#/components/schemas/webhook-issue-comment-created/properties/issue/allOf/0/properties/labels/items)>	array<ref(#/components/schemas/webhook-issue-comment-created/properties/issue/allOf/0/properties/labels/items)>	strict	Both branches type 'labels' as an array with compatible items (array<ref(#/components/schemas/webhook-issue-comment-created/properties/issue/allOf/0/properties/labels/items)> vs array<ref(#/components/schemas/webhook-issue-comment-created/properties/issue/allOf/1/properties/labels/items)>); the strict intersection reconciles element nullability to array<ref(#/components/schemas/webhook-issue-comment-created/properties/issue/allOf/0/properties/labels/items)>.
github	#/components/schemas/webhook-issue-comment-created/properties/issue	milestone	#/components/schemas/webhook-issue-comment-created/properties/issue/allOf/0	ref(#/components/schemas/webhook-issue-comment-created/properties/issue/allOf/0/properties/milestone)?	#/components/schemas/webhook-issue-comment-created/properties/issue/allOf/1	object?	ref(#/components/schemas/webhook-issue-comment-created/properties/issue/allOf/0/properties/milestone)? ∧ object? = ref(#/components/schemas/webhook-issue-comment-created/properties/issue/allOf/0/properties/milestone)?	ref(#/components/schemas/webhook-issue-comment-created/properties/issue/allOf/0/properties/milestone)?	strict	'milestone' references the named object ref(#/components/schemas/webhook-issue-comment-created/properties/issue/allOf/0/properties/milestone)? in one branch and a free-form object/any in the other (ref(#/components/schemas/webhook-issue-comment-created/properties/issue/allOf/0/properties/milestone)? vs object?); the named object is a subset, so the strict intersection is ref(#/components/schemas/webhook-issue-comment-created/properties/issue/allOf/0/properties/milestone)?.
github	#/components/schemas/webhook-issue-comment-created/properties/issue	performed_via_github_app	#/components/schemas/webhook-issue-comment-created/properties/issue/allOf/0	ref(#/components/schemas/webhook-issue-comment-created/properties/issue/allOf/0/properties/performed_via_github_app)?	#/components/schemas/webhook-issue-comment-created/properties/issue/allOf/1	object?	ref(#/components/schemas/webhook-issue-comment-created/properties/issue/allOf/0/properties/performed_via_github_app)? ∧ object? = ref(#/components/schemas/webhook-issue-comment-created/properties/issue/allOf/0/properties/performed_via_github_app)?	ref(#/components/schemas/webhook-issue-comment-created/properties/issue/allOf/0/properties/performed_via_github_app)?	strict	'performed_via_github_app' references the named object ref(#/components/schemas/webhook-issue-comment-created/properties/issue/allOf/0/properties/performed_via_github_app)? in one branch and a free-form object/any in the other (ref(#/components/schemas/webhook-issue-comment-created/properties/issue/allOf/0/properties/performed_via_github_app)? vs object?); the named object is a subset, so the strict intersection is ref(#/components/schemas/webhook-issue-comment-created/properties/issue/allOf/0/properties/performed_via_github_app)?.
github	#/components/schemas/webhook-issue-comment-created/properties/issue	reactions	#/components/schemas/webhook-issue-comment-created/properties/issue/allOf/0	ref(#/components/schemas/webhook-issue-comment-created/properties/issue/allOf/0/properties/reactions)	#/components/schemas/webhook-issue-comment-created/properties/issue/allOf/1	ref(#/components/schemas/webhook-issue-comment-created/properties/issue/allOf/1/properties/reactions)	ref(#/components/schemas/webhook-issue-comment-created/properties/issue/allOf/0/properties/reactions) ∧ ref(#/components/schemas/webhook-issue-comment-created/properties/issue/allOf/1/properties/reactions) = ref(#/components/schemas/webhook-issue-comment-created/properties/issue/allOf/0/properties/reactions)	ref(#/components/schemas/webhook-issue-comment-created/properties/issue/allOf/0/properties/reactions)	strict	Both branches reference structurally identical object shapes for 'reactions' at different declaration sites (ref(#/components/schemas/webhook-issue-comment-created/properties/issue/allOf/0/properties/reactions) vs ref(#/components/schemas/webhook-issue-comment-created/properties/issue/allOf/1/properties/reactions)); they differ only in nullability/requiredness, so the strict intersection is the shared object ref(#/components/schemas/webhook-issue-comment-created/properties/issue/allOf/0/properties/reactions).
github	#/components/schemas/webhook-issue-comment-created/properties/issue	state	#/components/schemas/webhook-issue-comment-created/properties/issue/allOf/0	enum[open,closed]	#/components/schemas/webhook-issue-comment-created/properties/issue/allOf/1	enum[open,closed]	enum[open,closed] ∧ enum[open,closed] = enum[open,closed]	enum[open,closed]	strict	One branch restricts 'state' to enum[open,closed] while the other admits any enum; the enum value set is a subset, so the strict intersection is the enum (enum[open,closed] vs enum[open,closed]).
github	#/components/schemas/webhook-issue-comment-created/properties/issue	user	#/components/schemas/webhook-issue-comment-created/properties/issue/allOf/0	ref(#/components/schemas/webhook-issue-comment-created/properties/issue/allOf/0/properties/user)?	#/components/schemas/webhook-issue-comment-created/properties/issue/allOf/1	ref(#/components/schemas/webhook-issue-comment-created/properties/issue/allOf/1/properties/user)	ref(#/components/schemas/webhook-issue-comment-created/properties/issue/allOf/0/properties/user)? ∧ ref(#/components/schemas/webhook-issue-comment-created/properties/issue/allOf/1/properties/user) = conjunction(ref #/components/schemas/webhook-issue-comment-created/properties/issue/allOf/0/properties/user ∧ ref #/components/schemas/webhook-issue-comment-created/properties/issue/allOf/1/properties/user)	override branch wins: ref(#/components/schemas/webhook-issue-comment-created/properties/issue/allOf/1/properties/user) (declared at #/components/schemas/webhook-issue-comment-created/properties/issue/allOf/1/properties/user)	auditedOverride	The base branch types 'user' as ref(#/components/schemas/webhook-issue-comment-created/properties/issue/allOf/0/properties/user)? and the override branch redeclares it as the structurally different object ref(#/components/schemas/webhook-issue-comment-created/properties/issue/allOf/1/properties/user). Literal allOf intersection would require recursively merging two distinct object schemas property-by-property (distributive reasoning, out of the strict resolver's scope); the audited contract intent is that the override branch ref(#/components/schemas/webhook-issue-comment-created/properties/issue/allOf/1/properties/user) is the authoritative shape and replaces the base declaration. (Judgment complete: the committed GitHub x-sdkgen-allof-resolution overlay records this supersession as a reviewed, fail-closed election; see ADR 0021.)
github	#/components/schemas/webhook-issue-comment-deleted/properties/issue	active_lock_reason	#/components/schemas/webhook-issue-comment-deleted/properties/issue/allOf/0	enum[resolved,off-topic,too heated,spam]?	#/components/schemas/webhook-issue-comment-deleted/properties/issue/allOf/1	string?	enum[resolved,off-topic,too heated,spam]? ∧ string? = enum[resolved,off-topic,too heated,spam]?	enum[resolved,off-topic,too heated,spam]?	strict	One branch restricts 'active_lock_reason' to enum[resolved,off-topic,too heated,spam]? while the other admits any string; the enum value set is a subset, so the strict intersection is the enum (enum[resolved,off-topic,too heated,spam]? vs string?).
github	#/components/schemas/webhook-issue-comment-deleted/properties/issue	assignee	#/components/schemas/webhook-issue-comment-deleted/properties/issue/allOf/0	ref(#/components/schemas/webhook-issue-comment-deleted/properties/issue/allOf/0/properties/assignee)?	#/components/schemas/webhook-issue-comment-deleted/properties/issue/allOf/1	ref(#/components/schemas/webhook-issue-comment-deleted/properties/issue/allOf/1/properties/assignee)?	ref(#/components/schemas/webhook-issue-comment-deleted/properties/issue/allOf/0/properties/assignee)? ∧ ref(#/components/schemas/webhook-issue-comment-deleted/properties/issue/allOf/1/properties/assignee)? = conjunction(ref #/components/schemas/webhook-issue-comment-deleted/properties/issue/allOf/0/properties/assignee ∧ ref #/components/schemas/webhook-issue-comment-deleted/properties/issue/allOf/1/properties/assignee)	override branch wins: ref(#/components/schemas/webhook-issue-comment-deleted/properties/issue/allOf/1/properties/assignee)? (declared at #/components/schemas/webhook-issue-comment-deleted/properties/issue/allOf/1/properties/assignee)	auditedOverride	The base branch types 'assignee' as ref(#/components/schemas/webhook-issue-comment-deleted/properties/issue/allOf/0/properties/assignee)? and the override branch redeclares it as the structurally different object ref(#/components/schemas/webhook-issue-comment-deleted/properties/issue/allOf/1/properties/assignee)?. Literal allOf intersection would require recursively merging two distinct object schemas property-by-property (distributive reasoning, out of the strict resolver's scope); the audited contract intent is that the override branch ref(#/components/schemas/webhook-issue-comment-deleted/properties/issue/allOf/1/properties/assignee)? is the authoritative shape and replaces the base declaration. (Judgment complete: the committed GitHub x-sdkgen-allof-resolution overlay records this supersession as a reviewed, fail-closed election; see ADR 0021.)
github	#/components/schemas/webhook-issue-comment-deleted/properties/issue	assignees	#/components/schemas/webhook-issue-comment-deleted/properties/issue/allOf/0	array<ref(#/components/schemas/webhook-issue-comment-deleted/properties/issue/allOf/0/properties/assignees/items)?>	#/components/schemas/webhook-issue-comment-deleted/properties/issue/allOf/1	array<object?>	array<ref(#/components/schemas/webhook-issue-comment-deleted/properties/issue/allOf/0/properties/assignees/items)?> ∧ array<object?> = array<ref(#/components/schemas/webhook-issue-comment-deleted/properties/issue/allOf/0/properties/assignees/items)?>	array<ref(#/components/schemas/webhook-issue-comment-deleted/properties/issue/allOf/0/properties/assignees/items)?>	strict	Both branches type 'assignees' as an array with compatible items (array<ref(#/components/schemas/webhook-issue-comment-deleted/properties/issue/allOf/0/properties/assignees/items)?> vs array<object?>); the strict intersection reconciles element nullability to array<ref(#/components/schemas/webhook-issue-comment-deleted/properties/issue/allOf/0/properties/assignees/items)?>.
github	#/components/schemas/webhook-issue-comment-deleted/properties/issue	author_association	#/components/schemas/webhook-issue-comment-deleted/properties/issue/allOf/0	enum[COLLABORATOR,CONTRIBUTOR,FIRST_TIMER,FIRST_TIME_CONTRIBUTOR,MANNEQUIN,MEMBER,NONE,OWNER]	#/components/schemas/webhook-issue-comment-deleted/properties/issue/allOf/1	string	enum[COLLABORATOR,CONTRIBUTOR,FIRST_TIMER,FIRST_TIME_CONTRIBUTOR,MANNEQUIN,MEMBER,NONE,OWNER] ∧ string = enum[COLLABORATOR,CONTRIBUTOR,FIRST_TIMER,FIRST_TIME_CONTRIBUTOR,MANNEQUIN,MEMBER,NONE,OWNER]	enum[COLLABORATOR,CONTRIBUTOR,FIRST_TIMER,FIRST_TIME_CONTRIBUTOR,MANNEQUIN,MEMBER,NONE,OWNER]	strict	One branch restricts 'author_association' to enum[COLLABORATOR,CONTRIBUTOR,FIRST_TIMER,FIRST_TIME_CONTRIBUTOR,MANNEQUIN,MEMBER,NONE,OWNER] while the other admits any string; the enum value set is a subset, so the strict intersection is the enum (enum[COLLABORATOR,CONTRIBUTOR,FIRST_TIMER,FIRST_TIME_CONTRIBUTOR,MANNEQUIN,MEMBER,NONE,OWNER] vs string).
github	#/components/schemas/webhook-issue-comment-deleted/properties/issue	id	#/components/schemas/webhook-issue-comment-deleted/properties/issue/allOf/0	integer(int64)	#/components/schemas/webhook-issue-comment-deleted/properties/issue/allOf/1	integer	integer(int64) ∧ integer = integer(int64)	integer(int64)	strict	Both branches type 'id' as integer; one adds a format (integer(int64) vs integer). The formatted value set is a subset of the unformatted one, so the strict intersection keeps the more specific integer(int64) and nullability is the AND of the two branches.
github	#/components/schemas/webhook-issue-comment-deleted/properties/issue	labels	#/components/schemas/webhook-issue-comment-deleted/properties/issue/allOf/0	array<ref(#/components/schemas/webhook-issue-comment-deleted/properties/issue/allOf/0/properties/labels/items)>	#/components/schemas/webhook-issue-comment-deleted/properties/issue/allOf/1	array<ref(#/components/schemas/webhook-issue-comment-deleted/properties/issue/allOf/1/properties/labels/items)>	array<ref(#/components/schemas/webhook-issue-comment-deleted/properties/issue/allOf/0/properties/labels/items)> ∧ array<ref(#/components/schemas/webhook-issue-comment-deleted/properties/issue/allOf/1/properties/labels/items)> = array<ref(#/components/schemas/webhook-issue-comment-deleted/properties/issue/allOf/0/properties/labels/items)>	array<ref(#/components/schemas/webhook-issue-comment-deleted/properties/issue/allOf/0/properties/labels/items)>	strict	Both branches type 'labels' as an array with compatible items (array<ref(#/components/schemas/webhook-issue-comment-deleted/properties/issue/allOf/0/properties/labels/items)> vs array<ref(#/components/schemas/webhook-issue-comment-deleted/properties/issue/allOf/1/properties/labels/items)>); the strict intersection reconciles element nullability to array<ref(#/components/schemas/webhook-issue-comment-deleted/properties/issue/allOf/0/properties/labels/items)>.
github	#/components/schemas/webhook-issue-comment-deleted/properties/issue	milestone	#/components/schemas/webhook-issue-comment-deleted/properties/issue/allOf/0	ref(#/components/schemas/webhook-issue-comment-deleted/properties/issue/allOf/0/properties/milestone)?	#/components/schemas/webhook-issue-comment-deleted/properties/issue/allOf/1	object?	ref(#/components/schemas/webhook-issue-comment-deleted/properties/issue/allOf/0/properties/milestone)? ∧ object? = ref(#/components/schemas/webhook-issue-comment-deleted/properties/issue/allOf/0/properties/milestone)?	ref(#/components/schemas/webhook-issue-comment-deleted/properties/issue/allOf/0/properties/milestone)?	strict	'milestone' references the named object ref(#/components/schemas/webhook-issue-comment-deleted/properties/issue/allOf/0/properties/milestone)? in one branch and a free-form object/any in the other (ref(#/components/schemas/webhook-issue-comment-deleted/properties/issue/allOf/0/properties/milestone)? vs object?); the named object is a subset, so the strict intersection is ref(#/components/schemas/webhook-issue-comment-deleted/properties/issue/allOf/0/properties/milestone)?.
github	#/components/schemas/webhook-issue-comment-deleted/properties/issue	performed_via_github_app	#/components/schemas/webhook-issue-comment-deleted/properties/issue/allOf/0	ref(#/components/schemas/webhook-issue-comment-deleted/properties/issue/allOf/0/properties/performed_via_github_app)?	#/components/schemas/webhook-issue-comment-deleted/properties/issue/allOf/1	object?	ref(#/components/schemas/webhook-issue-comment-deleted/properties/issue/allOf/0/properties/performed_via_github_app)? ∧ object? = ref(#/components/schemas/webhook-issue-comment-deleted/properties/issue/allOf/0/properties/performed_via_github_app)?	ref(#/components/schemas/webhook-issue-comment-deleted/properties/issue/allOf/0/properties/performed_via_github_app)?	strict	'performed_via_github_app' references the named object ref(#/components/schemas/webhook-issue-comment-deleted/properties/issue/allOf/0/properties/performed_via_github_app)? in one branch and a free-form object/any in the other (ref(#/components/schemas/webhook-issue-comment-deleted/properties/issue/allOf/0/properties/performed_via_github_app)? vs object?); the named object is a subset, so the strict intersection is ref(#/components/schemas/webhook-issue-comment-deleted/properties/issue/allOf/0/properties/performed_via_github_app)?.
github	#/components/schemas/webhook-issue-comment-deleted/properties/issue	reactions	#/components/schemas/webhook-issue-comment-deleted/properties/issue/allOf/0	ref(#/components/schemas/webhook-issue-comment-deleted/properties/issue/allOf/0/properties/reactions)	#/components/schemas/webhook-issue-comment-deleted/properties/issue/allOf/1	ref(#/components/schemas/webhook-issue-comment-deleted/properties/issue/allOf/1/properties/reactions)	ref(#/components/schemas/webhook-issue-comment-deleted/properties/issue/allOf/0/properties/reactions) ∧ ref(#/components/schemas/webhook-issue-comment-deleted/properties/issue/allOf/1/properties/reactions) = ref(#/components/schemas/webhook-issue-comment-deleted/properties/issue/allOf/0/properties/reactions)	ref(#/components/schemas/webhook-issue-comment-deleted/properties/issue/allOf/0/properties/reactions)	strict	Both branches reference structurally identical object shapes for 'reactions' at different declaration sites (ref(#/components/schemas/webhook-issue-comment-deleted/properties/issue/allOf/0/properties/reactions) vs ref(#/components/schemas/webhook-issue-comment-deleted/properties/issue/allOf/1/properties/reactions)); they differ only in nullability/requiredness, so the strict intersection is the shared object ref(#/components/schemas/webhook-issue-comment-deleted/properties/issue/allOf/0/properties/reactions).
github	#/components/schemas/webhook-issue-comment-deleted/properties/issue	state	#/components/schemas/webhook-issue-comment-deleted/properties/issue/allOf/0	enum[open,closed]	#/components/schemas/webhook-issue-comment-deleted/properties/issue/allOf/1	enum[open,closed]	enum[open,closed] ∧ enum[open,closed] = enum[open,closed]	enum[open,closed]	strict	One branch restricts 'state' to enum[open,closed] while the other admits any enum; the enum value set is a subset, so the strict intersection is the enum (enum[open,closed] vs enum[open,closed]).
github	#/components/schemas/webhook-issue-comment-deleted/properties/issue	user	#/components/schemas/webhook-issue-comment-deleted/properties/issue/allOf/0	ref(#/components/schemas/webhook-issue-comment-deleted/properties/issue/allOf/0/properties/user)?	#/components/schemas/webhook-issue-comment-deleted/properties/issue/allOf/1	ref(#/components/schemas/webhook-issue-comment-deleted/properties/issue/allOf/1/properties/user)	ref(#/components/schemas/webhook-issue-comment-deleted/properties/issue/allOf/0/properties/user)? ∧ ref(#/components/schemas/webhook-issue-comment-deleted/properties/issue/allOf/1/properties/user) = conjunction(ref #/components/schemas/webhook-issue-comment-deleted/properties/issue/allOf/0/properties/user ∧ ref #/components/schemas/webhook-issue-comment-deleted/properties/issue/allOf/1/properties/user)	override branch wins: ref(#/components/schemas/webhook-issue-comment-deleted/properties/issue/allOf/1/properties/user) (declared at #/components/schemas/webhook-issue-comment-deleted/properties/issue/allOf/1/properties/user)	auditedOverride	The base branch types 'user' as ref(#/components/schemas/webhook-issue-comment-deleted/properties/issue/allOf/0/properties/user)? and the override branch redeclares it as the structurally different object ref(#/components/schemas/webhook-issue-comment-deleted/properties/issue/allOf/1/properties/user). Literal allOf intersection would require recursively merging two distinct object schemas property-by-property (distributive reasoning, out of the strict resolver's scope); the audited contract intent is that the override branch ref(#/components/schemas/webhook-issue-comment-deleted/properties/issue/allOf/1/properties/user) is the authoritative shape and replaces the base declaration. (Judgment complete: the committed GitHub x-sdkgen-allof-resolution overlay records this supersession as a reviewed, fail-closed election; see ADR 0021.)
github	#/components/schemas/webhook-issue-comment-edited/properties/issue	active_lock_reason	#/components/schemas/webhook-issue-comment-edited/properties/issue/allOf/0	enum[resolved,off-topic,too heated,spam]?	#/components/schemas/webhook-issue-comment-edited/properties/issue/allOf/1	string?	enum[resolved,off-topic,too heated,spam]? ∧ string? = enum[resolved,off-topic,too heated,spam]?	enum[resolved,off-topic,too heated,spam]?	strict	One branch restricts 'active_lock_reason' to enum[resolved,off-topic,too heated,spam]? while the other admits any string; the enum value set is a subset, so the strict intersection is the enum (enum[resolved,off-topic,too heated,spam]? vs string?).
github	#/components/schemas/webhook-issue-comment-edited/properties/issue	assignee	#/components/schemas/webhook-issue-comment-edited/properties/issue/allOf/0	ref(#/components/schemas/webhook-issue-comment-edited/properties/issue/allOf/0/properties/assignee)?	#/components/schemas/webhook-issue-comment-edited/properties/issue/allOf/1	ref(#/components/schemas/webhook-issue-comment-edited/properties/issue/allOf/1/properties/assignee)?	ref(#/components/schemas/webhook-issue-comment-edited/properties/issue/allOf/0/properties/assignee)? ∧ ref(#/components/schemas/webhook-issue-comment-edited/properties/issue/allOf/1/properties/assignee)? = conjunction(ref #/components/schemas/webhook-issue-comment-edited/properties/issue/allOf/0/properties/assignee ∧ ref #/components/schemas/webhook-issue-comment-edited/properties/issue/allOf/1/properties/assignee)	override branch wins: ref(#/components/schemas/webhook-issue-comment-edited/properties/issue/allOf/1/properties/assignee)? (declared at #/components/schemas/webhook-issue-comment-edited/properties/issue/allOf/1/properties/assignee)	auditedOverride	The base branch types 'assignee' as ref(#/components/schemas/webhook-issue-comment-edited/properties/issue/allOf/0/properties/assignee)? and the override branch redeclares it as the structurally different object ref(#/components/schemas/webhook-issue-comment-edited/properties/issue/allOf/1/properties/assignee)?. Literal allOf intersection would require recursively merging two distinct object schemas property-by-property (distributive reasoning, out of the strict resolver's scope); the audited contract intent is that the override branch ref(#/components/schemas/webhook-issue-comment-edited/properties/issue/allOf/1/properties/assignee)? is the authoritative shape and replaces the base declaration. (Judgment complete: the committed GitHub x-sdkgen-allof-resolution overlay records this supersession as a reviewed, fail-closed election; see ADR 0021.)
github	#/components/schemas/webhook-issue-comment-edited/properties/issue	assignees	#/components/schemas/webhook-issue-comment-edited/properties/issue/allOf/0	array<ref(#/components/schemas/webhook-issue-comment-edited/properties/issue/allOf/0/properties/assignees/items)?>	#/components/schemas/webhook-issue-comment-edited/properties/issue/allOf/1	array<object?>	array<ref(#/components/schemas/webhook-issue-comment-edited/properties/issue/allOf/0/properties/assignees/items)?> ∧ array<object?> = array<ref(#/components/schemas/webhook-issue-comment-edited/properties/issue/allOf/0/properties/assignees/items)?>	array<ref(#/components/schemas/webhook-issue-comment-edited/properties/issue/allOf/0/properties/assignees/items)?>	strict	Both branches type 'assignees' as an array with compatible items (array<ref(#/components/schemas/webhook-issue-comment-edited/properties/issue/allOf/0/properties/assignees/items)?> vs array<object?>); the strict intersection reconciles element nullability to array<ref(#/components/schemas/webhook-issue-comment-edited/properties/issue/allOf/0/properties/assignees/items)?>.
github	#/components/schemas/webhook-issue-comment-edited/properties/issue	author_association	#/components/schemas/webhook-issue-comment-edited/properties/issue/allOf/0	enum[COLLABORATOR,CONTRIBUTOR,FIRST_TIMER,FIRST_TIME_CONTRIBUTOR,MANNEQUIN,MEMBER,NONE,OWNER]	#/components/schemas/webhook-issue-comment-edited/properties/issue/allOf/1	string	enum[COLLABORATOR,CONTRIBUTOR,FIRST_TIMER,FIRST_TIME_CONTRIBUTOR,MANNEQUIN,MEMBER,NONE,OWNER] ∧ string = enum[COLLABORATOR,CONTRIBUTOR,FIRST_TIMER,FIRST_TIME_CONTRIBUTOR,MANNEQUIN,MEMBER,NONE,OWNER]	enum[COLLABORATOR,CONTRIBUTOR,FIRST_TIMER,FIRST_TIME_CONTRIBUTOR,MANNEQUIN,MEMBER,NONE,OWNER]	strict	One branch restricts 'author_association' to enum[COLLABORATOR,CONTRIBUTOR,FIRST_TIMER,FIRST_TIME_CONTRIBUTOR,MANNEQUIN,MEMBER,NONE,OWNER] while the other admits any string; the enum value set is a subset, so the strict intersection is the enum (enum[COLLABORATOR,CONTRIBUTOR,FIRST_TIMER,FIRST_TIME_CONTRIBUTOR,MANNEQUIN,MEMBER,NONE,OWNER] vs string).
github	#/components/schemas/webhook-issue-comment-edited/properties/issue	id	#/components/schemas/webhook-issue-comment-edited/properties/issue/allOf/0	integer(int64)	#/components/schemas/webhook-issue-comment-edited/properties/issue/allOf/1	integer	integer(int64) ∧ integer = integer(int64)	integer(int64)	strict	Both branches type 'id' as integer; one adds a format (integer(int64) vs integer). The formatted value set is a subset of the unformatted one, so the strict intersection keeps the more specific integer(int64) and nullability is the AND of the two branches.
github	#/components/schemas/webhook-issue-comment-edited/properties/issue	labels	#/components/schemas/webhook-issue-comment-edited/properties/issue/allOf/0	array<ref(#/components/schemas/webhook-issue-comment-edited/properties/issue/allOf/0/properties/labels/items)>	#/components/schemas/webhook-issue-comment-edited/properties/issue/allOf/1	array<ref(#/components/schemas/webhook-issue-comment-edited/properties/issue/allOf/1/properties/labels/items)>	array<ref(#/components/schemas/webhook-issue-comment-edited/properties/issue/allOf/0/properties/labels/items)> ∧ array<ref(#/components/schemas/webhook-issue-comment-edited/properties/issue/allOf/1/properties/labels/items)> = array<ref(#/components/schemas/webhook-issue-comment-edited/properties/issue/allOf/0/properties/labels/items)>	array<ref(#/components/schemas/webhook-issue-comment-edited/properties/issue/allOf/0/properties/labels/items)>	strict	Both branches type 'labels' as an array with compatible items (array<ref(#/components/schemas/webhook-issue-comment-edited/properties/issue/allOf/0/properties/labels/items)> vs array<ref(#/components/schemas/webhook-issue-comment-edited/properties/issue/allOf/1/properties/labels/items)>); the strict intersection reconciles element nullability to array<ref(#/components/schemas/webhook-issue-comment-edited/properties/issue/allOf/0/properties/labels/items)>.
github	#/components/schemas/webhook-issue-comment-edited/properties/issue	milestone	#/components/schemas/webhook-issue-comment-edited/properties/issue/allOf/0	ref(#/components/schemas/webhook-issue-comment-edited/properties/issue/allOf/0/properties/milestone)?	#/components/schemas/webhook-issue-comment-edited/properties/issue/allOf/1	object?	ref(#/components/schemas/webhook-issue-comment-edited/properties/issue/allOf/0/properties/milestone)? ∧ object? = ref(#/components/schemas/webhook-issue-comment-edited/properties/issue/allOf/0/properties/milestone)?	ref(#/components/schemas/webhook-issue-comment-edited/properties/issue/allOf/0/properties/milestone)?	strict	'milestone' references the named object ref(#/components/schemas/webhook-issue-comment-edited/properties/issue/allOf/0/properties/milestone)? in one branch and a free-form object/any in the other (ref(#/components/schemas/webhook-issue-comment-edited/properties/issue/allOf/0/properties/milestone)? vs object?); the named object is a subset, so the strict intersection is ref(#/components/schemas/webhook-issue-comment-edited/properties/issue/allOf/0/properties/milestone)?.
github	#/components/schemas/webhook-issue-comment-edited/properties/issue	performed_via_github_app	#/components/schemas/webhook-issue-comment-edited/properties/issue/allOf/0	ref(#/components/schemas/webhook-issue-comment-edited/properties/issue/allOf/0/properties/performed_via_github_app)?	#/components/schemas/webhook-issue-comment-edited/properties/issue/allOf/1	object?	ref(#/components/schemas/webhook-issue-comment-edited/properties/issue/allOf/0/properties/performed_via_github_app)? ∧ object? = ref(#/components/schemas/webhook-issue-comment-edited/properties/issue/allOf/0/properties/performed_via_github_app)?	ref(#/components/schemas/webhook-issue-comment-edited/properties/issue/allOf/0/properties/performed_via_github_app)?	strict	'performed_via_github_app' references the named object ref(#/components/schemas/webhook-issue-comment-edited/properties/issue/allOf/0/properties/performed_via_github_app)? in one branch and a free-form object/any in the other (ref(#/components/schemas/webhook-issue-comment-edited/properties/issue/allOf/0/properties/performed_via_github_app)? vs object?); the named object is a subset, so the strict intersection is ref(#/components/schemas/webhook-issue-comment-edited/properties/issue/allOf/0/properties/performed_via_github_app)?.
github	#/components/schemas/webhook-issue-comment-edited/properties/issue	reactions	#/components/schemas/webhook-issue-comment-edited/properties/issue/allOf/0	ref(#/components/schemas/webhook-issue-comment-edited/properties/issue/allOf/0/properties/reactions)	#/components/schemas/webhook-issue-comment-edited/properties/issue/allOf/1	ref(#/components/schemas/webhook-issue-comment-edited/properties/issue/allOf/1/properties/reactions)	ref(#/components/schemas/webhook-issue-comment-edited/properties/issue/allOf/0/properties/reactions) ∧ ref(#/components/schemas/webhook-issue-comment-edited/properties/issue/allOf/1/properties/reactions) = ref(#/components/schemas/webhook-issue-comment-edited/properties/issue/allOf/0/properties/reactions)	ref(#/components/schemas/webhook-issue-comment-edited/properties/issue/allOf/0/properties/reactions)	strict	Both branches reference structurally identical object shapes for 'reactions' at different declaration sites (ref(#/components/schemas/webhook-issue-comment-edited/properties/issue/allOf/0/properties/reactions) vs ref(#/components/schemas/webhook-issue-comment-edited/properties/issue/allOf/1/properties/reactions)); they differ only in nullability/requiredness, so the strict intersection is the shared object ref(#/components/schemas/webhook-issue-comment-edited/properties/issue/allOf/0/properties/reactions).
github	#/components/schemas/webhook-issue-comment-edited/properties/issue	state	#/components/schemas/webhook-issue-comment-edited/properties/issue/allOf/0	enum[open,closed]	#/components/schemas/webhook-issue-comment-edited/properties/issue/allOf/1	enum[open,closed]	enum[open,closed] ∧ enum[open,closed] = enum[open,closed]	enum[open,closed]	strict	One branch restricts 'state' to enum[open,closed] while the other admits any enum; the enum value set is a subset, so the strict intersection is the enum (enum[open,closed] vs enum[open,closed]).
github	#/components/schemas/webhook-issue-comment-edited/properties/issue	user	#/components/schemas/webhook-issue-comment-edited/properties/issue/allOf/0	ref(#/components/schemas/webhook-issue-comment-edited/properties/issue/allOf/0/properties/user)?	#/components/schemas/webhook-issue-comment-edited/properties/issue/allOf/1	ref(#/components/schemas/webhook-issue-comment-edited/properties/issue/allOf/1/properties/user)	ref(#/components/schemas/webhook-issue-comment-edited/properties/issue/allOf/0/properties/user)? ∧ ref(#/components/schemas/webhook-issue-comment-edited/properties/issue/allOf/1/properties/user) = conjunction(ref #/components/schemas/webhook-issue-comment-edited/properties/issue/allOf/0/properties/user ∧ ref #/components/schemas/webhook-issue-comment-edited/properties/issue/allOf/1/properties/user)	override branch wins: ref(#/components/schemas/webhook-issue-comment-edited/properties/issue/allOf/1/properties/user) (declared at #/components/schemas/webhook-issue-comment-edited/properties/issue/allOf/1/properties/user)	auditedOverride	The base branch types 'user' as ref(#/components/schemas/webhook-issue-comment-edited/properties/issue/allOf/0/properties/user)? and the override branch redeclares it as the structurally different object ref(#/components/schemas/webhook-issue-comment-edited/properties/issue/allOf/1/properties/user). Literal allOf intersection would require recursively merging two distinct object schemas property-by-property (distributive reasoning, out of the strict resolver's scope); the audited contract intent is that the override branch ref(#/components/schemas/webhook-issue-comment-edited/properties/issue/allOf/1/properties/user) is the authoritative shape and replaces the base declaration. (Judgment complete: the committed GitHub x-sdkgen-allof-resolution overlay records this supersession as a reviewed, fail-closed election; see ADR 0021.)
github	#/components/schemas/webhook-issue-comment-pinned/properties/issue	active_lock_reason	#/components/schemas/webhook-issue-comment-pinned/properties/issue/allOf/0	enum[resolved,off-topic,too heated,spam]?	#/components/schemas/webhook-issue-comment-pinned/properties/issue/allOf/1	string?	enum[resolved,off-topic,too heated,spam]? ∧ string? = enum[resolved,off-topic,too heated,spam]?	enum[resolved,off-topic,too heated,spam]?	strict	One branch restricts 'active_lock_reason' to enum[resolved,off-topic,too heated,spam]? while the other admits any string; the enum value set is a subset, so the strict intersection is the enum (enum[resolved,off-topic,too heated,spam]? vs string?).
github	#/components/schemas/webhook-issue-comment-pinned/properties/issue	assignee	#/components/schemas/webhook-issue-comment-pinned/properties/issue/allOf/0	ref(#/components/schemas/webhook-issue-comment-pinned/properties/issue/allOf/0/properties/assignee)?	#/components/schemas/webhook-issue-comment-pinned/properties/issue/allOf/1	ref(#/components/schemas/webhook-issue-comment-pinned/properties/issue/allOf/1/properties/assignee)?	ref(#/components/schemas/webhook-issue-comment-pinned/properties/issue/allOf/0/properties/assignee)? ∧ ref(#/components/schemas/webhook-issue-comment-pinned/properties/issue/allOf/1/properties/assignee)? = conjunction(ref #/components/schemas/webhook-issue-comment-pinned/properties/issue/allOf/0/properties/assignee ∧ ref #/components/schemas/webhook-issue-comment-pinned/properties/issue/allOf/1/properties/assignee)	override branch wins: ref(#/components/schemas/webhook-issue-comment-pinned/properties/issue/allOf/1/properties/assignee)? (declared at #/components/schemas/webhook-issue-comment-pinned/properties/issue/allOf/1/properties/assignee)	auditedOverride	The base branch types 'assignee' as ref(#/components/schemas/webhook-issue-comment-pinned/properties/issue/allOf/0/properties/assignee)? and the override branch redeclares it as the structurally different object ref(#/components/schemas/webhook-issue-comment-pinned/properties/issue/allOf/1/properties/assignee)?. Literal allOf intersection would require recursively merging two distinct object schemas property-by-property (distributive reasoning, out of the strict resolver's scope); the audited contract intent is that the override branch ref(#/components/schemas/webhook-issue-comment-pinned/properties/issue/allOf/1/properties/assignee)? is the authoritative shape and replaces the base declaration. (Judgment complete: the committed GitHub x-sdkgen-allof-resolution overlay records this supersession as a reviewed, fail-closed election; see ADR 0021.)
github	#/components/schemas/webhook-issue-comment-pinned/properties/issue	assignees	#/components/schemas/webhook-issue-comment-pinned/properties/issue/allOf/0	array<ref(#/components/schemas/webhook-issue-comment-pinned/properties/issue/allOf/0/properties/assignees/items)?>	#/components/schemas/webhook-issue-comment-pinned/properties/issue/allOf/1	array<object?>	array<ref(#/components/schemas/webhook-issue-comment-pinned/properties/issue/allOf/0/properties/assignees/items)?> ∧ array<object?> = array<ref(#/components/schemas/webhook-issue-comment-pinned/properties/issue/allOf/0/properties/assignees/items)?>	array<ref(#/components/schemas/webhook-issue-comment-pinned/properties/issue/allOf/0/properties/assignees/items)?>	strict	Both branches type 'assignees' as an array with compatible items (array<ref(#/components/schemas/webhook-issue-comment-pinned/properties/issue/allOf/0/properties/assignees/items)?> vs array<object?>); the strict intersection reconciles element nullability to array<ref(#/components/schemas/webhook-issue-comment-pinned/properties/issue/allOf/0/properties/assignees/items)?>.
github	#/components/schemas/webhook-issue-comment-pinned/properties/issue	author_association	#/components/schemas/webhook-issue-comment-pinned/properties/issue/allOf/0	enum[COLLABORATOR,CONTRIBUTOR,FIRST_TIMER,FIRST_TIME_CONTRIBUTOR,MANNEQUIN,MEMBER,NONE,OWNER]	#/components/schemas/webhook-issue-comment-pinned/properties/issue/allOf/1	string	enum[COLLABORATOR,CONTRIBUTOR,FIRST_TIMER,FIRST_TIME_CONTRIBUTOR,MANNEQUIN,MEMBER,NONE,OWNER] ∧ string = enum[COLLABORATOR,CONTRIBUTOR,FIRST_TIMER,FIRST_TIME_CONTRIBUTOR,MANNEQUIN,MEMBER,NONE,OWNER]	enum[COLLABORATOR,CONTRIBUTOR,FIRST_TIMER,FIRST_TIME_CONTRIBUTOR,MANNEQUIN,MEMBER,NONE,OWNER]	strict	One branch restricts 'author_association' to enum[COLLABORATOR,CONTRIBUTOR,FIRST_TIMER,FIRST_TIME_CONTRIBUTOR,MANNEQUIN,MEMBER,NONE,OWNER] while the other admits any string; the enum value set is a subset, so the strict intersection is the enum (enum[COLLABORATOR,CONTRIBUTOR,FIRST_TIMER,FIRST_TIME_CONTRIBUTOR,MANNEQUIN,MEMBER,NONE,OWNER] vs string).
github	#/components/schemas/webhook-issue-comment-pinned/properties/issue	id	#/components/schemas/webhook-issue-comment-pinned/properties/issue/allOf/0	integer(int64)	#/components/schemas/webhook-issue-comment-pinned/properties/issue/allOf/1	integer	integer(int64) ∧ integer = integer(int64)	integer(int64)	strict	Both branches type 'id' as integer; one adds a format (integer(int64) vs integer). The formatted value set is a subset of the unformatted one, so the strict intersection keeps the more specific integer(int64) and nullability is the AND of the two branches.
github	#/components/schemas/webhook-issue-comment-pinned/properties/issue	labels	#/components/schemas/webhook-issue-comment-pinned/properties/issue/allOf/0	array<ref(#/components/schemas/webhook-issue-comment-pinned/properties/issue/allOf/0/properties/labels/items)>	#/components/schemas/webhook-issue-comment-pinned/properties/issue/allOf/1	array<ref(#/components/schemas/webhook-issue-comment-pinned/properties/issue/allOf/1/properties/labels/items)>	array<ref(#/components/schemas/webhook-issue-comment-pinned/properties/issue/allOf/0/properties/labels/items)> ∧ array<ref(#/components/schemas/webhook-issue-comment-pinned/properties/issue/allOf/1/properties/labels/items)> = array<ref(#/components/schemas/webhook-issue-comment-pinned/properties/issue/allOf/0/properties/labels/items)>	array<ref(#/components/schemas/webhook-issue-comment-pinned/properties/issue/allOf/0/properties/labels/items)>	strict	Both branches type 'labels' as an array with compatible items (array<ref(#/components/schemas/webhook-issue-comment-pinned/properties/issue/allOf/0/properties/labels/items)> vs array<ref(#/components/schemas/webhook-issue-comment-pinned/properties/issue/allOf/1/properties/labels/items)>); the strict intersection reconciles element nullability to array<ref(#/components/schemas/webhook-issue-comment-pinned/properties/issue/allOf/0/properties/labels/items)>.
github	#/components/schemas/webhook-issue-comment-pinned/properties/issue	milestone	#/components/schemas/webhook-issue-comment-pinned/properties/issue/allOf/0	ref(#/components/schemas/webhook-issue-comment-pinned/properties/issue/allOf/0/properties/milestone)?	#/components/schemas/webhook-issue-comment-pinned/properties/issue/allOf/1	object?	ref(#/components/schemas/webhook-issue-comment-pinned/properties/issue/allOf/0/properties/milestone)? ∧ object? = ref(#/components/schemas/webhook-issue-comment-pinned/properties/issue/allOf/0/properties/milestone)?	ref(#/components/schemas/webhook-issue-comment-pinned/properties/issue/allOf/0/properties/milestone)?	strict	'milestone' references the named object ref(#/components/schemas/webhook-issue-comment-pinned/properties/issue/allOf/0/properties/milestone)? in one branch and a free-form object/any in the other (ref(#/components/schemas/webhook-issue-comment-pinned/properties/issue/allOf/0/properties/milestone)? vs object?); the named object is a subset, so the strict intersection is ref(#/components/schemas/webhook-issue-comment-pinned/properties/issue/allOf/0/properties/milestone)?.
github	#/components/schemas/webhook-issue-comment-pinned/properties/issue	performed_via_github_app	#/components/schemas/webhook-issue-comment-pinned/properties/issue/allOf/0	ref(#/components/schemas/webhook-issue-comment-pinned/properties/issue/allOf/0/properties/performed_via_github_app)?	#/components/schemas/webhook-issue-comment-pinned/properties/issue/allOf/1	object?	ref(#/components/schemas/webhook-issue-comment-pinned/properties/issue/allOf/0/properties/performed_via_github_app)? ∧ object? = ref(#/components/schemas/webhook-issue-comment-pinned/properties/issue/allOf/0/properties/performed_via_github_app)?	ref(#/components/schemas/webhook-issue-comment-pinned/properties/issue/allOf/0/properties/performed_via_github_app)?	strict	'performed_via_github_app' references the named object ref(#/components/schemas/webhook-issue-comment-pinned/properties/issue/allOf/0/properties/performed_via_github_app)? in one branch and a free-form object/any in the other (ref(#/components/schemas/webhook-issue-comment-pinned/properties/issue/allOf/0/properties/performed_via_github_app)? vs object?); the named object is a subset, so the strict intersection is ref(#/components/schemas/webhook-issue-comment-pinned/properties/issue/allOf/0/properties/performed_via_github_app)?.
github	#/components/schemas/webhook-issue-comment-pinned/properties/issue	reactions	#/components/schemas/webhook-issue-comment-pinned/properties/issue/allOf/0	ref(#/components/schemas/webhook-issue-comment-pinned/properties/issue/allOf/0/properties/reactions)	#/components/schemas/webhook-issue-comment-pinned/properties/issue/allOf/1	ref(#/components/schemas/webhook-issue-comment-pinned/properties/issue/allOf/1/properties/reactions)	ref(#/components/schemas/webhook-issue-comment-pinned/properties/issue/allOf/0/properties/reactions) ∧ ref(#/components/schemas/webhook-issue-comment-pinned/properties/issue/allOf/1/properties/reactions) = ref(#/components/schemas/webhook-issue-comment-pinned/properties/issue/allOf/0/properties/reactions)	ref(#/components/schemas/webhook-issue-comment-pinned/properties/issue/allOf/0/properties/reactions)	strict	Both branches reference structurally identical object shapes for 'reactions' at different declaration sites (ref(#/components/schemas/webhook-issue-comment-pinned/properties/issue/allOf/0/properties/reactions) vs ref(#/components/schemas/webhook-issue-comment-pinned/properties/issue/allOf/1/properties/reactions)); they differ only in nullability/requiredness, so the strict intersection is the shared object ref(#/components/schemas/webhook-issue-comment-pinned/properties/issue/allOf/0/properties/reactions).
github	#/components/schemas/webhook-issue-comment-pinned/properties/issue	state	#/components/schemas/webhook-issue-comment-pinned/properties/issue/allOf/0	enum[open,closed]	#/components/schemas/webhook-issue-comment-pinned/properties/issue/allOf/1	enum[open,closed]	enum[open,closed] ∧ enum[open,closed] = enum[open,closed]	enum[open,closed]	strict	One branch restricts 'state' to enum[open,closed] while the other admits any enum; the enum value set is a subset, so the strict intersection is the enum (enum[open,closed] vs enum[open,closed]).
github	#/components/schemas/webhook-issue-comment-pinned/properties/issue	user	#/components/schemas/webhook-issue-comment-pinned/properties/issue/allOf/0	ref(#/components/schemas/webhook-issue-comment-pinned/properties/issue/allOf/0/properties/user)?	#/components/schemas/webhook-issue-comment-pinned/properties/issue/allOf/1	ref(#/components/schemas/webhook-issue-comment-pinned/properties/issue/allOf/1/properties/user)	ref(#/components/schemas/webhook-issue-comment-pinned/properties/issue/allOf/0/properties/user)? ∧ ref(#/components/schemas/webhook-issue-comment-pinned/properties/issue/allOf/1/properties/user) = conjunction(ref #/components/schemas/webhook-issue-comment-pinned/properties/issue/allOf/0/properties/user ∧ ref #/components/schemas/webhook-issue-comment-pinned/properties/issue/allOf/1/properties/user)	override branch wins: ref(#/components/schemas/webhook-issue-comment-pinned/properties/issue/allOf/1/properties/user) (declared at #/components/schemas/webhook-issue-comment-pinned/properties/issue/allOf/1/properties/user)	auditedOverride	The base branch types 'user' as ref(#/components/schemas/webhook-issue-comment-pinned/properties/issue/allOf/0/properties/user)? and the override branch redeclares it as the structurally different object ref(#/components/schemas/webhook-issue-comment-pinned/properties/issue/allOf/1/properties/user). Literal allOf intersection would require recursively merging two distinct object schemas property-by-property (distributive reasoning, out of the strict resolver's scope); the audited contract intent is that the override branch ref(#/components/schemas/webhook-issue-comment-pinned/properties/issue/allOf/1/properties/user) is the authoritative shape and replaces the base declaration. (Judgment complete: the committed GitHub x-sdkgen-allof-resolution overlay records this supersession as a reviewed, fail-closed election; see ADR 0021.)
github	#/components/schemas/webhook-issue-comment-unpinned/properties/issue	active_lock_reason	#/components/schemas/webhook-issue-comment-unpinned/properties/issue/allOf/0	enum[resolved,off-topic,too heated,spam]?	#/components/schemas/webhook-issue-comment-unpinned/properties/issue/allOf/1	string?	enum[resolved,off-topic,too heated,spam]? ∧ string? = enum[resolved,off-topic,too heated,spam]?	enum[resolved,off-topic,too heated,spam]?	strict	One branch restricts 'active_lock_reason' to enum[resolved,off-topic,too heated,spam]? while the other admits any string; the enum value set is a subset, so the strict intersection is the enum (enum[resolved,off-topic,too heated,spam]? vs string?).
github	#/components/schemas/webhook-issue-comment-unpinned/properties/issue	assignee	#/components/schemas/webhook-issue-comment-unpinned/properties/issue/allOf/0	ref(#/components/schemas/webhook-issue-comment-unpinned/properties/issue/allOf/0/properties/assignee)?	#/components/schemas/webhook-issue-comment-unpinned/properties/issue/allOf/1	ref(#/components/schemas/webhook-issue-comment-unpinned/properties/issue/allOf/1/properties/assignee)?	ref(#/components/schemas/webhook-issue-comment-unpinned/properties/issue/allOf/0/properties/assignee)? ∧ ref(#/components/schemas/webhook-issue-comment-unpinned/properties/issue/allOf/1/properties/assignee)? = conjunction(ref #/components/schemas/webhook-issue-comment-unpinned/properties/issue/allOf/0/properties/assignee ∧ ref #/components/schemas/webhook-issue-comment-unpinned/properties/issue/allOf/1/properties/assignee)	override branch wins: ref(#/components/schemas/webhook-issue-comment-unpinned/properties/issue/allOf/1/properties/assignee)? (declared at #/components/schemas/webhook-issue-comment-unpinned/properties/issue/allOf/1/properties/assignee)	auditedOverride	The base branch types 'assignee' as ref(#/components/schemas/webhook-issue-comment-unpinned/properties/issue/allOf/0/properties/assignee)? and the override branch redeclares it as the structurally different object ref(#/components/schemas/webhook-issue-comment-unpinned/properties/issue/allOf/1/properties/assignee)?. Literal allOf intersection would require recursively merging two distinct object schemas property-by-property (distributive reasoning, out of the strict resolver's scope); the audited contract intent is that the override branch ref(#/components/schemas/webhook-issue-comment-unpinned/properties/issue/allOf/1/properties/assignee)? is the authoritative shape and replaces the base declaration. (Judgment complete: the committed GitHub x-sdkgen-allof-resolution overlay records this supersession as a reviewed, fail-closed election; see ADR 0021.)
github	#/components/schemas/webhook-issue-comment-unpinned/properties/issue	assignees	#/components/schemas/webhook-issue-comment-unpinned/properties/issue/allOf/0	array<ref(#/components/schemas/webhook-issue-comment-unpinned/properties/issue/allOf/0/properties/assignees/items)?>	#/components/schemas/webhook-issue-comment-unpinned/properties/issue/allOf/1	array<object?>	array<ref(#/components/schemas/webhook-issue-comment-unpinned/properties/issue/allOf/0/properties/assignees/items)?> ∧ array<object?> = array<ref(#/components/schemas/webhook-issue-comment-unpinned/properties/issue/allOf/0/properties/assignees/items)?>	array<ref(#/components/schemas/webhook-issue-comment-unpinned/properties/issue/allOf/0/properties/assignees/items)?>	strict	Both branches type 'assignees' as an array with compatible items (array<ref(#/components/schemas/webhook-issue-comment-unpinned/properties/issue/allOf/0/properties/assignees/items)?> vs array<object?>); the strict intersection reconciles element nullability to array<ref(#/components/schemas/webhook-issue-comment-unpinned/properties/issue/allOf/0/properties/assignees/items)?>.
github	#/components/schemas/webhook-issue-comment-unpinned/properties/issue	author_association	#/components/schemas/webhook-issue-comment-unpinned/properties/issue/allOf/0	enum[COLLABORATOR,CONTRIBUTOR,FIRST_TIMER,FIRST_TIME_CONTRIBUTOR,MANNEQUIN,MEMBER,NONE,OWNER]	#/components/schemas/webhook-issue-comment-unpinned/properties/issue/allOf/1	string	enum[COLLABORATOR,CONTRIBUTOR,FIRST_TIMER,FIRST_TIME_CONTRIBUTOR,MANNEQUIN,MEMBER,NONE,OWNER] ∧ string = enum[COLLABORATOR,CONTRIBUTOR,FIRST_TIMER,FIRST_TIME_CONTRIBUTOR,MANNEQUIN,MEMBER,NONE,OWNER]	enum[COLLABORATOR,CONTRIBUTOR,FIRST_TIMER,FIRST_TIME_CONTRIBUTOR,MANNEQUIN,MEMBER,NONE,OWNER]	strict	One branch restricts 'author_association' to enum[COLLABORATOR,CONTRIBUTOR,FIRST_TIMER,FIRST_TIME_CONTRIBUTOR,MANNEQUIN,MEMBER,NONE,OWNER] while the other admits any string; the enum value set is a subset, so the strict intersection is the enum (enum[COLLABORATOR,CONTRIBUTOR,FIRST_TIMER,FIRST_TIME_CONTRIBUTOR,MANNEQUIN,MEMBER,NONE,OWNER] vs string).
github	#/components/schemas/webhook-issue-comment-unpinned/properties/issue	id	#/components/schemas/webhook-issue-comment-unpinned/properties/issue/allOf/0	integer(int64)	#/components/schemas/webhook-issue-comment-unpinned/properties/issue/allOf/1	integer	integer(int64) ∧ integer = integer(int64)	integer(int64)	strict	Both branches type 'id' as integer; one adds a format (integer(int64) vs integer). The formatted value set is a subset of the unformatted one, so the strict intersection keeps the more specific integer(int64) and nullability is the AND of the two branches.
github	#/components/schemas/webhook-issue-comment-unpinned/properties/issue	labels	#/components/schemas/webhook-issue-comment-unpinned/properties/issue/allOf/0	array<ref(#/components/schemas/webhook-issue-comment-unpinned/properties/issue/allOf/0/properties/labels/items)>	#/components/schemas/webhook-issue-comment-unpinned/properties/issue/allOf/1	array<ref(#/components/schemas/webhook-issue-comment-unpinned/properties/issue/allOf/1/properties/labels/items)>	array<ref(#/components/schemas/webhook-issue-comment-unpinned/properties/issue/allOf/0/properties/labels/items)> ∧ array<ref(#/components/schemas/webhook-issue-comment-unpinned/properties/issue/allOf/1/properties/labels/items)> = array<ref(#/components/schemas/webhook-issue-comment-unpinned/properties/issue/allOf/0/properties/labels/items)>	array<ref(#/components/schemas/webhook-issue-comment-unpinned/properties/issue/allOf/0/properties/labels/items)>	strict	Both branches type 'labels' as an array with compatible items (array<ref(#/components/schemas/webhook-issue-comment-unpinned/properties/issue/allOf/0/properties/labels/items)> vs array<ref(#/components/schemas/webhook-issue-comment-unpinned/properties/issue/allOf/1/properties/labels/items)>); the strict intersection reconciles element nullability to array<ref(#/components/schemas/webhook-issue-comment-unpinned/properties/issue/allOf/0/properties/labels/items)>.
github	#/components/schemas/webhook-issue-comment-unpinned/properties/issue	milestone	#/components/schemas/webhook-issue-comment-unpinned/properties/issue/allOf/0	ref(#/components/schemas/webhook-issue-comment-unpinned/properties/issue/allOf/0/properties/milestone)?	#/components/schemas/webhook-issue-comment-unpinned/properties/issue/allOf/1	object?	ref(#/components/schemas/webhook-issue-comment-unpinned/properties/issue/allOf/0/properties/milestone)? ∧ object? = ref(#/components/schemas/webhook-issue-comment-unpinned/properties/issue/allOf/0/properties/milestone)?	ref(#/components/schemas/webhook-issue-comment-unpinned/properties/issue/allOf/0/properties/milestone)?	strict	'milestone' references the named object ref(#/components/schemas/webhook-issue-comment-unpinned/properties/issue/allOf/0/properties/milestone)? in one branch and a free-form object/any in the other (ref(#/components/schemas/webhook-issue-comment-unpinned/properties/issue/allOf/0/properties/milestone)? vs object?); the named object is a subset, so the strict intersection is ref(#/components/schemas/webhook-issue-comment-unpinned/properties/issue/allOf/0/properties/milestone)?.
github	#/components/schemas/webhook-issue-comment-unpinned/properties/issue	performed_via_github_app	#/components/schemas/webhook-issue-comment-unpinned/properties/issue/allOf/0	ref(#/components/schemas/webhook-issue-comment-unpinned/properties/issue/allOf/0/properties/performed_via_github_app)?	#/components/schemas/webhook-issue-comment-unpinned/properties/issue/allOf/1	object?	ref(#/components/schemas/webhook-issue-comment-unpinned/properties/issue/allOf/0/properties/performed_via_github_app)? ∧ object? = ref(#/components/schemas/webhook-issue-comment-unpinned/properties/issue/allOf/0/properties/performed_via_github_app)?	ref(#/components/schemas/webhook-issue-comment-unpinned/properties/issue/allOf/0/properties/performed_via_github_app)?	strict	'performed_via_github_app' references the named object ref(#/components/schemas/webhook-issue-comment-unpinned/properties/issue/allOf/0/properties/performed_via_github_app)? in one branch and a free-form object/any in the other (ref(#/components/schemas/webhook-issue-comment-unpinned/properties/issue/allOf/0/properties/performed_via_github_app)? vs object?); the named object is a subset, so the strict intersection is ref(#/components/schemas/webhook-issue-comment-unpinned/properties/issue/allOf/0/properties/performed_via_github_app)?.
github	#/components/schemas/webhook-issue-comment-unpinned/properties/issue	reactions	#/components/schemas/webhook-issue-comment-unpinned/properties/issue/allOf/0	ref(#/components/schemas/webhook-issue-comment-unpinned/properties/issue/allOf/0/properties/reactions)	#/components/schemas/webhook-issue-comment-unpinned/properties/issue/allOf/1	ref(#/components/schemas/webhook-issue-comment-unpinned/properties/issue/allOf/1/properties/reactions)	ref(#/components/schemas/webhook-issue-comment-unpinned/properties/issue/allOf/0/properties/reactions) ∧ ref(#/components/schemas/webhook-issue-comment-unpinned/properties/issue/allOf/1/properties/reactions) = ref(#/components/schemas/webhook-issue-comment-unpinned/properties/issue/allOf/0/properties/reactions)	ref(#/components/schemas/webhook-issue-comment-unpinned/properties/issue/allOf/0/properties/reactions)	strict	Both branches reference structurally identical object shapes for 'reactions' at different declaration sites (ref(#/components/schemas/webhook-issue-comment-unpinned/properties/issue/allOf/0/properties/reactions) vs ref(#/components/schemas/webhook-issue-comment-unpinned/properties/issue/allOf/1/properties/reactions)); they differ only in nullability/requiredness, so the strict intersection is the shared object ref(#/components/schemas/webhook-issue-comment-unpinned/properties/issue/allOf/0/properties/reactions).
github	#/components/schemas/webhook-issue-comment-unpinned/properties/issue	state	#/components/schemas/webhook-issue-comment-unpinned/properties/issue/allOf/0	enum[open,closed]	#/components/schemas/webhook-issue-comment-unpinned/properties/issue/allOf/1	enum[open,closed]	enum[open,closed] ∧ enum[open,closed] = enum[open,closed]	enum[open,closed]	strict	One branch restricts 'state' to enum[open,closed] while the other admits any enum; the enum value set is a subset, so the strict intersection is the enum (enum[open,closed] vs enum[open,closed]).
github	#/components/schemas/webhook-issue-comment-unpinned/properties/issue	user	#/components/schemas/webhook-issue-comment-unpinned/properties/issue/allOf/0	ref(#/components/schemas/webhook-issue-comment-unpinned/properties/issue/allOf/0/properties/user)?	#/components/schemas/webhook-issue-comment-unpinned/properties/issue/allOf/1	ref(#/components/schemas/webhook-issue-comment-unpinned/properties/issue/allOf/1/properties/user)	ref(#/components/schemas/webhook-issue-comment-unpinned/properties/issue/allOf/0/properties/user)? ∧ ref(#/components/schemas/webhook-issue-comment-unpinned/properties/issue/allOf/1/properties/user) = conjunction(ref #/components/schemas/webhook-issue-comment-unpinned/properties/issue/allOf/0/properties/user ∧ ref #/components/schemas/webhook-issue-comment-unpinned/properties/issue/allOf/1/properties/user)	override branch wins: ref(#/components/schemas/webhook-issue-comment-unpinned/properties/issue/allOf/1/properties/user) (declared at #/components/schemas/webhook-issue-comment-unpinned/properties/issue/allOf/1/properties/user)	auditedOverride	The base branch types 'user' as ref(#/components/schemas/webhook-issue-comment-unpinned/properties/issue/allOf/0/properties/user)? and the override branch redeclares it as the structurally different object ref(#/components/schemas/webhook-issue-comment-unpinned/properties/issue/allOf/1/properties/user). Literal allOf intersection would require recursively merging two distinct object schemas property-by-property (distributive reasoning, out of the strict resolver's scope); the audited contract intent is that the override branch ref(#/components/schemas/webhook-issue-comment-unpinned/properties/issue/allOf/1/properties/user) is the authoritative shape and replaces the base declaration. (Judgment complete: the committed GitHub x-sdkgen-allof-resolution overlay records this supersession as a reviewed, fail-closed election; see ADR 0021.)
github	#/components/schemas/webhook-issues-closed/properties/issue	active_lock_reason	#/components/schemas/webhook-issues-closed/properties/issue/allOf/0	enum[resolved,off-topic,too heated,spam]?	#/components/schemas/webhook-issues-closed/properties/issue/allOf/1	string?	enum[resolved,off-topic,too heated,spam]? ∧ string? = enum[resolved,off-topic,too heated,spam]?	enum[resolved,off-topic,too heated,spam]?	strict	One branch restricts 'active_lock_reason' to enum[resolved,off-topic,too heated,spam]? while the other admits any string; the enum value set is a subset, so the strict intersection is the enum (enum[resolved,off-topic,too heated,spam]? vs string?).
github	#/components/schemas/webhook-issues-closed/properties/issue	assignee	#/components/schemas/webhook-issues-closed/properties/issue/allOf/0	ref(#/components/schemas/webhook-issues-closed/properties/issue/allOf/0/properties/assignee)?	#/components/schemas/webhook-issues-closed/properties/issue/allOf/1	object?	ref(#/components/schemas/webhook-issues-closed/properties/issue/allOf/0/properties/assignee)? ∧ object? = ref(#/components/schemas/webhook-issues-closed/properties/issue/allOf/0/properties/assignee)?	ref(#/components/schemas/webhook-issues-closed/properties/issue/allOf/0/properties/assignee)?	strict	'assignee' references the named object ref(#/components/schemas/webhook-issues-closed/properties/issue/allOf/0/properties/assignee)? in one branch and a free-form object/any in the other (ref(#/components/schemas/webhook-issues-closed/properties/issue/allOf/0/properties/assignee)? vs object?); the named object is a subset, so the strict intersection is ref(#/components/schemas/webhook-issues-closed/properties/issue/allOf/0/properties/assignee)?.
github	#/components/schemas/webhook-issues-closed/properties/issue	assignees	#/components/schemas/webhook-issues-closed/properties/issue/allOf/0	array<ref(#/components/schemas/webhook-issues-closed/properties/issue/allOf/0/properties/assignees/items)?>	#/components/schemas/webhook-issues-closed/properties/issue/allOf/1	array<object?>	array<ref(#/components/schemas/webhook-issues-closed/properties/issue/allOf/0/properties/assignees/items)?> ∧ array<object?> = array<ref(#/components/schemas/webhook-issues-closed/properties/issue/allOf/0/properties/assignees/items)?>	array<ref(#/components/schemas/webhook-issues-closed/properties/issue/allOf/0/properties/assignees/items)?>	strict	Both branches type 'assignees' as an array with compatible items (array<ref(#/components/schemas/webhook-issues-closed/properties/issue/allOf/0/properties/assignees/items)?> vs array<object?>); the strict intersection reconciles element nullability to array<ref(#/components/schemas/webhook-issues-closed/properties/issue/allOf/0/properties/assignees/items)?>.
github	#/components/schemas/webhook-issues-closed/properties/issue	author_association	#/components/schemas/webhook-issues-closed/properties/issue/allOf/0	enum[COLLABORATOR,CONTRIBUTOR,FIRST_TIMER,FIRST_TIME_CONTRIBUTOR,MANNEQUIN,MEMBER,NONE,OWNER]	#/components/schemas/webhook-issues-closed/properties/issue/allOf/1	string	enum[COLLABORATOR,CONTRIBUTOR,FIRST_TIMER,FIRST_TIME_CONTRIBUTOR,MANNEQUIN,MEMBER,NONE,OWNER] ∧ string = enum[COLLABORATOR,CONTRIBUTOR,FIRST_TIMER,FIRST_TIME_CONTRIBUTOR,MANNEQUIN,MEMBER,NONE,OWNER]	enum[COLLABORATOR,CONTRIBUTOR,FIRST_TIMER,FIRST_TIME_CONTRIBUTOR,MANNEQUIN,MEMBER,NONE,OWNER]	strict	One branch restricts 'author_association' to enum[COLLABORATOR,CONTRIBUTOR,FIRST_TIMER,FIRST_TIME_CONTRIBUTOR,MANNEQUIN,MEMBER,NONE,OWNER] while the other admits any string; the enum value set is a subset, so the strict intersection is the enum (enum[COLLABORATOR,CONTRIBUTOR,FIRST_TIMER,FIRST_TIME_CONTRIBUTOR,MANNEQUIN,MEMBER,NONE,OWNER] vs string).
github	#/components/schemas/webhook-issues-closed/properties/issue	id	#/components/schemas/webhook-issues-closed/properties/issue/allOf/0	integer(int64)	#/components/schemas/webhook-issues-closed/properties/issue/allOf/1	integer	integer(int64) ∧ integer = integer(int64)	integer(int64)	strict	Both branches type 'id' as integer; one adds a format (integer(int64) vs integer). The formatted value set is a subset of the unformatted one, so the strict intersection keeps the more specific integer(int64) and nullability is the AND of the two branches.
github	#/components/schemas/webhook-issues-closed/properties/issue	labels	#/components/schemas/webhook-issues-closed/properties/issue/allOf/0	array<ref(#/components/schemas/webhook-issues-closed/properties/issue/allOf/0/properties/labels/items)>	#/components/schemas/webhook-issues-closed/properties/issue/allOf/1	array<object?>	array<ref(#/components/schemas/webhook-issues-closed/properties/issue/allOf/0/properties/labels/items)> ∧ array<object?> = array<ref(#/components/schemas/webhook-issues-closed/properties/issue/allOf/0/properties/labels/items)>	array<ref(#/components/schemas/webhook-issues-closed/properties/issue/allOf/0/properties/labels/items)>	strict	Both branches type 'labels' as an array with compatible items (array<ref(#/components/schemas/webhook-issues-closed/properties/issue/allOf/0/properties/labels/items)> vs array<object?>); the strict intersection reconciles element nullability to array<ref(#/components/schemas/webhook-issues-closed/properties/issue/allOf/0/properties/labels/items)>.
github	#/components/schemas/webhook-issues-closed/properties/issue	milestone	#/components/schemas/webhook-issues-closed/properties/issue/allOf/0	ref(#/components/schemas/webhook-issues-closed/properties/issue/allOf/0/properties/milestone)?	#/components/schemas/webhook-issues-closed/properties/issue/allOf/1	object?	ref(#/components/schemas/webhook-issues-closed/properties/issue/allOf/0/properties/milestone)? ∧ object? = ref(#/components/schemas/webhook-issues-closed/properties/issue/allOf/0/properties/milestone)?	ref(#/components/schemas/webhook-issues-closed/properties/issue/allOf/0/properties/milestone)?	strict	'milestone' references the named object ref(#/components/schemas/webhook-issues-closed/properties/issue/allOf/0/properties/milestone)? in one branch and a free-form object/any in the other (ref(#/components/schemas/webhook-issues-closed/properties/issue/allOf/0/properties/milestone)? vs object?); the named object is a subset, so the strict intersection is ref(#/components/schemas/webhook-issues-closed/properties/issue/allOf/0/properties/milestone)?.
github	#/components/schemas/webhook-issues-closed/properties/issue	performed_via_github_app	#/components/schemas/webhook-issues-closed/properties/issue/allOf/0	ref(#/components/schemas/webhook-issues-closed/properties/issue/allOf/0/properties/performed_via_github_app)?	#/components/schemas/webhook-issues-closed/properties/issue/allOf/1	object?	ref(#/components/schemas/webhook-issues-closed/properties/issue/allOf/0/properties/performed_via_github_app)? ∧ object? = ref(#/components/schemas/webhook-issues-closed/properties/issue/allOf/0/properties/performed_via_github_app)?	ref(#/components/schemas/webhook-issues-closed/properties/issue/allOf/0/properties/performed_via_github_app)?	strict	'performed_via_github_app' references the named object ref(#/components/schemas/webhook-issues-closed/properties/issue/allOf/0/properties/performed_via_github_app)? in one branch and a free-form object/any in the other (ref(#/components/schemas/webhook-issues-closed/properties/issue/allOf/0/properties/performed_via_github_app)? vs object?); the named object is a subset, so the strict intersection is ref(#/components/schemas/webhook-issues-closed/properties/issue/allOf/0/properties/performed_via_github_app)?.
github	#/components/schemas/webhook-issues-closed/properties/issue	reactions	#/components/schemas/webhook-issues-closed/properties/issue/allOf/0	ref(#/components/schemas/webhook-issues-closed/properties/issue/allOf/0/properties/reactions)	#/components/schemas/webhook-issues-closed/properties/issue/allOf/1	ref(#/components/schemas/webhook-issues-closed/properties/issue/allOf/1/properties/reactions)	ref(#/components/schemas/webhook-issues-closed/properties/issue/allOf/0/properties/reactions) ∧ ref(#/components/schemas/webhook-issues-closed/properties/issue/allOf/1/properties/reactions) = ref(#/components/schemas/webhook-issues-closed/properties/issue/allOf/0/properties/reactions)	ref(#/components/schemas/webhook-issues-closed/properties/issue/allOf/0/properties/reactions)	strict	Both branches reference structurally identical object shapes for 'reactions' at different declaration sites (ref(#/components/schemas/webhook-issues-closed/properties/issue/allOf/0/properties/reactions) vs ref(#/components/schemas/webhook-issues-closed/properties/issue/allOf/1/properties/reactions)); they differ only in nullability/requiredness, so the strict intersection is the shared object ref(#/components/schemas/webhook-issues-closed/properties/issue/allOf/0/properties/reactions).
github	#/components/schemas/webhook-issues-closed/properties/issue	state	#/components/schemas/webhook-issues-closed/properties/issue/allOf/0	enum[open,closed]	#/components/schemas/webhook-issues-closed/properties/issue/allOf/1	enum[closed,open]	enum[open,closed] ∧ enum[closed,open] = enum[open,closed]	enum[open,closed]	strict	One branch restricts 'state' to enum[open,closed] while the other admits any enum; the enum value set is a subset, so the strict intersection is the enum (enum[open,closed] vs enum[closed,open]).
github	#/components/schemas/webhook-issues-closed/properties/issue	user	#/components/schemas/webhook-issues-closed/properties/issue/allOf/0	ref(#/components/schemas/webhook-issues-closed/properties/issue/allOf/0/properties/user)?	#/components/schemas/webhook-issues-closed/properties/issue/allOf/1	ref(#/components/schemas/webhook-issues-closed/properties/issue/allOf/1/properties/user)	ref(#/components/schemas/webhook-issues-closed/properties/issue/allOf/0/properties/user)? ∧ ref(#/components/schemas/webhook-issues-closed/properties/issue/allOf/1/properties/user) = conjunction(ref #/components/schemas/webhook-issues-closed/properties/issue/allOf/0/properties/user ∧ ref #/components/schemas/webhook-issues-closed/properties/issue/allOf/1/properties/user)	override branch wins: ref(#/components/schemas/webhook-issues-closed/properties/issue/allOf/1/properties/user) (declared at #/components/schemas/webhook-issues-closed/properties/issue/allOf/1/properties/user)	auditedOverride	The base branch types 'user' as ref(#/components/schemas/webhook-issues-closed/properties/issue/allOf/0/properties/user)? and the override branch redeclares it as the structurally different object ref(#/components/schemas/webhook-issues-closed/properties/issue/allOf/1/properties/user). Literal allOf intersection would require recursively merging two distinct object schemas property-by-property (distributive reasoning, out of the strict resolver's scope); the audited contract intent is that the override branch ref(#/components/schemas/webhook-issues-closed/properties/issue/allOf/1/properties/user) is the authoritative shape and replaces the base declaration. (Judgment complete: the committed GitHub x-sdkgen-allof-resolution overlay records this supersession as a reviewed, fail-closed election; see ADR 0021.)
github	#/components/schemas/webhook-project-card-moved/properties/project_card	after_id	#/components/schemas/webhook-project-card-moved/properties/project_card/allOf/0	integer?	#/components/schemas/webhook-project-card-moved/properties/project_card/allOf/1	number?	integer? ∧ number? = integer?	integer?	strict	'after_id' is integer in one branch and number in the other (integer? vs number?); the integers are a subset of the numbers, so the strict intersection is integer?.
github	#/components/schemas/webhook-project-card-moved/properties/project_card	creator	#/components/schemas/webhook-project-card-moved/properties/project_card/allOf/0	ref(#/components/schemas/webhook-project-card-moved/properties/project_card/allOf/0/properties/creator)?	#/components/schemas/webhook-project-card-moved/properties/project_card/allOf/1	ref(#/components/schemas/webhook-project-card-moved/properties/project_card/allOf/1/properties/creator)?	ref(#/components/schemas/webhook-project-card-moved/properties/project_card/allOf/0/properties/creator)? ∧ ref(#/components/schemas/webhook-project-card-moved/properties/project_card/allOf/1/properties/creator)? = conjunction(ref #/components/schemas/webhook-project-card-moved/properties/project_card/allOf/0/properties/creator ∧ ref #/components/schemas/webhook-project-card-moved/properties/project_card/allOf/1/properties/creator)	override branch wins: ref(#/components/schemas/webhook-project-card-moved/properties/project_card/allOf/1/properties/creator)? (declared at #/components/schemas/webhook-project-card-moved/properties/project_card/allOf/1/properties/creator)	auditedOverride	The base branch types 'creator' as ref(#/components/schemas/webhook-project-card-moved/properties/project_card/allOf/0/properties/creator)? and the override branch redeclares it as the structurally different object ref(#/components/schemas/webhook-project-card-moved/properties/project_card/allOf/1/properties/creator)?. Literal allOf intersection would require recursively merging two distinct object schemas property-by-property (distributive reasoning, out of the strict resolver's scope); the audited contract intent is that the override branch ref(#/components/schemas/webhook-project-card-moved/properties/project_card/allOf/1/properties/creator)? is the authoritative shape and replaces the base declaration. (Judgment complete: the committed GitHub x-sdkgen-allof-resolution overlay records this supersession as a reviewed, fail-closed election; see ADR 0021.)
github	#/components/schemas/webhook-status/properties/commit/properties/commit/properties/author	email	#/components/schemas/webhook-status/properties/commit/properties/commit/properties/author/allOf/0	string(email)?	#/components/schemas/webhook-status/properties/commit/properties/commit/properties/author/allOf/1	string	string(email)? ∧ string = string(email)	string(email)	strict	Both branches type 'email' as string; one adds a format (string(email)? vs string). The formatted value set is a subset of the unformatted one, so the strict intersection keeps the more specific string(email) and nullability is the AND of the two branches.
github	#/components/schemas/webhook-status/properties/commit/properties/commit/properties/committer	email	#/components/schemas/webhook-status/properties/commit/properties/commit/properties/committer/allOf/0	string(email)?	#/components/schemas/webhook-status/properties/commit/properties/commit/properties/committer/allOf/1	string	string(email)? ∧ string = string(email)	string(email)	strict	Both branches type 'email' as string; one adds a format (string(email)? vs string). The formatted value set is a subset of the unformatted one, so the strict intersection keeps the more specific string(email) and nullability is the AND of the two branches.
github	#/components/schemas/webhook-workflow-job-completed/properties/workflow_job	completed_at	#/components/schemas/webhook-workflow-job-completed/properties/workflow_job/allOf/0	string?	#/components/schemas/webhook-workflow-job-completed/properties/workflow_job/allOf/1	string	string? ∧ string = string	string	strict	Both branches type 'completed_at' as the same wire shape and differ only in nullability (string? vs string). A value is admitted only when both branches admit it, so the strict intersection is string.
github	#/components/schemas/webhook-workflow-job-completed/properties/workflow_job	conclusion	#/components/schemas/webhook-workflow-job-completed/properties/workflow_job/allOf/0	enum[success,failure,skipped,cancelled,action_required,neutral,timed_out]?	#/components/schemas/webhook-workflow-job-completed/properties/workflow_job/allOf/1	enum[success,failure,skipped,cancelled,action_required,neutral,timed_out]	enum[success,failure,skipped,cancelled,action_required,neutral,timed_out]? ∧ enum[success,failure,skipped,cancelled,action_required,neutral,timed_out] = enum[success,failure,skipped,cancelled,action_required,neutral,timed_out]	enum[success,failure,skipped,cancelled,action_required,neutral,timed_out]	strict	One branch restricts 'conclusion' to enum[success,failure,skipped,cancelled,action_required,neutral,timed_out] while the other admits any enum; the enum value set is a subset, so the strict intersection is the enum (enum[success,failure,skipped,cancelled,action_required,neutral,timed_out]? vs enum[success,failure,skipped,cancelled,action_required,neutral,timed_out]).
github	#/components/schemas/webhook-workflow-job-completed/properties/workflow_job	labels	#/components/schemas/webhook-workflow-job-completed/properties/workflow_job/allOf/0	array<string>	#/components/schemas/webhook-workflow-job-completed/properties/workflow_job/allOf/1	array<string?>	array<string> ∧ array<string?> = array<string>	array<string>	strict	Both branches type 'labels' as an array with compatible items (array<string> vs array<string?>); the strict intersection reconciles element nullability to array<string>.
github	#/components/schemas/webhook-workflow-job-completed/properties/workflow_job	run_id	#/components/schemas/webhook-workflow-job-completed/properties/workflow_job/allOf/0	number	#/components/schemas/webhook-workflow-job-completed/properties/workflow_job/allOf/1	integer	number ∧ integer = integer	integer	strict	'run_id' is integer in one branch and number in the other (number vs integer); the integers are a subset of the numbers, so the strict intersection is integer.
github	#/components/schemas/webhook-workflow-job-completed/properties/workflow_job	runner_group_id	#/components/schemas/webhook-workflow-job-completed/properties/workflow_job/allOf/0	integer?	#/components/schemas/webhook-workflow-job-completed/properties/workflow_job/allOf/1	number?	integer? ∧ number? = integer?	integer?	strict	'runner_group_id' is integer in one branch and number in the other (integer? vs number?); the integers are a subset of the numbers, so the strict intersection is integer?.
github	#/components/schemas/webhook-workflow-job-completed/properties/workflow_job	runner_id	#/components/schemas/webhook-workflow-job-completed/properties/workflow_job/allOf/0	integer?	#/components/schemas/webhook-workflow-job-completed/properties/workflow_job/allOf/1	number?	integer? ∧ number? = integer?	integer?	strict	'runner_id' is integer in one branch and number in the other (integer? vs number?); the integers are a subset of the numbers, so the strict intersection is integer?.
github	#/components/schemas/webhook-workflow-job-completed/properties/workflow_job	status	#/components/schemas/webhook-workflow-job-completed/properties/workflow_job/allOf/0	enum[queued,in_progress,completed,waiting]	#/components/schemas/webhook-workflow-job-completed/properties/workflow_job/allOf/1	string	enum[queued,in_progress,completed,waiting] ∧ string = enum[queued,in_progress,completed,waiting]	enum[queued,in_progress,completed,waiting]	strict	One branch restricts 'status' to enum[queued,in_progress,completed,waiting] while the other admits any string; the enum value set is a subset, so the strict intersection is the enum (enum[queued,in_progress,completed,waiting] vs string).
github	#/components/schemas/webhook-workflow-job-completed/properties/workflow_job	steps	#/components/schemas/webhook-workflow-job-completed/properties/workflow_job/allOf/0	array<ref(#/components/schemas/webhook-workflow-job-completed/properties/workflow_job/allOf/0/properties/steps/items)>	#/components/schemas/webhook-workflow-job-completed/properties/workflow_job/allOf/1	array<object?>	array<ref(#/components/schemas/webhook-workflow-job-completed/properties/workflow_job/allOf/0/properties/steps/items)> ∧ array<object?> = array<ref(#/components/schemas/webhook-workflow-job-completed/properties/workflow_job/allOf/0/properties/steps/items)>	array<ref(#/components/schemas/webhook-workflow-job-completed/properties/workflow_job/allOf/0/properties/steps/items)>	strict	Both branches type 'steps' as an array with compatible items (array<ref(#/components/schemas/webhook-workflow-job-completed/properties/workflow_job/allOf/0/properties/steps/items)> vs array<object?>); the strict intersection reconciles element nullability to array<ref(#/components/schemas/webhook-workflow-job-completed/properties/workflow_job/allOf/0/properties/steps/items)>.
github	#/components/schemas/webhook-workflow-job-in-progress/properties/workflow_job	conclusion	#/components/schemas/webhook-workflow-job-in-progress/properties/workflow_job/allOf/0	enum[success,failure,cancelled,neutral]?	#/components/schemas/webhook-workflow-job-in-progress/properties/workflow_job/allOf/1	string?	enum[success,failure,cancelled,neutral]? ∧ string? = enum[success,failure,cancelled,neutral]?	enum[success,failure,cancelled,neutral]?	strict	One branch restricts 'conclusion' to enum[success,failure,cancelled,neutral]? while the other admits any string; the enum value set is a subset, so the strict intersection is the enum (enum[success,failure,cancelled,neutral]? vs string?).
github	#/components/schemas/webhook-workflow-job-in-progress/properties/workflow_job	run_id	#/components/schemas/webhook-workflow-job-in-progress/properties/workflow_job/allOf/0	number	#/components/schemas/webhook-workflow-job-in-progress/properties/workflow_job/allOf/1	integer	number ∧ integer = integer	integer	strict	'run_id' is integer in one branch and number in the other (number vs integer); the integers are a subset of the numbers, so the strict intersection is integer.
github	#/components/schemas/webhook-workflow-job-in-progress/properties/workflow_job	runner_group_id	#/components/schemas/webhook-workflow-job-in-progress/properties/workflow_job/allOf/0	integer?	#/components/schemas/webhook-workflow-job-in-progress/properties/workflow_job/allOf/1	number?	integer? ∧ number? = integer?	integer?	strict	'runner_group_id' is integer in one branch and number in the other (integer? vs number?); the integers are a subset of the numbers, so the strict intersection is integer?.
github	#/components/schemas/webhook-workflow-job-in-progress/properties/workflow_job	runner_id	#/components/schemas/webhook-workflow-job-in-progress/properties/workflow_job/allOf/0	integer?	#/components/schemas/webhook-workflow-job-in-progress/properties/workflow_job/allOf/1	number?	integer? ∧ number? = integer?	integer?	strict	'runner_id' is integer in one branch and number in the other (integer? vs number?); the integers are a subset of the numbers, so the strict intersection is integer?.
github	#/components/schemas/webhook-workflow-job-in-progress/properties/workflow_job	status	#/components/schemas/webhook-workflow-job-in-progress/properties/workflow_job/allOf/0	enum[queued,in_progress,completed]	#/components/schemas/webhook-workflow-job-in-progress/properties/workflow_job/allOf/1	enum[in_progress,completed,queued]	enum[queued,in_progress,completed] ∧ enum[in_progress,completed,queued] = enum[queued,in_progress,completed]	enum[queued,in_progress,completed]	strict	One branch restricts 'status' to enum[queued,in_progress,completed] while the other admits any enum; the enum value set is a subset, so the strict intersection is the enum (enum[queued,in_progress,completed] vs enum[in_progress,completed,queued]).
github	#/components/schemas/webhook-workflow-job-in-progress/properties/workflow_job	steps	#/components/schemas/webhook-workflow-job-in-progress/properties/workflow_job/allOf/0	array<ref(#/components/schemas/webhook-workflow-job-in-progress/properties/workflow_job/allOf/0/properties/steps/items)>	#/components/schemas/webhook-workflow-job-in-progress/properties/workflow_job/allOf/1	array<ref(#/components/schemas/webhook-workflow-job-in-progress/properties/workflow_job/allOf/1/properties/steps/items)>	array<ref(#/components/schemas/webhook-workflow-job-in-progress/properties/workflow_job/allOf/0/properties/steps/items)> ∧ array<ref(#/components/schemas/webhook-workflow-job-in-progress/properties/workflow_job/allOf/1/properties/steps/items)> = array<conjunction(ref #/components/schemas/webhook-workflow-job-in-progress/properties/workflow_job/allOf/0/properties/steps/items ∧ ref #/components/schemas/webhook-workflow-job-in-progress/properties/workflow_job/allOf/1/properties/steps/items)>	override branch wins: array<ref(#/components/schemas/webhook-workflow-job-in-progress/properties/workflow_job/allOf/1/properties/steps/items)>	auditedOverride	'steps' is an array in both branches but their element schemas are structurally different objects (array<ref(#/components/schemas/webhook-workflow-job-in-progress/properties/workflow_job/allOf/0/properties/steps/items)> vs array<ref(#/components/schemas/webhook-workflow-job-in-progress/properties/workflow_job/allOf/1/properties/steps/items)>); the element conjunction would require a distributive per-property merge, so the audited contract intent is that the override branch array<ref(#/components/schemas/webhook-workflow-job-in-progress/properties/workflow_job/allOf/1/properties/steps/items)> replaces the base element shape. (Judgment complete: the committed GitHub x-sdkgen-allof-resolution overlay records this supersession as a reviewed, fail-closed election; see ADR 0021.)
openrouter	#/components/schemas/ContentPartAddedEvent	part	#/components/schemas/BaseContentPartAddedEvent	oneOf[ref(#/components/schemas/ResponseOutputText) | ref(#/components/schemas/OpenAIResponsesRefusalContent)]	#/components/schemas/ContentPartAddedEvent/allOf/1	oneOf[ref(#/components/schemas/ResponseOutputText) | ref(#/components/schemas/ReasoningTextContent) | ref(#/components/schemas/OpenAIResponsesRefusalContent)]	oneOf[ref(#/components/schemas/ResponseOutputText) | ref(#/components/schemas/OpenAIResponsesRefusalContent)] ∧ oneOf[ref(#/components/schemas/ResponseOutputText) | ref(#/components/schemas/ReasoningTextContent) | ref(#/components/schemas/OpenAIResponsesRefusalContent)] = oneOf[ref(#/components/schemas/ResponseOutputText) | ref(#/components/schemas/OpenAIResponsesRefusalContent)]	oneOf[ref(#/components/schemas/ResponseOutputText) | ref(#/components/schemas/OpenAIResponsesRefusalContent)]	strict	One branch types 'part' as the union oneOf[ref(#/components/schemas/ResponseOutputText) | ref(#/components/schemas/OpenAIResponsesRefusalContent)] and the other as oneOf[ref(#/components/schemas/ResponseOutputText) | ref(#/components/schemas/ReasoningTextContent) | ref(#/components/schemas/OpenAIResponsesRefusalContent)]; the strict intersection retains only the compatible union members, oneOf[ref(#/components/schemas/ResponseOutputText) | ref(#/components/schemas/OpenAIResponsesRefusalContent)].
openrouter	#/components/schemas/ContentPartDoneEvent	part	#/components/schemas/BaseContentPartDoneEvent	oneOf[ref(#/components/schemas/ResponseOutputText) | ref(#/components/schemas/OpenAIResponsesRefusalContent)]	#/components/schemas/ContentPartDoneEvent/allOf/1	oneOf[ref(#/components/schemas/ResponseOutputText) | ref(#/components/schemas/ReasoningTextContent) | ref(#/components/schemas/OpenAIResponsesRefusalContent)]	oneOf[ref(#/components/schemas/ResponseOutputText) | ref(#/components/schemas/OpenAIResponsesRefusalContent)] ∧ oneOf[ref(#/components/schemas/ResponseOutputText) | ref(#/components/schemas/ReasoningTextContent) | ref(#/components/schemas/OpenAIResponsesRefusalContent)] = oneOf[ref(#/components/schemas/ResponseOutputText) | ref(#/components/schemas/OpenAIResponsesRefusalContent)]	oneOf[ref(#/components/schemas/ResponseOutputText) | ref(#/components/schemas/OpenAIResponsesRefusalContent)]	strict	One branch types 'part' as the union oneOf[ref(#/components/schemas/ResponseOutputText) | ref(#/components/schemas/OpenAIResponsesRefusalContent)] and the other as oneOf[ref(#/components/schemas/ResponseOutputText) | ref(#/components/schemas/ReasoningTextContent) | ref(#/components/schemas/OpenAIResponsesRefusalContent)]; the strict intersection retains only the compatible union members, oneOf[ref(#/components/schemas/ResponseOutputText) | ref(#/components/schemas/OpenAIResponsesRefusalContent)].
openrouter	#/components/schemas/CustomToolCallOutputItem	output	#/components/schemas/OpenAIResponseCustomToolCallOutput	oneOf[string | array<oneOf[ref(#/components/schemas/InputText) | ref(#/components/schemas/InputImage) | ref(#/components/schemas/InputFile)]>]	#/components/schemas/CustomToolCallOutputItem/allOf/1	oneOf[string | array<oneOf[ref(#/components/schemas/InputText) | ref(#/components/schemas/CustomToolCallOutputItem/allOf/1/properties/output/anyOf/1/items/oneOf/1) | ref(#/components/schemas/InputFile)]>]	oneOf[string | array<oneOf[ref(#/components/schemas/InputText) | ref(#/components/schemas/InputImage) | ref(#/components/schemas/InputFile)]>] ∧ oneOf[string | array<oneOf[ref(#/components/schemas/InputText) | ref(#/components/schemas/CustomToolCallOutputItem/allOf/1/properties/output/anyOf/1/items/oneOf/1) | ref(#/components/schemas/InputFile)]>] = oneOf[string | array<oneOf[ref(#/components/schemas/InputText) | ref(#/components/schemas/InputImage) | ref(#/components/schemas/InputFile)]>]	oneOf[string | array<oneOf[ref(#/components/schemas/InputText) | ref(#/components/schemas/InputImage) | ref(#/components/schemas/InputFile)]>]	strict	One branch types 'output' as the union oneOf[string | array<oneOf[ref(#/components/schemas/InputText) | ref(#/components/schemas/InputImage) | ref(#/components/schemas/InputFile)]>] and the other as oneOf[string | array<oneOf[ref(#/components/schemas/InputText) | ref(#/components/schemas/CustomToolCallOutputItem/allOf/1/properties/output/anyOf/1/items/oneOf/1) | ref(#/components/schemas/InputFile)]>]; the strict intersection retains only the compatible union members, oneOf[string | array<oneOf[ref(#/components/schemas/InputText) | ref(#/components/schemas/InputImage) | ref(#/components/schemas/InputFile)]>].
openrouter	#/components/schemas/FunctionCallOutputItem	output	#/components/schemas/OpenAIResponseFunctionToolCallOutput	oneOf[string | array<oneOf[ref(#/components/schemas/InputText) | ref(#/components/schemas/InputImage) | ref(#/components/schemas/InputFile)]>]	#/components/schemas/FunctionCallOutputItem/allOf/1	oneOf[string | array<oneOf[ref(#/components/schemas/InputText) | ref(#/components/schemas/FunctionCallOutputItem/allOf/1/properties/output/anyOf/1/items/oneOf/1) | ref(#/components/schemas/InputFile)]>]	oneOf[string | array<oneOf[ref(#/components/schemas/InputText) | ref(#/components/schemas/InputImage) | ref(#/components/schemas/InputFile)]>] ∧ oneOf[string | array<oneOf[ref(#/components/schemas/InputText) | ref(#/components/schemas/FunctionCallOutputItem/allOf/1/properties/output/anyOf/1/items/oneOf/1) | ref(#/components/schemas/InputFile)]>] = oneOf[string | array<oneOf[ref(#/components/schemas/InputText) | ref(#/components/schemas/InputImage) | ref(#/components/schemas/InputFile)]>]	oneOf[string | array<oneOf[ref(#/components/schemas/InputText) | ref(#/components/schemas/InputImage) | ref(#/components/schemas/InputFile)]>]	strict	One branch types 'output' as the union oneOf[string | array<oneOf[ref(#/components/schemas/InputText) | ref(#/components/schemas/InputImage) | ref(#/components/schemas/InputFile)]>] and the other as oneOf[string | array<oneOf[ref(#/components/schemas/InputText) | ref(#/components/schemas/FunctionCallOutputItem/allOf/1/properties/output/anyOf/1/items/oneOf/1) | ref(#/components/schemas/InputFile)]>]; the strict intersection retains only the compatible union members, oneOf[string | array<oneOf[ref(#/components/schemas/InputText) | ref(#/components/schemas/InputImage) | ref(#/components/schemas/InputFile)]>].
openrouter	#/components/schemas/Inputs/anyOf/1/items	content	#/components/schemas/OutputItemReasoning	array<ref(#/components/schemas/ReasoningTextContent)>	#/components/schemas/ReasoningItem/allOf/1	array<ref(#/components/schemas/ReasoningTextContent)>?	array<ref(#/components/schemas/ReasoningTextContent)> ∧ array<ref(#/components/schemas/ReasoningTextContent)>? = array<ref(#/components/schemas/ReasoningTextContent)>	array<ref(#/components/schemas/ReasoningTextContent)>	strict	Both branches type 'content' as an array with compatible items (array<ref(#/components/schemas/ReasoningTextContent)> vs array<ref(#/components/schemas/ReasoningTextContent)>?); the strict intersection reconciles element nullability to array<ref(#/components/schemas/ReasoningTextContent)>.
openrouter	#/components/schemas/Inputs/anyOf/1/items	output	#/components/schemas/OpenAIResponseFunctionToolCallOutput	oneOf[string | array<oneOf[ref(#/components/schemas/InputText) | ref(#/components/schemas/InputImage) | ref(#/components/schemas/InputFile)]>]	#/components/schemas/FunctionCallOutputItem/allOf/1	oneOf[string | array<oneOf[ref(#/components/schemas/InputText) | ref(#/components/schemas/FunctionCallOutputItem/allOf/1/properties/output/anyOf/1/items/oneOf/1) | ref(#/components/schemas/InputFile)]>]	oneOf[string | array<oneOf[ref(#/components/schemas/InputText) | ref(#/components/schemas/InputImage) | ref(#/components/schemas/InputFile)]>] ∧ oneOf[string | array<oneOf[ref(#/components/schemas/InputText) | ref(#/components/schemas/FunctionCallOutputItem/allOf/1/properties/output/anyOf/1/items/oneOf/1) | ref(#/components/schemas/InputFile)]>] = oneOf[string | array<oneOf[ref(#/components/schemas/InputText) | ref(#/components/schemas/InputImage) | ref(#/components/schemas/InputFile)]>]	oneOf[string | array<oneOf[ref(#/components/schemas/InputText) | ref(#/components/schemas/InputImage) | ref(#/components/schemas/InputFile)]>]	strict	One branch types 'output' as the union oneOf[string | array<oneOf[ref(#/components/schemas/InputText) | ref(#/components/schemas/InputImage) | ref(#/components/schemas/InputFile)]>] and the other as oneOf[string | array<oneOf[ref(#/components/schemas/InputText) | ref(#/components/schemas/FunctionCallOutputItem/allOf/1/properties/output/anyOf/1/items/oneOf/1) | ref(#/components/schemas/InputFile)]>]; the strict intersection retains only the compatible union members, oneOf[string | array<oneOf[ref(#/components/schemas/InputText) | ref(#/components/schemas/InputImage) | ref(#/components/schemas/InputFile)]>].
openrouter	#/components/schemas/Inputs/anyOf/1/items	summary	#/components/schemas/OutputItemReasoning	array<ref(#/components/schemas/ReasoningSummaryText)>	#/components/schemas/Inputs/anyOf/1/items/anyOf/8/allOf/1	array<ref(#/components/schemas/ReasoningSummaryText)>?	array<ref(#/components/schemas/ReasoningSummaryText)> ∧ array<ref(#/components/schemas/ReasoningSummaryText)>? = array<ref(#/components/schemas/ReasoningSummaryText)>	array<ref(#/components/schemas/ReasoningSummaryText)>	strict	Both branches type 'summary' as an array with compatible items (array<ref(#/components/schemas/ReasoningSummaryText)> vs array<ref(#/components/schemas/ReasoningSummaryText)>?); the strict intersection reconciles element nullability to array<ref(#/components/schemas/ReasoningSummaryText)>.
openrouter	#/components/schemas/Inputs/anyOf/1/items/anyOf/7	content	#/components/schemas/OutputMessage	array<oneOf[ref(#/components/schemas/ResponseOutputText) | ref(#/components/schemas/OpenAIResponsesRefusalContent)]>	#/components/schemas/Inputs/anyOf/1/items/anyOf/7/allOf/1	oneOf[array<oneOf[ref(#/components/schemas/ResponseOutputText) | ref(#/components/schemas/OpenAIResponsesRefusalContent)]> | string]?	array<oneOf[ref(#/components/schemas/ResponseOutputText) | ref(#/components/schemas/OpenAIResponsesRefusalContent)]> ∧ oneOf[array<oneOf[ref(#/components/schemas/ResponseOutputText) | ref(#/components/schemas/OpenAIResponsesRefusalContent)]> | string]? = array<oneOf[ref(#/components/schemas/ResponseOutputText) | ref(#/components/schemas/OpenAIResponsesRefusalContent)]>	array<oneOf[ref(#/components/schemas/ResponseOutputText) | ref(#/components/schemas/OpenAIResponsesRefusalContent)]>	strict	One branch types 'content' as the union array<oneOf[ref(#/components/schemas/ResponseOutputText) | ref(#/components/schemas/OpenAIResponsesRefusalContent)]> and the other as oneOf[array<oneOf[ref(#/components/schemas/ResponseOutputText) | ref(#/components/schemas/OpenAIResponsesRefusalContent)]> | string]?; exactly one union member is compatible, so the strict intersection collapses the union to array<oneOf[ref(#/components/schemas/ResponseOutputText) | ref(#/components/schemas/OpenAIResponsesRefusalContent)]>.
openrouter	#/components/schemas/Inputs/anyOf/1/items/anyOf/8	content	#/components/schemas/OutputItemReasoning	array<ref(#/components/schemas/ReasoningTextContent)>	#/components/schemas/OutputReasoningItem/allOf/1	array<ref(#/components/schemas/ReasoningTextContent)>?	array<ref(#/components/schemas/ReasoningTextContent)> ∧ array<ref(#/components/schemas/ReasoningTextContent)>? = array<ref(#/components/schemas/ReasoningTextContent)>	array<ref(#/components/schemas/ReasoningTextContent)>	strict	Both branches type 'content' as an array with compatible items (array<ref(#/components/schemas/ReasoningTextContent)> vs array<ref(#/components/schemas/ReasoningTextContent)>?); the strict intersection reconciles element nullability to array<ref(#/components/schemas/ReasoningTextContent)>.
openrouter	#/components/schemas/Inputs/anyOf/1/items/anyOf/8	summary	#/components/schemas/OutputItemReasoning	array<ref(#/components/schemas/ReasoningSummaryText)>	#/components/schemas/Inputs/anyOf/1/items/anyOf/8/allOf/1	array<ref(#/components/schemas/ReasoningSummaryText)>?	array<ref(#/components/schemas/ReasoningSummaryText)> ∧ array<ref(#/components/schemas/ReasoningSummaryText)>? = array<ref(#/components/schemas/ReasoningSummaryText)>	array<ref(#/components/schemas/ReasoningSummaryText)>	strict	Both branches type 'summary' as an array with compatible items (array<ref(#/components/schemas/ReasoningSummaryText)> vs array<ref(#/components/schemas/ReasoningSummaryText)>?); the strict intersection reconciles element nullability to array<ref(#/components/schemas/ReasoningSummaryText)>.
openrouter	#/components/schemas/ListEndpointsResponse/properties/architecture	tokenizer	#/components/schemas/ModelArchitecture	enum[Router,Media,Other,GPT,Claude,Gemini,Gemma,Grok,…(20)]	#/components/schemas/ListEndpointsResponse/properties/architecture/allOf/1	enum[Router,Media,Other,GPT,Claude,Gemini,Gemma,Grok,…(20)]?	enum[Router,Media,Other,GPT,Claude,Gemini,Gemma,Grok,…(20)] ∧ enum[Router,Media,Other,GPT,Claude,Gemini,Gemma,Grok,…(20)]? = enum[Router,Media,Other,GPT,Claude,Gemini,Gemma,Grok,…(20)]	enum[Router,Media,Other,GPT,Claude,Gemini,Gemma,Grok,…(20)]	strict	One branch restricts 'tokenizer' to enum[Router,Media,Other,GPT,Claude,Gemini,Gemma,Grok,…(20)] while the other admits any enum; the enum value set is a subset, so the strict intersection is the enum (enum[Router,Media,Other,GPT,Claude,Gemini,Gemma,Grok,…(20)] vs enum[Router,Media,Other,GPT,Claude,Gemini,Gemma,Grok,…(20)]?).
openrouter	#/components/schemas/MessagesResult	usage	#/components/schemas/BaseMessagesResult	ref(#/components/schemas/BaseMessagesResult/properties/usage)	#/components/schemas/MessagesResult/allOf/1	ref(#/components/schemas/MessagesResult/allOf/1/properties/usage)	ref(#/components/schemas/BaseMessagesResult/properties/usage) ∧ ref(#/components/schemas/MessagesResult/allOf/1/properties/usage) = conjunction(ref #/components/schemas/BaseMessagesResult/properties/usage ∧ ref #/components/schemas/MessagesResult/allOf/1/properties/usage)	override branch wins: allOf/1	auditedOverride	The refined protocol-specific allOf/1 branch redeclares this property; its reviewed contract intentionally supersedes the base variant rather than requiring unsupported distributive object merging.
openrouter	#/components/schemas/MessagesResult/allOf/1/properties/usage	service_tier	#/components/schemas/AnthropicUsage	enum[standard,priority,batch]?	#/components/schemas/MessagesResult/allOf/1/properties/usage/allOf/1	string?	enum[standard,priority,batch]? ∧ string? = enum[standard,priority,batch]?	enum[standard,priority,batch]?	strict	One branch restricts 'service_tier' to enum[standard,priority,batch]? while the other admits any string; the enum value set is a subset, so the strict intersection is the enum (enum[standard,priority,batch]? vs string?).
openrouter	#/components/schemas/OpenResponsesCreatedEvent	response	#/components/schemas/CreatedEvent	ref(#/components/schemas/BaseResponsesResult)	#/components/schemas/OpenResponsesCreatedEvent/allOf/1	ref(#/components/schemas/OpenResponsesResult)	ref(#/components/schemas/BaseResponsesResult) ∧ ref(#/components/schemas/OpenResponsesResult) = conjunction(ref #/components/schemas/BaseResponsesResult ∧ ref #/components/schemas/OpenResponsesResult)	override branch wins: allOf/1	auditedOverride	The refined protocol-specific allOf/1 branch redeclares this property; its reviewed contract intentionally supersedes the base variant rather than requiring unsupported distributive object merging.
openrouter	#/components/schemas/OpenResponsesInProgressEvent	response	#/components/schemas/InProgressEvent	ref(#/components/schemas/BaseResponsesResult)	#/components/schemas/OpenResponsesInProgressEvent/allOf/1	ref(#/components/schemas/OpenResponsesResult)	ref(#/components/schemas/BaseResponsesResult) ∧ ref(#/components/schemas/OpenResponsesResult) = conjunction(ref #/components/schemas/BaseResponsesResult ∧ ref #/components/schemas/OpenResponsesResult)	override branch wins: allOf/1	auditedOverride	The refined protocol-specific allOf/1 branch redeclares this property; its reviewed contract intentionally supersedes the base variant rather than requiring unsupported distributive object merging.
openrouter	#/components/schemas/OpenResponsesResult	output	#/components/schemas/BaseResponsesResult	array<oneOf[ref(#/components/schemas/OutputMessage) | ref(#/components/schemas/OutputItemReasoning) | ref(#/components/schemas/OutputItemFunctionCall) | ref(#/components/schemas/OutputItemCustomToolCall) | ref(#/components/schemas/OutputItemWebSearchCall) | ref(#/components/schemas/OutputItemFileSearchCall) | ref(#/components/schemas/OutputItemImageGenerationCall) | ref(#/components/schemas/OutputItemApplyPatchCall)]>	#/components/schemas/OpenResponsesResult/allOf/1	array<oneOf[ref(#/components/schemas/OutputMessageItem) | ref(#/components/schemas/OutputReasoningItem) | ref(#/components/schemas/OutputFunctionCallItem) | ref(#/components/schemas/OutputWebSearchCallItem) | ref(#/components/schemas/OutputFileSearchCallItem) | ref(#/components/schemas/OutputImageGenerationCallItem) | ref(#/components/schemas/OutputCodeInterpreterCallItem) | ref(#/components/schemas/OutputComputerCallItem) | ref(#/components/schemas/OutputDatetimeItem) | ref(#/components/schemas/OutputWebSearchServerToolItem) | ref(#/components/schemas/OutputCodeInterpreterServerToolItem) | ref(#/components/schemas/OutputFileSearchServerToolItem) | ref(#/components/schemas/OutputImageGenerationServerToolItem) | ref(#/components/schemas/OutputBrowserUseServerToolItem) | ref(#/components/schemas/OutputBashServerToolItem) | ref(#/components/schemas/OutputTextEditorServerToolItem) | ref(#/components/schemas/OutputApplyPatchServerToolItem) | ref(#/components/schemas/OutputApplyPatchCallItem) | ref(#/components/schemas/OutputShellCallItem) | ref(#/components/schemas/OutputShellCallOutputItem) | ref(#/components/schemas/OutputWebFetchServerToolItem) | ref(#/components/schemas/OutputToolSearchServerToolItem) | ref(#/components/schemas/OutputMemoryServerToolItem) | ref(#/components/schemas/OutputMcpServerToolItem) | ref(#/components/schemas/OutputSearchModelsServerToolItem) | ref(#/components/schemas/OutputFusionServerToolItem) | ref(#/components/schemas/OutputAdvisorServerToolItem) | ref(#/components/schemas/OutputSubagentServerToolItem) | ref(#/components/schemas/OutputFilesServerToolItem) | ref(#/components/schemas/OutputCustomToolCallItem)]>	array<oneOf[ref(#/components/schemas/OutputMessage) | ref(#/components/schemas/OutputItemReasoning) | ref(#/components/schemas/OutputItemFunctionCall) | ref(#/components/schemas/OutputItemCustomToolCall) | ref(#/components/schemas/OutputItemWebSearchCall) | ref(#/components/schemas/OutputItemFileSearchCall) | ref(#/components/schemas/OutputItemImageGenerationCall) | ref(#/components/schemas/OutputItemApplyPatchCall)]> ∧ array<oneOf[ref(#/components/schemas/OutputMessageItem) | ref(#/components/schemas/OutputReasoningItem) | ref(#/components/schemas/OutputFunctionCallItem) | ref(#/components/schemas/OutputWebSearchCallItem) | ref(#/components/schemas/OutputFileSearchCallItem) | ref(#/components/schemas/OutputImageGenerationCallItem) | ref(#/components/schemas/OutputCodeInterpreterCallItem) | ref(#/components/schemas/OutputComputerCallItem) | ref(#/components/schemas/OutputDatetimeItem) | ref(#/components/schemas/OutputWebSearchServerToolItem) | ref(#/components/schemas/OutputCodeInterpreterServerToolItem) | ref(#/components/schemas/OutputFileSearchServerToolItem) | ref(#/components/schemas/OutputImageGenerationServerToolItem) | ref(#/components/schemas/OutputBrowserUseServerToolItem) | ref(#/components/schemas/OutputBashServerToolItem) | ref(#/components/schemas/OutputTextEditorServerToolItem) | ref(#/components/schemas/OutputApplyPatchServerToolItem) | ref(#/components/schemas/OutputApplyPatchCallItem) | ref(#/components/schemas/OutputShellCallItem) | ref(#/components/schemas/OutputShellCallOutputItem) | ref(#/components/schemas/OutputWebFetchServerToolItem) | ref(#/components/schemas/OutputToolSearchServerToolItem) | ref(#/components/schemas/OutputMemoryServerToolItem) | ref(#/components/schemas/OutputMcpServerToolItem) | ref(#/components/schemas/OutputSearchModelsServerToolItem) | ref(#/components/schemas/OutputFusionServerToolItem) | ref(#/components/schemas/OutputAdvisorServerToolItem) | ref(#/components/schemas/OutputSubagentServerToolItem) | ref(#/components/schemas/OutputFilesServerToolItem) | ref(#/components/schemas/OutputCustomToolCallItem)]> = array<oneOf[ref(#/components/schemas/OutputMessage) | ref(#/components/schemas/OutputItemFunctionCall) | ref(#/components/schemas/OutputItemWebSearchCall) | ref(#/components/schemas/OutputItemFileSearchCall) | ref(#/components/schemas/OutputItemImageGenerationCall)]>	override branch wins: allOf/1	auditedOverride	The refined protocol-specific allOf/1 branch redeclares this property; its reviewed contract intentionally supersedes the base variant rather than requiring unsupported distributive object merging.
openrouter	#/components/schemas/OpenResponsesResult	service_tier	#/components/schemas/BaseResponsesResult	enum[auto,default,flex,priority,scale]?	#/components/schemas/OpenResponsesResult/allOf/1	string?	enum[auto,default,flex,priority,scale]? ∧ string? = enum[auto,default,flex,priority,scale]?	override branch wins: allOf/1	auditedOverride	The refined protocol-specific allOf/1 branch redeclares this property; its reviewed contract intentionally supersedes the base variant rather than requiring unsupported distributive object merging.
openrouter	#/components/schemas/OpenResponsesResult	text	#/components/schemas/BaseResponsesResult	ref(#/components/schemas/TextConfig)	#/components/schemas/OpenResponsesResult/allOf/1	ref(#/components/schemas/TextExtendedConfig)	ref(#/components/schemas/TextConfig) ∧ ref(#/components/schemas/TextExtendedConfig) = conjunction(ref #/components/schemas/TextConfig ∧ ref #/components/schemas/TextExtendedConfig)	override branch wins: allOf/1	auditedOverride	The refined protocol-specific allOf/1 branch redeclares this property; its reviewed contract intentionally supersedes the base variant rather than requiring unsupported distributive object merging.
openrouter	#/components/schemas/OpenResponsesResult	usage	#/components/schemas/BaseResponsesResult	ref(#/components/schemas/OpenAIResponsesUsage)	#/components/schemas/OpenResponsesResult/allOf/1	ref(#/components/schemas/Usage)	ref(#/components/schemas/OpenAIResponsesUsage) ∧ ref(#/components/schemas/Usage) = conjunction(ref #/components/schemas/OpenAIResponsesUsage ∧ ref #/components/schemas/Usage)	override branch wins: allOf/1	auditedOverride	The refined protocol-specific allOf/1 branch redeclares this property; its reviewed contract intentionally supersedes the base variant rather than requiring unsupported distributive object merging.
openrouter	#/components/schemas/OutputItems	content	#/components/schemas/OutputItemReasoning	array<ref(#/components/schemas/ReasoningTextContent)>	#/components/schemas/OutputReasoningItem/allOf/1	array<ref(#/components/schemas/ReasoningTextContent)>?	array<ref(#/components/schemas/ReasoningTextContent)> ∧ array<ref(#/components/schemas/ReasoningTextContent)>? = array<ref(#/components/schemas/ReasoningTextContent)>	array<ref(#/components/schemas/ReasoningTextContent)>	strict	Both branches type 'content' as an array with compatible items (array<ref(#/components/schemas/ReasoningTextContent)> vs array<ref(#/components/schemas/ReasoningTextContent)>?); the strict intersection reconciles element nullability to array<ref(#/components/schemas/ReasoningTextContent)>.
openrouter	#/components/schemas/OutputReasoningItem	content	#/components/schemas/OutputItemReasoning	array<ref(#/components/schemas/ReasoningTextContent)>	#/components/schemas/OutputReasoningItem/allOf/1	array<ref(#/components/schemas/ReasoningTextContent)>?	array<ref(#/components/schemas/ReasoningTextContent)> ∧ array<ref(#/components/schemas/ReasoningTextContent)>? = array<ref(#/components/schemas/ReasoningTextContent)>	array<ref(#/components/schemas/ReasoningTextContent)>	strict	Both branches type 'content' as an array with compatible items (array<ref(#/components/schemas/ReasoningTextContent)> vs array<ref(#/components/schemas/ReasoningTextContent)>?); the strict intersection reconciles element nullability to array<ref(#/components/schemas/ReasoningTextContent)>.
openrouter	#/components/schemas/ReasoningItem	content	#/components/schemas/OutputItemReasoning	array<ref(#/components/schemas/ReasoningTextContent)>	#/components/schemas/ReasoningItem/allOf/1	array<ref(#/components/schemas/ReasoningTextContent)>?	array<ref(#/components/schemas/ReasoningTextContent)> ∧ array<ref(#/components/schemas/ReasoningTextContent)>? = array<ref(#/components/schemas/ReasoningTextContent)>	array<ref(#/components/schemas/ReasoningTextContent)>	strict	Both branches type 'content' as an array with compatible items (array<ref(#/components/schemas/ReasoningTextContent)> vs array<ref(#/components/schemas/ReasoningTextContent)>?); the strict intersection reconciles element nullability to array<ref(#/components/schemas/ReasoningTextContent)>.
openrouter	#/components/schemas/StreamEventsResponseCompleted	response	#/components/schemas/CompletedEvent	ref(#/components/schemas/BaseResponsesResult)	#/components/schemas/StreamEventsResponseCompleted/allOf/1	ref(#/components/schemas/OpenResponsesResult)	ref(#/components/schemas/BaseResponsesResult) ∧ ref(#/components/schemas/OpenResponsesResult) = conjunction(ref #/components/schemas/BaseResponsesResult ∧ ref #/components/schemas/OpenResponsesResult)	override branch wins: allOf/1	auditedOverride	The refined protocol-specific allOf/1 branch redeclares this property; its reviewed contract intentionally supersedes the base variant rather than requiring unsupported distributive object merging.
openrouter	#/components/schemas/StreamEventsResponseFailed	response	#/components/schemas/FailedEvent	ref(#/components/schemas/BaseResponsesResult)	#/components/schemas/StreamEventsResponseFailed/allOf/1	ref(#/components/schemas/OpenResponsesResult)	ref(#/components/schemas/BaseResponsesResult) ∧ ref(#/components/schemas/OpenResponsesResult) = conjunction(ref #/components/schemas/BaseResponsesResult ∧ ref #/components/schemas/OpenResponsesResult)	override branch wins: allOf/1	auditedOverride	The refined protocol-specific allOf/1 branch redeclares this property; its reviewed contract intentionally supersedes the base variant rather than requiring unsupported distributive object merging.
openrouter	#/components/schemas/StreamEventsResponseIncomplete	response	#/components/schemas/IncompleteEvent	ref(#/components/schemas/BaseResponsesResult)	#/components/schemas/StreamEventsResponseIncomplete/allOf/1	ref(#/components/schemas/OpenResponsesResult)	ref(#/components/schemas/BaseResponsesResult) ∧ ref(#/components/schemas/OpenResponsesResult) = conjunction(ref #/components/schemas/BaseResponsesResult ∧ ref #/components/schemas/OpenResponsesResult)	override branch wins: allOf/1	auditedOverride	The refined protocol-specific allOf/1 branch redeclares this property; its reviewed contract intentionally supersedes the base variant rather than requiring unsupported distributive object merging.
openrouter	#/components/schemas/StreamEventsResponseOutputItemAdded	item	#/components/schemas/OutputItemAddedEvent	oneOf[ref(#/components/schemas/OutputMessage) | ref(#/components/schemas/OutputItemReasoning) | ref(#/components/schemas/OutputItemFunctionCall) | ref(#/components/schemas/OutputItemCustomToolCall) | ref(#/components/schemas/OutputItemWebSearchCall) | ref(#/components/schemas/OutputItemFileSearchCall) | ref(#/components/schemas/OutputItemImageGenerationCall) | ref(#/components/schemas/OutputItemApplyPatchCall)]	#/components/schemas/StreamEventsResponseOutputItemAdded/allOf/1	oneOf[ref(#/components/schemas/OutputMessageItem) | ref(#/components/schemas/OutputReasoningItem) | ref(#/components/schemas/OutputFunctionCallItem) | ref(#/components/schemas/OutputWebSearchCallItem) | ref(#/components/schemas/OutputFileSearchCallItem) | ref(#/components/schemas/OutputImageGenerationCallItem) | ref(#/components/schemas/OutputCodeInterpreterCallItem) | ref(#/components/schemas/OutputComputerCallItem) | ref(#/components/schemas/OutputDatetimeItem) | ref(#/components/schemas/OutputWebSearchServerToolItem) | ref(#/components/schemas/OutputCodeInterpreterServerToolItem) | ref(#/components/schemas/OutputFileSearchServerToolItem) | ref(#/components/schemas/OutputImageGenerationServerToolItem) | ref(#/components/schemas/OutputBrowserUseServerToolItem) | ref(#/components/schemas/OutputBashServerToolItem) | ref(#/components/schemas/OutputTextEditorServerToolItem) | ref(#/components/schemas/OutputApplyPatchServerToolItem) | ref(#/components/schemas/OutputApplyPatchCallItem) | ref(#/components/schemas/OutputShellCallItem) | ref(#/components/schemas/OutputShellCallOutputItem) | ref(#/components/schemas/OutputWebFetchServerToolItem) | ref(#/components/schemas/OutputToolSearchServerToolItem) | ref(#/components/schemas/OutputMemoryServerToolItem) | ref(#/components/schemas/OutputMcpServerToolItem) | ref(#/components/schemas/OutputSearchModelsServerToolItem) | ref(#/components/schemas/OutputFusionServerToolItem) | ref(#/components/schemas/OutputAdvisorServerToolItem) | ref(#/components/schemas/OutputSubagentServerToolItem) | ref(#/components/schemas/OutputFilesServerToolItem) | ref(#/components/schemas/OutputCustomToolCallItem)]	oneOf[ref(#/components/schemas/OutputMessage) | ref(#/components/schemas/OutputItemReasoning) | ref(#/components/schemas/OutputItemFunctionCall) | ref(#/components/schemas/OutputItemCustomToolCall) | ref(#/components/schemas/OutputItemWebSearchCall) | ref(#/components/schemas/OutputItemFileSearchCall) | ref(#/components/schemas/OutputItemImageGenerationCall) | ref(#/components/schemas/OutputItemApplyPatchCall)] ∧ oneOf[ref(#/components/schemas/OutputMessageItem) | ref(#/components/schemas/OutputReasoningItem) | ref(#/components/schemas/OutputFunctionCallItem) | ref(#/components/schemas/OutputWebSearchCallItem) | ref(#/components/schemas/OutputFileSearchCallItem) | ref(#/components/schemas/OutputImageGenerationCallItem) | ref(#/components/schemas/OutputCodeInterpreterCallItem) | ref(#/components/schemas/OutputComputerCallItem) | ref(#/components/schemas/OutputDatetimeItem) | ref(#/components/schemas/OutputWebSearchServerToolItem) | ref(#/components/schemas/OutputCodeInterpreterServerToolItem) | ref(#/components/schemas/OutputFileSearchServerToolItem) | ref(#/components/schemas/OutputImageGenerationServerToolItem) | ref(#/components/schemas/OutputBrowserUseServerToolItem) | ref(#/components/schemas/OutputBashServerToolItem) | ref(#/components/schemas/OutputTextEditorServerToolItem) | ref(#/components/schemas/OutputApplyPatchServerToolItem) | ref(#/components/schemas/OutputApplyPatchCallItem) | ref(#/components/schemas/OutputShellCallItem) | ref(#/components/schemas/OutputShellCallOutputItem) | ref(#/components/schemas/OutputWebFetchServerToolItem) | ref(#/components/schemas/OutputToolSearchServerToolItem) | ref(#/components/schemas/OutputMemoryServerToolItem) | ref(#/components/schemas/OutputMcpServerToolItem) | ref(#/components/schemas/OutputSearchModelsServerToolItem) | ref(#/components/schemas/OutputFusionServerToolItem) | ref(#/components/schemas/OutputAdvisorServerToolItem) | ref(#/components/schemas/OutputSubagentServerToolItem) | ref(#/components/schemas/OutputFilesServerToolItem) | ref(#/components/schemas/OutputCustomToolCallItem)] = oneOf[ref(#/components/schemas/OutputMessage) | ref(#/components/schemas/OutputItemFunctionCall) | ref(#/components/schemas/OutputItemWebSearchCall) | ref(#/components/schemas/OutputItemFileSearchCall) | ref(#/components/schemas/OutputItemImageGenerationCall)]	override branch wins: allOf/1	auditedOverride	The refined protocol-specific allOf/1 branch redeclares this property; its reviewed contract intentionally supersedes the base variant rather than requiring unsupported distributive object merging.
openrouter	#/components/schemas/StreamEventsResponseOutputItemDone	item	#/components/schemas/OutputItemDoneEvent	oneOf[ref(#/components/schemas/OutputMessage) | ref(#/components/schemas/OutputItemReasoning) | ref(#/components/schemas/OutputItemFunctionCall) | ref(#/components/schemas/OutputItemCustomToolCall) | ref(#/components/schemas/OutputItemWebSearchCall) | ref(#/components/schemas/OutputItemFileSearchCall) | ref(#/components/schemas/OutputItemImageGenerationCall) | ref(#/components/schemas/OutputItemApplyPatchCall)]	#/components/schemas/StreamEventsResponseOutputItemDone/allOf/1	oneOf[ref(#/components/schemas/OutputMessageItem) | ref(#/components/schemas/OutputReasoningItem) | ref(#/components/schemas/OutputFunctionCallItem) | ref(#/components/schemas/OutputWebSearchCallItem) | ref(#/components/schemas/OutputFileSearchCallItem) | ref(#/components/schemas/OutputImageGenerationCallItem) | ref(#/components/schemas/OutputCodeInterpreterCallItem) | ref(#/components/schemas/OutputComputerCallItem) | ref(#/components/schemas/OutputDatetimeItem) | ref(#/components/schemas/OutputWebSearchServerToolItem) | ref(#/components/schemas/OutputCodeInterpreterServerToolItem) | ref(#/components/schemas/OutputFileSearchServerToolItem) | ref(#/components/schemas/OutputImageGenerationServerToolItem) | ref(#/components/schemas/OutputBrowserUseServerToolItem) | ref(#/components/schemas/OutputBashServerToolItem) | ref(#/components/schemas/OutputTextEditorServerToolItem) | ref(#/components/schemas/OutputApplyPatchServerToolItem) | ref(#/components/schemas/OutputApplyPatchCallItem) | ref(#/components/schemas/OutputShellCallItem) | ref(#/components/schemas/OutputShellCallOutputItem) | ref(#/components/schemas/OutputWebFetchServerToolItem) | ref(#/components/schemas/OutputToolSearchServerToolItem) | ref(#/components/schemas/OutputMemoryServerToolItem) | ref(#/components/schemas/OutputMcpServerToolItem) | ref(#/components/schemas/OutputSearchModelsServerToolItem) | ref(#/components/schemas/OutputFusionServerToolItem) | ref(#/components/schemas/OutputAdvisorServerToolItem) | ref(#/components/schemas/OutputSubagentServerToolItem) | ref(#/components/schemas/OutputFilesServerToolItem) | ref(#/components/schemas/OutputCustomToolCallItem)]	oneOf[ref(#/components/schemas/OutputMessage) | ref(#/components/schemas/OutputItemReasoning) | ref(#/components/schemas/OutputItemFunctionCall) | ref(#/components/schemas/OutputItemCustomToolCall) | ref(#/components/schemas/OutputItemWebSearchCall) | ref(#/components/schemas/OutputItemFileSearchCall) | ref(#/components/schemas/OutputItemImageGenerationCall) | ref(#/components/schemas/OutputItemApplyPatchCall)] ∧ oneOf[ref(#/components/schemas/OutputMessageItem) | ref(#/components/schemas/OutputReasoningItem) | ref(#/components/schemas/OutputFunctionCallItem) | ref(#/components/schemas/OutputWebSearchCallItem) | ref(#/components/schemas/OutputFileSearchCallItem) | ref(#/components/schemas/OutputImageGenerationCallItem) | ref(#/components/schemas/OutputCodeInterpreterCallItem) | ref(#/components/schemas/OutputComputerCallItem) | ref(#/components/schemas/OutputDatetimeItem) | ref(#/components/schemas/OutputWebSearchServerToolItem) | ref(#/components/schemas/OutputCodeInterpreterServerToolItem) | ref(#/components/schemas/OutputFileSearchServerToolItem) | ref(#/components/schemas/OutputImageGenerationServerToolItem) | ref(#/components/schemas/OutputBrowserUseServerToolItem) | ref(#/components/schemas/OutputBashServerToolItem) | ref(#/components/schemas/OutputTextEditorServerToolItem) | ref(#/components/schemas/OutputApplyPatchServerToolItem) | ref(#/components/schemas/OutputApplyPatchCallItem) | ref(#/components/schemas/OutputShellCallItem) | ref(#/components/schemas/OutputShellCallOutputItem) | ref(#/components/schemas/OutputWebFetchServerToolItem) | ref(#/components/schemas/OutputToolSearchServerToolItem) | ref(#/components/schemas/OutputMemoryServerToolItem) | ref(#/components/schemas/OutputMcpServerToolItem) | ref(#/components/schemas/OutputSearchModelsServerToolItem) | ref(#/components/schemas/OutputFusionServerToolItem) | ref(#/components/schemas/OutputAdvisorServerToolItem) | ref(#/components/schemas/OutputSubagentServerToolItem) | ref(#/components/schemas/OutputFilesServerToolItem) | ref(#/components/schemas/OutputCustomToolCallItem)] = oneOf[ref(#/components/schemas/OutputMessage) | ref(#/components/schemas/OutputItemFunctionCall) | ref(#/components/schemas/OutputItemWebSearchCall) | ref(#/components/schemas/OutputItemFileSearchCall) | ref(#/components/schemas/OutputItemImageGenerationCall)]	override branch wins: allOf/1	auditedOverride	The refined protocol-specific allOf/1 branch redeclares this property; its reviewed contract intentionally supersedes the base variant rather than requiring unsupported distributive object merging.
openrouter	#/components/schemas/StreamLogprob	top_logprobs	#/components/schemas/OpenResponsesLogProbs	array<ref(#/components/schemas/OpenResponsesTopLogprobs)>	#/components/schemas/StreamLogprob/allOf/1	array<ref(#/components/schemas/StreamLogprobTopLogprob)>	array<ref(#/components/schemas/OpenResponsesTopLogprobs)> ∧ array<ref(#/components/schemas/StreamLogprobTopLogprob)> = array<ref(#/components/schemas/OpenResponsesTopLogprobs)>	array<ref(#/components/schemas/OpenResponsesTopLogprobs)>	strict	Both branches type 'top_logprobs' as an array with compatible items (array<ref(#/components/schemas/OpenResponsesTopLogprobs)> vs array<ref(#/components/schemas/StreamLogprobTopLogprob)>); the strict intersection reconciles element nullability to array<ref(#/components/schemas/OpenResponsesTopLogprobs)>.
openrouter	#/components/schemas/TextDeltaEvent	logprobs	#/components/schemas/BaseTextDeltaEvent	array<ref(#/components/schemas/OpenResponsesLogProbs)>	#/components/schemas/TextDeltaEvent/allOf/1	array<ref(#/components/schemas/StreamLogprob)>	array<ref(#/components/schemas/OpenResponsesLogProbs)> ∧ array<ref(#/components/schemas/StreamLogprob)> = array<conjunction(ref #/components/schemas/OpenResponsesLogProbs ∧ ref #/components/schemas/StreamLogprob)>	override branch wins: allOf/1	auditedOverride	The refined protocol-specific allOf/1 branch redeclares this property; its reviewed contract intentionally supersedes the base variant rather than requiring unsupported distributive object merging.
openrouter	#/components/schemas/TextDoneEvent	logprobs	#/components/schemas/BaseTextDoneEvent	array<ref(#/components/schemas/OpenResponsesLogProbs)>	#/components/schemas/TextDoneEvent/allOf/1	array<ref(#/components/schemas/StreamLogprob)>	array<ref(#/components/schemas/OpenResponsesLogProbs)> ∧ array<ref(#/components/schemas/StreamLogprob)> = array<conjunction(ref #/components/schemas/OpenResponsesLogProbs ∧ ref #/components/schemas/StreamLogprob)>	override branch wins: allOf/1	auditedOverride	The refined protocol-specific allOf/1 branch redeclares this property; its reviewed contract intentionally supersedes the base variant rather than requiring unsupported distributive object merging.
openrouter	#/components/schemas/TextExtendedConfig	verbosity	#/components/schemas/TextConfig	enum[high,low,medium]?	#/components/schemas/TextExtendedConfig/allOf/1	enum[low,medium,high,xhigh,max]?	enum[high,low,medium]? ∧ enum[low,medium,high,xhigh,max]? = enum[high,low,medium]?	enum[high,low,medium]?	strict	One branch restricts 'verbosity' to enum[high,low,medium]? while the other admits any enum; the enum value set is a subset, so the strict intersection is the enum (enum[high,low,medium]? vs enum[low,medium,high,xhigh,max]?).
