kind	symbolId	diagnosticCode	documentUri	jsonPointer	reason	reasonSha256	category	waiverId	rationale	owner	disposition
operation	operation:DeleteSubscriptionsSubscriptionExposedId	SDKGEN-PROJECTION-UNREPRESENTABLE-OPERATION	sdkgen://source/openapi.json	/paths/~1v1~1subscriptions~1{subscription_exposed_id}/delete/requestBody/content/application~1x-www-form-urlencoded/schema/properties/cancellation_details	Operation 'DeleteSubscriptionsSubscriptionExposedId' cannot be represented: form object must declare additionalProperties: false; dynamic form keys are unsupported	529c68850ae8cd19261606b7544272d2806e2406ffb4af4699faaf24b59b07f4	dynamic-object-keys	stripe-paths-1v1-1subscriptions-1-subscription-exposed-id-delete-requestbody-content-application-1x-www-form-urlencoded-schema-properties-cancellation-details-529c68850ae8	Exact Stripe T11 waiver for this dynamic object keys operation: Operation 'DeleteSubscriptionsSubscriptionExposedId' cannot be represented: form object must declare additionalProperties: false; dynamic form keys are unsupported. Omit only this source-proven tuple rather than weaken the generated SDK contract.	sdkgen-maintainers	omit
operation	operation:PostAccountLinks	SDKGEN-PROJECTION-UNREPRESENTABLE-OPERATION	sdkgen://source/openapi.json	/paths/~1v1~1account_links/post/requestBody/content/application~1x-www-form-urlencoded/schema/properties/collection_options	Operation 'PostAccountLinks' cannot be represented: form object must declare additionalProperties: false; dynamic form keys are unsupported	8c47b687af834a2951c6ed9b358b64bf6b42e528614c03bed21e0fbb5226b66c	dynamic-object-keys	stripe-paths-1v1-1account-links-post-requestbody-content-application-1x-www-form-urlencoded-schema-properties-collection-options-8c47b687af83	Exact Stripe T11 waiver for this dynamic object keys operation: Operation 'PostAccountLinks' cannot be represented: form object must declare additionalProperties: false; dynamic form keys are unsupported. Omit only this source-proven tuple rather than weaken the generated SDK contract.	sdkgen-maintainers	omit
operation	operation:PostAccountSessions	SDKGEN-PROJECTION-UNREPRESENTABLE-OPERATION	sdkgen://source/openapi.json	/paths/~1v1~1account_sessions/post/requestBody/content/application~1x-www-form-urlencoded/schema/properties/components	Operation 'PostAccountSessions' cannot be represented: form object must declare additionalProperties: false; dynamic form keys are unsupported	33b8f03ddc70c76aea939db0bdc785b5ddbfb080729a9b052bacf8595d944a22	dynamic-object-keys	stripe-paths-1v1-1account-sessions-post-requestbody-content-application-1x-www-form-urlencoded-schema-properties-components-33b8f03ddc70	Exact Stripe T11 waiver for this dynamic object keys operation: Operation 'PostAccountSessions' cannot be represented: form object must declare additionalProperties: false; dynamic form keys are unsupported. Omit only this source-proven tuple rather than weaken the generated SDK contract.	sdkgen-maintainers	omit
operation	operation:PostAccounts	SDKGEN-PROJECTION-UNREPRESENTABLE-OPERATION	sdkgen://source/openapi.json	/paths/~1v1~1accounts/post/requestBody/content/application~1x-www-form-urlencoded/schema/properties/bank_account/anyOf/0	Operation 'PostAccounts' cannot be represented: form object must declare additionalProperties: false; dynamic form keys are unsupported	f62372ab909df8c29516decef210c8ce3b31a3e78898db54dd33647a3777985b	dynamic-object-keys	stripe-paths-1v1-1accounts-post-requestbody-content-application-1x-www-form-urlencoded-schema-properties-bank-account-anyof-0-f62372ab909d	Exact Stripe T11 waiver for this dynamic object keys operation: Operation 'PostAccounts' cannot be represented: form object must declare additionalProperties: false; dynamic form keys are unsupported. Omit only this source-proven tuple rather than weaken the generated SDK contract.	sdkgen-maintainers	omit
operation	operation:PostAccountsAccount	SDKGEN-PROJECTION-UNREPRESENTABLE-OPERATION	sdkgen://source/openapi.json	/paths/~1v1~1accounts~1{account}/post/requestBody/content/application~1x-www-form-urlencoded/schema/properties/business_profile	Operation 'PostAccountsAccount' cannot be represented: form object must declare additionalProperties: false; dynamic form keys are unsupported	86465bf66c88f10628988b1f9d7ccfccc212a887e07a0dab83dbf0b9fed281de	dynamic-object-keys	stripe-paths-1v1-1accounts-1-account-post-requestbody-content-application-1x-www-form-urlencoded-schema-properties-business-profile-86465bf66c88	Exact Stripe T11 waiver for this dynamic object keys operation: Operation 'PostAccountsAccount' cannot be represented: form object must declare additionalProperties: false; dynamic form keys are unsupported. Omit only this source-proven tuple rather than weaken the generated SDK contract.	sdkgen-maintainers	omit
operation	operation:PostAccountsAccountBankAccounts	SDKGEN-PROJECTION-UNREPRESENTABLE-OPERATION	sdkgen://source/openapi.json	/paths/~1v1~1accounts~1{account}~1bank_accounts/post/requestBody/content/application~1x-www-form-urlencoded/schema/properties/bank_account/anyOf/0	Operation 'PostAccountsAccountBankAccounts' cannot be represented: form object must declare additionalProperties: false; dynamic form keys are unsupported	9756094227022cdab8d81e47a8c8a70b81da8b1f249e4eb06cfd83d8d92c65a2	dynamic-object-keys	stripe-paths-1v1-1accounts-1-account-1bank-accounts-post-requestbody-content-application-1x-www-form-urlencoded-schema-properties-bank-account-anyof-0-975609422702	Exact Stripe T11 waiver for this dynamic object keys operation: Operation 'PostAccountsAccountBankAccounts' cannot be represented: form object must declare additionalProperties: false; dynamic form keys are unsupported. Omit only this source-proven tuple rather than weaken the generated SDK contract.	sdkgen-maintainers	omit
operation	operation:PostAccountsAccountBankAccountsId	SDKGEN-PROJECTION-UNREPRESENTABLE-OPERATION	sdkgen://source/openapi.json	/paths/~1v1~1accounts~1{account}~1bank_accounts~1{id}/post/requestBody/content/application~1x-www-form-urlencoded/schema/properties/documents	Operation 'PostAccountsAccountBankAccountsId' cannot be represented: form object must declare additionalProperties: false; dynamic form keys are unsupported	5666bb63b99dc3e47581506f020900049a12249c365495a88e06a847b8aa32f5	dynamic-object-keys	stripe-paths-1v1-1accounts-1-account-1bank-accounts-1-id-post-requestbody-content-application-1x-www-form-urlencoded-schema-properties-documents-5666bb63b99d	Exact Stripe T11 waiver for this dynamic object keys operation: Operation 'PostAccountsAccountBankAccountsId' cannot be represented: form object must declare additionalProperties: false; dynamic form keys are unsupported. Omit only this source-proven tuple rather than weaken the generated SDK contract.	sdkgen-maintainers	omit
operation	operation:PostAccountsAccountExternalAccounts	SDKGEN-PROJECTION-UNREPRESENTABLE-OPERATION	sdkgen://source/openapi.json	/paths/~1v1~1accounts~1{account}~1external_accounts/post/requestBody/content/application~1x-www-form-urlencoded/schema/properties/bank_account/anyOf/0	Operation 'PostAccountsAccountExternalAccounts' cannot be represented: form object must declare additionalProperties: false; dynamic form keys are unsupported	a3414a018f7ae3e22a35f0f9d8df23f5ece0f14ba021af5a41b03c7ae70d9b3b	dynamic-object-keys	stripe-paths-1v1-1accounts-1-account-1external-accounts-post-requestbody-content-application-1x-www-form-urlencoded-schema-properties-bank-account-anyof-0-a3414a018f7a	Exact Stripe T11 waiver for this dynamic object keys operation: Operation 'PostAccountsAccountExternalAccounts' cannot be represented: form object must declare additionalProperties: false; dynamic form keys are unsupported. Omit only this source-proven tuple rather than weaken the generated SDK contract.	sdkgen-maintainers	omit
operation	operation:PostAccountsAccountExternalAccountsId	SDKGEN-PROJECTION-UNREPRESENTABLE-OPERATION	sdkgen://source/openapi.json	/paths/~1v1~1accounts~1{account}~1external_accounts~1{id}/post/requestBody/content/application~1x-www-form-urlencoded/schema/properties/documents	Operation 'PostAccountsAccountExternalAccountsId' cannot be represented: form object must declare additionalProperties: false; dynamic form keys are unsupported	b0682d4aadac7cf2bcfc41e38b4d17bf119ef41f8ee16f318218dcf0b0a1bc9e	dynamic-object-keys	stripe-paths-1v1-1accounts-1-account-1external-accounts-1-id-post-requestbody-content-application-1x-www-form-urlencoded-schema-properties-documents-b0682d4aadac	Exact Stripe T11 waiver for this dynamic object keys operation: Operation 'PostAccountsAccountExternalAccountsId' cannot be represented: form object must declare additionalProperties: false; dynamic form keys are unsupported. Omit only this source-proven tuple rather than weaken the generated SDK contract.	sdkgen-maintainers	omit
operation	operation:PostAccountsAccountPeople	SDKGEN-PROJECTION-UNREPRESENTABLE-OPERATION	sdkgen://source/openapi.json	/paths/~1v1~1accounts~1{account}~1people/post/requestBody/content/application~1x-www-form-urlencoded/schema/properties/additional_tos_acceptances	Operation 'PostAccountsAccountPeople' cannot be represented: form object must declare additionalProperties: false; dynamic form keys are unsupported	f756b5e66ffd368a4f34e4a112edc36beb26bd90e8af236c72446938611ac69c	dynamic-object-keys	stripe-paths-1v1-1accounts-1-account-1people-post-requestbody-content-application-1x-www-form-urlencoded-schema-properties-additional-tos-acceptances-f756b5e66ffd	Exact Stripe T11 waiver for this dynamic object keys operation: Operation 'PostAccountsAccountPeople' cannot be represented: form object must declare additionalProperties: false; dynamic form keys are unsupported. Omit only this source-proven tuple rather than weaken the generated SDK contract.	sdkgen-maintainers	omit
operation	operation:PostAccountsAccountPeoplePerson	SDKGEN-PROJECTION-UNREPRESENTABLE-OPERATION	sdkgen://source/openapi.json	/paths/~1v1~1accounts~1{account}~1people~1{person}/post/requestBody/content/application~1x-www-form-urlencoded/schema/properties/additional_tos_acceptances	Operation 'PostAccountsAccountPeoplePerson' cannot be represented: form object must declare additionalProperties: false; dynamic form keys are unsupported	68a83287ca1b57115b3354be845f3190aca93a84cb637105cbb27d69413fc0a8	dynamic-object-keys	stripe-paths-1v1-1accounts-1-account-1people-1-person-post-requestbody-content-application-1x-www-form-urlencoded-schema-properties-additional-tos-acceptances-68a83287ca1b	Exact Stripe T11 waiver for this dynamic object keys operation: Operation 'PostAccountsAccountPeoplePerson' cannot be represented: form object must declare additionalProperties: false; dynamic form keys are unsupported. Omit only this source-proven tuple rather than weaken the generated SDK contract.	sdkgen-maintainers	omit
operation	operation:PostAccountsAccountPersons	SDKGEN-PROJECTION-UNREPRESENTABLE-OPERATION	sdkgen://source/openapi.json	/paths/~1v1~1accounts~1{account}~1persons/post/requestBody/content/application~1x-www-form-urlencoded/schema/properties/additional_tos_acceptances	Operation 'PostAccountsAccountPersons' cannot be represented: form object must declare additionalProperties: false; dynamic form keys are unsupported	e54eaefe9ac7fd2372ff130f336a9ff85e7e89aa8d561deeea35626ba7d467f9	dynamic-object-keys	stripe-paths-1v1-1accounts-1-account-1persons-post-requestbody-content-application-1x-www-form-urlencoded-schema-properties-additional-tos-acceptances-e54eaefe9ac7	Exact Stripe T11 waiver for this dynamic object keys operation: Operation 'PostAccountsAccountPersons' cannot be represented: form object must declare additionalProperties: false; dynamic form keys are unsupported. Omit only this source-proven tuple rather than weaken the generated SDK contract.	sdkgen-maintainers	omit
operation	operation:PostAccountsAccountPersonsPerson	SDKGEN-PROJECTION-UNREPRESENTABLE-OPERATION	sdkgen://source/openapi.json	/paths/~1v1~1accounts~1{account}~1persons~1{person}/post/requestBody/content/application~1x-www-form-urlencoded/schema/properties/additional_tos_acceptances	Operation 'PostAccountsAccountPersonsPerson' cannot be represented: form object must declare additionalProperties: false; dynamic form keys are unsupported	b5ed89b9f5f5c1b9ce614f73074f108ff79f227c61c96d32a9c18f606fbe4e0d	dynamic-object-keys	stripe-paths-1v1-1accounts-1-account-1persons-1-person-post-requestbody-content-application-1x-www-form-urlencoded-schema-properties-additional-tos-acceptances-b5ed89b9f5f5	Exact Stripe T11 waiver for this dynamic object keys operation: Operation 'PostAccountsAccountPersonsPerson' cannot be represented: form object must declare additionalProperties: false; dynamic form keys are unsupported. Omit only this source-proven tuple rather than weaken the generated SDK contract.	sdkgen-maintainers	omit
operation	operation:PostAppsSecrets	SDKGEN-PROJECTION-UNREPRESENTABLE-OPERATION	sdkgen://source/openapi.json	/paths/~1v1~1apps~1secrets/post/requestBody/content/application~1x-www-form-urlencoded/schema/properties/scope	Operation 'PostAppsSecrets' cannot be represented: form object must declare additionalProperties: false; dynamic form keys are unsupported	69b2db2a84749a29c7bca2316a9289662609885ddfdd46c17b90dda084bbaeff	dynamic-object-keys	stripe-paths-1v1-1apps-1secrets-post-requestbody-content-application-1x-www-form-urlencoded-schema-properties-scope-69b2db2a8474	Exact Stripe T11 waiver for this dynamic object keys operation: Operation 'PostAppsSecrets' cannot be represented: form object must declare additionalProperties: false; dynamic form keys are unsupported. Omit only this source-proven tuple rather than weaken the generated SDK contract.	sdkgen-maintainers	omit
operation	operation:PostAppsSecretsDelete	SDKGEN-PROJECTION-UNREPRESENTABLE-OPERATION	sdkgen://source/openapi.json	/paths/~1v1~1apps~1secrets~1delete/post/requestBody/content/application~1x-www-form-urlencoded/schema/properties/scope	Operation 'PostAppsSecretsDelete' cannot be represented: form object must declare additionalProperties: false; dynamic form keys are unsupported	e4df9701e8a9ba85fa03aba44b3d159b506f11a037afce880177b5f6e08fade3	dynamic-object-keys	stripe-paths-1v1-1apps-1secrets-1delete-post-requestbody-content-application-1x-www-form-urlencoded-schema-properties-scope-e4df9701e8a9	Exact Stripe T11 waiver for this dynamic object keys operation: Operation 'PostAppsSecretsDelete' cannot be represented: form object must declare additionalProperties: false; dynamic form keys are unsupported. Omit only this source-proven tuple rather than weaken the generated SDK contract.	sdkgen-maintainers	omit
operation	operation:PostBalanceSettings	SDKGEN-PROJECTION-UNREPRESENTABLE-OPERATION	sdkgen://source/openapi.json	/paths/~1v1~1balance_settings/post/requestBody/content/application~1x-www-form-urlencoded/schema/properties/payments	Operation 'PostBalanceSettings' cannot be represented: form object must declare additionalProperties: false; dynamic form keys are unsupported	d0f71695f9011b6f6a6423e2b2dc5091bd5da0a519fd03f42751953b9a5b2770	dynamic-object-keys	stripe-paths-1v1-1balance-settings-post-requestbody-content-application-1x-www-form-urlencoded-schema-properties-payments-d0f71695f901	Exact Stripe T11 waiver for this dynamic object keys operation: Operation 'PostBalanceSettings' cannot be represented: form object must declare additionalProperties: false; dynamic form keys are unsupported. Omit only this source-proven tuple rather than weaken the generated SDK contract.	sdkgen-maintainers	omit
operation	operation:PostBillingAlerts	SDKGEN-PROJECTION-UNREPRESENTABLE-OPERATION	sdkgen://source/openapi.json	/paths/~1v1~1billing~1alerts/post/requestBody/content/application~1x-www-form-urlencoded/schema/properties/usage_threshold	Operation 'PostBillingAlerts' cannot be represented: form object must declare additionalProperties: false; dynamic form keys are unsupported	81606c874c03f22550b88a9b6667f641073822b752ad916428522793f06d4627	dynamic-object-keys	stripe-paths-1v1-1billing-1alerts-post-requestbody-content-application-1x-www-form-urlencoded-schema-properties-usage-threshold-81606c874c03	Exact Stripe T11 waiver for this dynamic object keys operation: Operation 'PostBillingAlerts' cannot be represented: form object must declare additionalProperties: false; dynamic form keys are unsupported. Omit only this source-proven tuple rather than weaken the generated SDK contract.	sdkgen-maintainers	omit
operation	operation:PostBillingCreditGrants	SDKGEN-PROJECTION-UNREPRESENTABLE-OPERATION	sdkgen://source/openapi.json	/paths/~1v1~1billing~1credit_grants/post/requestBody/content/application~1x-www-form-urlencoded/schema/properties/amount	Operation 'PostBillingCreditGrants' cannot be represented: form object must declare additionalProperties: false; dynamic form keys are unsupported	72199da5b2835e729547cf6a7e67463887248e3a9d6f7c907fed04eea0f4e260	dynamic-object-keys	stripe-paths-1v1-1billing-1credit-grants-post-requestbody-content-application-1x-www-form-urlencoded-schema-properties-amount-72199da5b283	Exact Stripe T11 waiver for this dynamic object keys operation: Operation 'PostBillingCreditGrants' cannot be represented: form object must declare additionalProperties: false; dynamic form keys are unsupported. Omit only this source-proven tuple rather than weaken the generated SDK contract.	sdkgen-maintainers	omit
operation	operation:PostBillingMeterEventAdjustments	SDKGEN-PROJECTION-UNREPRESENTABLE-OPERATION	sdkgen://source/openapi.json	/paths/~1v1~1billing~1meter_event_adjustments/post/requestBody/content/application~1x-www-form-urlencoded/schema/properties/cancel	Operation 'PostBillingMeterEventAdjustments' cannot be represented: form object must declare additionalProperties: false; dynamic form keys are unsupported	949d1f715f589a7c5c52b9acbee5c79bd6858af598f3745b3cba7607433caf57	dynamic-object-keys	stripe-paths-1v1-1billing-1meter-event-adjustments-post-requestbody-content-application-1x-www-form-urlencoded-schema-properties-cancel-949d1f715f58	Exact Stripe T11 waiver for this dynamic object keys operation: Operation 'PostBillingMeterEventAdjustments' cannot be represented: form object must declare additionalProperties: false; dynamic form keys are unsupported. Omit only this source-proven tuple rather than weaken the generated SDK contract.	sdkgen-maintainers	omit
operation	operation:PostBillingMeters	SDKGEN-PROJECTION-UNREPRESENTABLE-OPERATION	sdkgen://source/openapi.json	/paths/~1v1~1billing~1meters/post/requestBody/content/application~1x-www-form-urlencoded/schema/properties/customer_mapping	Operation 'PostBillingMeters' cannot be represented: form object must declare additionalProperties: false; dynamic form keys are unsupported	ae8df03c954fd0d2327f1720d6c4f568ba86b9613dc5533fbb5a4ea69006f24c	dynamic-object-keys	stripe-paths-1v1-1billing-1meters-post-requestbody-content-application-1x-www-form-urlencoded-schema-properties-customer-mapping-ae8df03c954f	Exact Stripe T11 waiver for this dynamic object keys operation: Operation 'PostBillingMeters' cannot be represented: form object must declare additionalProperties: false; dynamic form keys are unsupported. Omit only this source-proven tuple rather than weaken the generated SDK contract.	sdkgen-maintainers	omit
operation	operation:PostBillingPortalConfigurations	SDKGEN-PROJECTION-UNREPRESENTABLE-OPERATION	sdkgen://source/openapi.json	/paths/~1v1~1billing_portal~1configurations/post/requestBody/content/application~1x-www-form-urlencoded/schema/properties/business_profile	Operation 'PostBillingPortalConfigurations' cannot be represented: form object must declare additionalProperties: false; dynamic form keys are unsupported	569076ed960ad3fcc68a9b2ca73825f7e91251d2234f0423f17467df804418a1	dynamic-object-keys	stripe-paths-1v1-1billing-portal-1configurations-post-requestbody-content-application-1x-www-form-urlencoded-schema-properties-business-profile-569076ed960a	Exact Stripe T11 waiver for this dynamic object keys operation: Operation 'PostBillingPortalConfigurations' cannot be represented: form object must declare additionalProperties: false; dynamic form keys are unsupported. Omit only this source-proven tuple rather than weaken the generated SDK contract.	sdkgen-maintainers	omit
operation	operation:PostBillingPortalConfigurationsConfiguration	SDKGEN-PROJECTION-UNREPRESENTABLE-OPERATION	sdkgen://source/openapi.json	/paths/~1v1~1billing_portal~1configurations~1{configuration}/post/requestBody/content/application~1x-www-form-urlencoded/schema/properties/business_profile	Operation 'PostBillingPortalConfigurationsConfiguration' cannot be represented: form object must declare additionalProperties: false; dynamic form keys are unsupported	ebadbd15156a57a94b01ed3993eb39aceca79e689251918c752100d41fc42cef	dynamic-object-keys	stripe-paths-1v1-1billing-portal-1configurations-1-configuration-post-requestbody-content-application-1x-www-form-urlencoded-schema-properties-business-profile-ebadbd15156a	Exact Stripe T11 waiver for this dynamic object keys operation: Operation 'PostBillingPortalConfigurationsConfiguration' cannot be represented: form object must declare additionalProperties: false; dynamic form keys are unsupported. Omit only this source-proven tuple rather than weaken the generated SDK contract.	sdkgen-maintainers	omit
operation	operation:PostBillingPortalSessions	SDKGEN-PROJECTION-UNREPRESENTABLE-OPERATION	sdkgen://source/openapi.json	/paths/~1v1~1billing_portal~1sessions/post/requestBody/content/application~1x-www-form-urlencoded/schema/properties/flow_data	Operation 'PostBillingPortalSessions' cannot be represented: form object must declare additionalProperties: false; dynamic form keys are unsupported	879cfe2ddd3e4994c3a5d3b28978a28ffebbbb45e676b56f096748b095b4b518	dynamic-object-keys	stripe-paths-1v1-1billing-portal-1sessions-post-requestbody-content-application-1x-www-form-urlencoded-schema-properties-flow-data-879cfe2ddd3e	Exact Stripe T11 waiver for this dynamic object keys operation: Operation 'PostBillingPortalSessions' cannot be represented: form object must declare additionalProperties: false; dynamic form keys are unsupported. Omit only this source-proven tuple rather than weaken the generated SDK contract.	sdkgen-maintainers	omit
operation	operation:PostCharges	SDKGEN-PROJECTION-UNREPRESENTABLE-OPERATION	sdkgen://source/openapi.json	/paths/~1v1~1charges/post/requestBody/content/application~1x-www-form-urlencoded/schema/properties/card/anyOf/0	Operation 'PostCharges' cannot be represented: form object must declare additionalProperties: false; dynamic form keys are unsupported	62ced05bf6c98bd3d409b4dd5d17351e39f9055eb7ade5e2a5eb1fc240175794	dynamic-object-keys	stripe-paths-1v1-1charges-post-requestbody-content-application-1x-www-form-urlencoded-schema-properties-card-anyof-0-62ced05bf6c9	Exact Stripe T11 waiver for this dynamic object keys operation: Operation 'PostCharges' cannot be represented: form object must declare additionalProperties: false; dynamic form keys are unsupported. Omit only this source-proven tuple rather than weaken the generated SDK contract.	sdkgen-maintainers	omit
operation	operation:PostChargesCharge	SDKGEN-PROJECTION-UNREPRESENTABLE-OPERATION	sdkgen://source/openapi.json	/paths/~1v1~1charges~1{charge}/post/requestBody/content/application~1x-www-form-urlencoded/schema/properties/fraud_details	Operation 'PostChargesCharge' cannot be represented: form object must declare additionalProperties: false; dynamic form keys are unsupported	4b779986762f6ecfeb4469af4e07ae18fa9086291ef947b4862a286fbcdd9a63	dynamic-object-keys	stripe-paths-1v1-1charges-1-charge-post-requestbody-content-application-1x-www-form-urlencoded-schema-properties-fraud-details-4b779986762f	Exact Stripe T11 waiver for this dynamic object keys operation: Operation 'PostChargesCharge' cannot be represented: form object must declare additionalProperties: false; dynamic form keys are unsupported. Omit only this source-proven tuple rather than weaken the generated SDK contract.	sdkgen-maintainers	omit
operation	operation:PostChargesChargeCapture	SDKGEN-PROJECTION-UNREPRESENTABLE-OPERATION	sdkgen://source/openapi.json	/paths/~1v1~1charges~1{charge}~1capture/post/requestBody/content/application~1x-www-form-urlencoded/schema/properties/transfer_data	Operation 'PostChargesChargeCapture' cannot be represented: form object must declare additionalProperties: false; dynamic form keys are unsupported	33c623f11cfdfe204f27118481d3d9fad241b14990b959fca7b6eecca68c86b6	dynamic-object-keys	stripe-paths-1v1-1charges-1-charge-1capture-post-requestbody-content-application-1x-www-form-urlencoded-schema-properties-transfer-data-33c623f11cfd	Exact Stripe T11 waiver for this dynamic object keys operation: Operation 'PostChargesChargeCapture' cannot be represented: form object must declare additionalProperties: false; dynamic form keys are unsupported. Omit only this source-proven tuple rather than weaken the generated SDK contract.	sdkgen-maintainers	omit
operation	operation:PostChargesChargeDispute	SDKGEN-PROJECTION-UNREPRESENTABLE-OPERATION	sdkgen://source/openapi.json	/paths/~1v1~1charges~1{charge}~1dispute/post/requestBody/content/application~1x-www-form-urlencoded/schema/properties/evidence	Operation 'PostChargesChargeDispute' cannot be represented: form object must declare additionalProperties: false; dynamic form keys are unsupported	c8521333437a96e8f90c4e5c94e79e6ccdf73250f9314bf7cee6084f73ea881c	dynamic-object-keys	stripe-paths-1v1-1charges-1-charge-1dispute-post-requestbody-content-application-1x-www-form-urlencoded-schema-properties-evidence-c8521333437a	Exact Stripe T11 waiver for this dynamic object keys operation: Operation 'PostChargesChargeDispute' cannot be represented: form object must declare additionalProperties: false; dynamic form keys are unsupported. Omit only this source-proven tuple rather than weaken the generated SDK contract.	sdkgen-maintainers	omit
operation	operation:PostCheckoutSessions	SDKGEN-PROJECTION-UNREPRESENTABLE-OPERATION	sdkgen://source/openapi.json	/paths/~1v1~1checkout~1sessions/post/requestBody/content/application~1x-www-form-urlencoded/schema/properties/adaptive_pricing	Operation 'PostCheckoutSessions' cannot be represented: form object must declare additionalProperties: false; dynamic form keys are unsupported	7d5c6e8fe77e2a9f853c9ca141b6951311047f6dbb562763b40fb351d01df241	dynamic-object-keys	stripe-paths-1v1-1checkout-1sessions-post-requestbody-content-application-1x-www-form-urlencoded-schema-properties-adaptive-pricing-7d5c6e8fe77e	Exact Stripe T11 waiver for this dynamic object keys operation: Operation 'PostCheckoutSessions' cannot be represented: form object must declare additionalProperties: false; dynamic form keys are unsupported. Omit only this source-proven tuple rather than weaken the generated SDK contract.	sdkgen-maintainers	omit
operation	operation:PostCheckoutSessionsSession	SDKGEN-PROJECTION-UNREPRESENTABLE-OPERATION	sdkgen://source/openapi.json	/paths/~1v1~1checkout~1sessions~1{session}/post/requestBody/content/application~1x-www-form-urlencoded/schema/properties/collected_information	Operation 'PostCheckoutSessionsSession' cannot be represented: form object must declare additionalProperties: false; dynamic form keys are unsupported	5544787c2c0b41a2d6a0847b73cffc6145bc016140e9a79198f33e5f9a92b9ba	dynamic-object-keys	stripe-paths-1v1-1checkout-1sessions-1-session-post-requestbody-content-application-1x-www-form-urlencoded-schema-properties-collected-information-5544787c2c0b	Exact Stripe T11 waiver for this dynamic object keys operation: Operation 'PostCheckoutSessionsSession' cannot be represented: form object must declare additionalProperties: false; dynamic form keys are unsupported. Omit only this source-proven tuple rather than weaken the generated SDK contract.	sdkgen-maintainers	omit
operation	operation:PostClimateOrders	SDKGEN-PROJECTION-UNREPRESENTABLE-OPERATION	sdkgen://source/openapi.json	/paths/~1v1~1climate~1orders/post/requestBody/content/application~1x-www-form-urlencoded/schema/properties/beneficiary	Operation 'PostClimateOrders' cannot be represented: form object must declare additionalProperties: false; dynamic form keys are unsupported	38115655c954a060ece0b0919d57a66dafdbf363a9570194a523cd2fc0cb395e	dynamic-object-keys	stripe-paths-1v1-1climate-1orders-post-requestbody-content-application-1x-www-form-urlencoded-schema-properties-beneficiary-38115655c954	Exact Stripe T11 waiver for this dynamic object keys operation: Operation 'PostClimateOrders' cannot be represented: form object must declare additionalProperties: false; dynamic form keys are unsupported. Omit only this source-proven tuple rather than weaken the generated SDK contract.	sdkgen-maintainers	omit
operation	operation:PostClimateOrdersOrder	SDKGEN-PROJECTION-UNREPRESENTABLE-OPERATION	sdkgen://source/openapi.json	/paths/~1v1~1climate~1orders~1{order}/post/requestBody/content/application~1x-www-form-urlencoded/schema/properties/beneficiary/anyOf/0	Operation 'PostClimateOrdersOrder' cannot be represented: form object must declare additionalProperties: false; dynamic form keys are unsupported	39025bba66e78bfbf0483645119087bd56135887f6a791784f162e9535528ad5	dynamic-object-keys	stripe-paths-1v1-1climate-1orders-1-order-post-requestbody-content-application-1x-www-form-urlencoded-schema-properties-beneficiary-anyof-0-39025bba66e7	Exact Stripe T11 waiver for this dynamic object keys operation: Operation 'PostClimateOrdersOrder' cannot be represented: form object must declare additionalProperties: false; dynamic form keys are unsupported. Omit only this source-proven tuple rather than weaken the generated SDK contract.	sdkgen-maintainers	omit
operation	operation:PostCoupons	SDKGEN-PROJECTION-UNREPRESENTABLE-OPERATION	sdkgen://source/openapi.json	/paths/~1v1~1coupons/post/requestBody/content/application~1x-www-form-urlencoded/schema/properties/applies_to	Operation 'PostCoupons' cannot be represented: form object must declare additionalProperties: false; dynamic form keys are unsupported	a95264b3130d791316310dfd8e09d8a17589eb838be699386f4136fe760622f1	dynamic-object-keys	stripe-paths-1v1-1coupons-post-requestbody-content-application-1x-www-form-urlencoded-schema-properties-applies-to-a95264b3130d	Exact Stripe T11 waiver for this dynamic object keys operation: Operation 'PostCoupons' cannot be represented: form object must declare additionalProperties: false; dynamic form keys are unsupported. Omit only this source-proven tuple rather than weaken the generated SDK contract.	sdkgen-maintainers	omit
operation	operation:PostCouponsCoupon	SDKGEN-PROJECTION-UNREPRESENTABLE-OPERATION	sdkgen://source/openapi.json	/paths/~1v1~1coupons~1{coupon}/post/requestBody/content/application~1x-www-form-urlencoded/schema/properties/currency_options/additionalProperties	Operation 'PostCouponsCoupon' cannot be represented: form object must declare additionalProperties: false; dynamic form keys are unsupported	c9e1ea273e8811e13c3b2f3fb525c8c6dd9794ebcabb26139e366f1eba840fda	dynamic-object-keys	stripe-paths-1v1-1coupons-1-coupon-post-requestbody-content-application-1x-www-form-urlencoded-schema-properties-currency-options-additionalproperties-c9e1ea273e88	Exact Stripe T11 waiver for this dynamic object keys operation: Operation 'PostCouponsCoupon' cannot be represented: form object must declare additionalProperties: false; dynamic form keys are unsupported. Omit only this source-proven tuple rather than weaken the generated SDK contract.	sdkgen-maintainers	omit
operation	operation:PostCreditNotes	SDKGEN-PROJECTION-UNREPRESENTABLE-OPERATION	sdkgen://source/openapi.json	/paths/~1v1~1credit_notes/post/requestBody/content/application~1x-www-form-urlencoded/schema/properties/lines/items	Operation 'PostCreditNotes' cannot be represented: form object must declare additionalProperties: false; dynamic form keys are unsupported	40c8e991898244087e7bdfa6476f7a4fcd84540b884574eb657c1a6941ebf252	dynamic-object-keys	stripe-paths-1v1-1credit-notes-post-requestbody-content-application-1x-www-form-urlencoded-schema-properties-lines-items-40c8e9918982	Exact Stripe T11 waiver for this dynamic object keys operation: Operation 'PostCreditNotes' cannot be represented: form object must declare additionalProperties: false; dynamic form keys are unsupported. Omit only this source-proven tuple rather than weaken the generated SDK contract.	sdkgen-maintainers	omit
operation	operation:PostCustomerSessions	SDKGEN-PROJECTION-UNREPRESENTABLE-OPERATION	sdkgen://source/openapi.json	/paths/~1v1~1customer_sessions/post/requestBody/content/application~1x-www-form-urlencoded/schema/properties/components	Operation 'PostCustomerSessions' cannot be represented: form object must declare additionalProperties: false; dynamic form keys are unsupported	a287727ccbbca64b7f322d60bfdc8ad55ea9ef6bb0c22b118c73b085c1ba08d1	dynamic-object-keys	stripe-paths-1v1-1customer-sessions-post-requestbody-content-application-1x-www-form-urlencoded-schema-properties-components-a287727ccbbc	Exact Stripe T11 waiver for this dynamic object keys operation: Operation 'PostCustomerSessions' cannot be represented: form object must declare additionalProperties: false; dynamic form keys are unsupported. Omit only this source-proven tuple rather than weaken the generated SDK contract.	sdkgen-maintainers	omit
operation	operation:PostCustomers	SDKGEN-PROJECTION-UNREPRESENTABLE-OPERATION	sdkgen://source/openapi.json	/paths/~1v1~1customers/post/requestBody/content/application~1x-www-form-urlencoded/schema/properties/address/anyOf/0	Operation 'PostCustomers' cannot be represented: form object must declare additionalProperties: false; dynamic form keys are unsupported	68325c8c2ef0dc78bfd120c6230f69bb656d3cf18558e2e28e90f4bc468f1db5	dynamic-object-keys	stripe-paths-1v1-1customers-post-requestbody-content-application-1x-www-form-urlencoded-schema-properties-address-anyof-0-68325c8c2ef0	Exact Stripe T11 waiver for this dynamic object keys operation: Operation 'PostCustomers' cannot be represented: form object must declare additionalProperties: false; dynamic form keys are unsupported. Omit only this source-proven tuple rather than weaken the generated SDK contract.	sdkgen-maintainers	omit
operation	operation:PostCustomersCustomer	SDKGEN-PROJECTION-UNREPRESENTABLE-OPERATION	sdkgen://source/openapi.json	/paths/~1v1~1customers~1{customer}/post/requestBody/content/application~1x-www-form-urlencoded/schema/properties/address/anyOf/0	Operation 'PostCustomersCustomer' cannot be represented: form object must declare additionalProperties: false; dynamic form keys are unsupported	61a795c3c399cdf7bb32ba83e05dc791ec4fb83f15a87483453b29f66e0ee8be	dynamic-object-keys	stripe-paths-1v1-1customers-1-customer-post-requestbody-content-application-1x-www-form-urlencoded-schema-properties-address-anyof-0-61a795c3c399	Exact Stripe T11 waiver for this dynamic object keys operation: Operation 'PostCustomersCustomer' cannot be represented: form object must declare additionalProperties: false; dynamic form keys are unsupported. Omit only this source-proven tuple rather than weaken the generated SDK contract.	sdkgen-maintainers	omit
operation	operation:PostCustomersCustomerBankAccounts	SDKGEN-PROJECTION-UNREPRESENTABLE-OPERATION	sdkgen://source/openapi.json	/paths/~1v1~1customers~1{customer}~1bank_accounts/post/requestBody/content/application~1x-www-form-urlencoded/schema/properties/bank_account/anyOf/0	Operation 'PostCustomersCustomerBankAccounts' cannot be represented: form object must declare additionalProperties: false; dynamic form keys are unsupported	9fda9ef09ec9e4cc7ef42d14e4c9c7c697a2de7c846eb59b29a80c027e57c050	dynamic-object-keys	stripe-paths-1v1-1customers-1-customer-1bank-accounts-post-requestbody-content-application-1x-www-form-urlencoded-schema-properties-bank-account-anyof-0-9fda9ef09ec9	Exact Stripe T11 waiver for this dynamic object keys operation: Operation 'PostCustomersCustomerBankAccounts' cannot be represented: form object must declare additionalProperties: false; dynamic form keys are unsupported. Omit only this source-proven tuple rather than weaken the generated SDK contract.	sdkgen-maintainers	omit
operation	operation:PostCustomersCustomerBankAccountsId	SDKGEN-PROJECTION-UNREPRESENTABLE-OPERATION	sdkgen://source/openapi.json	/paths/~1v1~1customers~1{customer}~1bank_accounts~1{id}/post/requestBody/content/application~1x-www-form-urlencoded/schema/properties/owner	Operation 'PostCustomersCustomerBankAccountsId' cannot be represented: form object must declare additionalProperties: false; dynamic form keys are unsupported	0716cb1d649b0191e9ac27f27523cdc1db7782e23e91bfcf4b996fdd2f638fb4	dynamic-object-keys	stripe-paths-1v1-1customers-1-customer-1bank-accounts-1-id-post-requestbody-content-application-1x-www-form-urlencoded-schema-properties-owner-0716cb1d649b	Exact Stripe T11 waiver for this dynamic object keys operation: Operation 'PostCustomersCustomerBankAccountsId' cannot be represented: form object must declare additionalProperties: false; dynamic form keys are unsupported. Omit only this source-proven tuple rather than weaken the generated SDK contract.	sdkgen-maintainers	omit
operation	operation:PostCustomersCustomerCards	SDKGEN-PROJECTION-UNREPRESENTABLE-OPERATION	sdkgen://source/openapi.json	/paths/~1v1~1customers~1{customer}~1cards/post/requestBody/content/application~1x-www-form-urlencoded/schema/properties/bank_account/anyOf/0	Operation 'PostCustomersCustomerCards' cannot be represented: form object must declare additionalProperties: false; dynamic form keys are unsupported	64e22a71c88612e4f3b090835f26ec3eee40707286877449510461d4b3297794	dynamic-object-keys	stripe-paths-1v1-1customers-1-customer-1cards-post-requestbody-content-application-1x-www-form-urlencoded-schema-properties-bank-account-anyof-0-64e22a71c886	Exact Stripe T11 waiver for this dynamic object keys operation: Operation 'PostCustomersCustomerCards' cannot be represented: form object must declare additionalProperties: false; dynamic form keys are unsupported. Omit only this source-proven tuple rather than weaken the generated SDK contract.	sdkgen-maintainers	omit
operation	operation:PostCustomersCustomerCardsId	SDKGEN-PROJECTION-UNREPRESENTABLE-OPERATION	sdkgen://source/openapi.json	/paths/~1v1~1customers~1{customer}~1cards~1{id}/post/requestBody/content/application~1x-www-form-urlencoded/schema/properties/owner	Operation 'PostCustomersCustomerCardsId' cannot be represented: form object must declare additionalProperties: false; dynamic form keys are unsupported	cfd2cc20b2a2f5a352a1955b2a856a29803a007cacb89868f3de557abe690c43	dynamic-object-keys	stripe-paths-1v1-1customers-1-customer-1cards-1-id-post-requestbody-content-application-1x-www-form-urlencoded-schema-properties-owner-cfd2cc20b2a2	Exact Stripe T11 waiver for this dynamic object keys operation: Operation 'PostCustomersCustomerCardsId' cannot be represented: form object must declare additionalProperties: false; dynamic form keys are unsupported. Omit only this source-proven tuple rather than weaken the generated SDK contract.	sdkgen-maintainers	omit
operation	operation:PostCustomersCustomerCashBalance	SDKGEN-PROJECTION-UNREPRESENTABLE-OPERATION	sdkgen://source/openapi.json	/paths/~1v1~1customers~1{customer}~1cash_balance/post/requestBody/content/application~1x-www-form-urlencoded/schema/properties/settings	Operation 'PostCustomersCustomerCashBalance' cannot be represented: form object must declare additionalProperties: false; dynamic form keys are unsupported	e7748354a0747e029a48ecc9788eb1e785ca16bef0d557857ad8a8d8fd04a73c	dynamic-object-keys	stripe-paths-1v1-1customers-1-customer-1cash-balance-post-requestbody-content-application-1x-www-form-urlencoded-schema-properties-settings-e7748354a074	Exact Stripe T11 waiver for this dynamic object keys operation: Operation 'PostCustomersCustomerCashBalance' cannot be represented: form object must declare additionalProperties: false; dynamic form keys are unsupported. Omit only this source-proven tuple rather than weaken the generated SDK contract.	sdkgen-maintainers	omit
operation	operation:PostCustomersCustomerFundingInstructions	SDKGEN-PROJECTION-UNREPRESENTABLE-OPERATION	sdkgen://source/openapi.json	/paths/~1v1~1customers~1{customer}~1funding_instructions/post/requestBody/content/application~1x-www-form-urlencoded/schema/properties/bank_transfer	Operation 'PostCustomersCustomerFundingInstructions' cannot be represented: form object must declare additionalProperties: false; dynamic form keys are unsupported	77b1a8b8da63dab9d24534066d2c1f52f7c202c2becdaad0d83e69b8d688cabb	dynamic-object-keys	stripe-paths-1v1-1customers-1-customer-1funding-instructions-post-requestbody-content-application-1x-www-form-urlencoded-schema-properties-bank-transfer-77b1a8b8da63	Exact Stripe T11 waiver for this dynamic object keys operation: Operation 'PostCustomersCustomerFundingInstructions' cannot be represented: form object must declare additionalProperties: false; dynamic form keys are unsupported. Omit only this source-proven tuple rather than weaken the generated SDK contract.	sdkgen-maintainers	omit
operation	operation:PostCustomersCustomerSources	SDKGEN-PROJECTION-UNREPRESENTABLE-OPERATION	sdkgen://source/openapi.json	/paths/~1v1~1customers~1{customer}~1sources/post/requestBody/content/application~1x-www-form-urlencoded/schema/properties/bank_account/anyOf/0	Operation 'PostCustomersCustomerSources' cannot be represented: form object must declare additionalProperties: false; dynamic form keys are unsupported	44ef5f1c07ec6df2a9ebfc0515fcae707427ccb05bcd1c4c68d6f43833d69c4a	dynamic-object-keys	stripe-paths-1v1-1customers-1-customer-1sources-post-requestbody-content-application-1x-www-form-urlencoded-schema-properties-bank-account-anyof-0-44ef5f1c07ec	Exact Stripe T11 waiver for this dynamic object keys operation: Operation 'PostCustomersCustomerSources' cannot be represented: form object must declare additionalProperties: false; dynamic form keys are unsupported. Omit only this source-proven tuple rather than weaken the generated SDK contract.	sdkgen-maintainers	omit
operation	operation:PostCustomersCustomerSourcesId	SDKGEN-PROJECTION-UNREPRESENTABLE-OPERATION	sdkgen://source/openapi.json	/paths/~1v1~1customers~1{customer}~1sources~1{id}/post/requestBody/content/application~1x-www-form-urlencoded/schema/properties/owner	Operation 'PostCustomersCustomerSourcesId' cannot be represented: form object must declare additionalProperties: false; dynamic form keys are unsupported	854ffb8ce73b380718fa158950ecac82ebf83be6c430f264853417fb2880910c	dynamic-object-keys	stripe-paths-1v1-1customers-1-customer-1sources-1-id-post-requestbody-content-application-1x-www-form-urlencoded-schema-properties-owner-854ffb8ce73b	Exact Stripe T11 waiver for this dynamic object keys operation: Operation 'PostCustomersCustomerSourcesId' cannot be represented: form object must declare additionalProperties: false; dynamic form keys are unsupported. Omit only this source-proven tuple rather than weaken the generated SDK contract.	sdkgen-maintainers	omit
operation	operation:PostCustomersCustomerSubscriptions	SDKGEN-PROJECTION-UNREPRESENTABLE-OPERATION	sdkgen://source/openapi.json	/paths/~1v1~1customers~1{customer}~1subscriptions/post/requestBody/content/application~1x-www-form-urlencoded/schema/properties/add_invoice_items/items	Operation 'PostCustomersCustomerSubscriptions' cannot be represented: form object must declare additionalProperties: false; dynamic form keys are unsupported	c8f9bf6a89c08cdcd8a09e16856e8f5d9c0062be0394185a8b85a8372b9e7d22	dynamic-object-keys	stripe-paths-1v1-1customers-1-customer-1subscriptions-post-requestbody-content-application-1x-www-form-urlencoded-schema-properties-add-invoice-items-items-c8f9bf6a89c0	Exact Stripe T11 waiver for this dynamic object keys operation: Operation 'PostCustomersCustomerSubscriptions' cannot be represented: form object must declare additionalProperties: false; dynamic form keys are unsupported. Omit only this source-proven tuple rather than weaken the generated SDK contract.	sdkgen-maintainers	omit
operation	operation:PostCustomersCustomerSubscriptionsSubscriptionExposedId	SDKGEN-PROJECTION-UNREPRESENTABLE-OPERATION	sdkgen://source/openapi.json	/paths/~1v1~1customers~1{customer}~1subscriptions~1{subscription_exposed_id}/post/requestBody/content/application~1x-www-form-urlencoded/schema/properties/add_invoice_items/items	Operation 'PostCustomersCustomerSubscriptionsSubscriptionExposedId' cannot be represented: form object must declare additionalProperties: false; dynamic form keys are unsupported	c1afc712425fbb5824366789933f6220fab6a33fea5c75965218ba23e35aba50	dynamic-object-keys	stripe-paths-1v1-1customers-1-customer-1subscriptions-1-subscription-exposed-id-post-requestbody-content-application-1x-www-form-urlencoded-schema-properties-add-invoice-items-items-c1afc712425f	Exact Stripe T11 waiver for this dynamic object keys operation: Operation 'PostCustomersCustomerSubscriptionsSubscriptionExposedId' cannot be represented: form object must declare additionalProperties: false; dynamic form keys are unsupported. Omit only this source-proven tuple rather than weaken the generated SDK contract.	sdkgen-maintainers	omit
operation	operation:PostDisputesDispute	SDKGEN-PROJECTION-UNREPRESENTABLE-OPERATION	sdkgen://source/openapi.json	/paths/~1v1~1disputes~1{dispute}/post/requestBody/content/application~1x-www-form-urlencoded/schema/properties/evidence	Operation 'PostDisputesDispute' cannot be represented: form object must declare additionalProperties: false; dynamic form keys are unsupported	6b631a086bee0f2db2ee7116903adb83f0bfff31e14244ddd4f08c0aee06e623	dynamic-object-keys	stripe-paths-1v1-1disputes-1-dispute-post-requestbody-content-application-1x-www-form-urlencoded-schema-properties-evidence-6b631a086bee	Exact Stripe T11 waiver for this dynamic object keys operation: Operation 'PostDisputesDispute' cannot be represented: form object must declare additionalProperties: false; dynamic form keys are unsupported. Omit only this source-proven tuple rather than weaken the generated SDK contract.	sdkgen-maintainers	omit
operation	operation:PostExternalAccountsId	SDKGEN-PROJECTION-UNREPRESENTABLE-OPERATION	sdkgen://source/openapi.json	/paths/~1v1~1external_accounts~1{id}/post/requestBody/content/application~1x-www-form-urlencoded/schema/properties/documents	Operation 'PostExternalAccountsId' cannot be represented: form object must declare additionalProperties: false; dynamic form keys are unsupported	0c58029fabb8cb8f72d28b7ec3524dc2af77783e81eef5a4407d00ee972fee51	dynamic-object-keys	stripe-paths-1v1-1external-accounts-1-id-post-requestbody-content-application-1x-www-form-urlencoded-schema-properties-documents-0c58029fabb8	Exact Stripe T11 waiver for this dynamic object keys operation: Operation 'PostExternalAccountsId' cannot be represented: form object must declare additionalProperties: false; dynamic form keys are unsupported. Omit only this source-proven tuple rather than weaken the generated SDK contract.	sdkgen-maintainers	omit
operation	operation:PostFileLinksLink	SDKGEN-PROJECTION-UNREPRESENTABLE-OPERATION	sdkgen://source/openapi.json	/paths/~1v1~1file_links~1{link}/post/requestBody/content/application~1x-www-form-urlencoded/schema/properties/expires_at	Operation 'PostFileLinksLink' cannot be represented: form anyOf branches overlap by wire kind and cannot be selected deterministically	99ac912cfb47a873593a499bf3e589798fc1631160f4fdbce6226a00ff078f22	form-composition	stripe-paths-1v1-1file-links-1-link-post-requestbody-content-application-1x-www-form-urlencoded-schema-properties-expires-at-99ac912cfb47	Exact Stripe T11 waiver for this form composition operation: Operation 'PostFileLinksLink' cannot be represented: form anyOf branches overlap by wire kind and cannot be selected deterministically. Omit only this source-proven tuple rather than weaken the generated SDK contract.	sdkgen-maintainers	omit
operation	operation:PostFinancialConnectionsSessions	SDKGEN-PROJECTION-UNREPRESENTABLE-OPERATION	sdkgen://source/openapi.json	/paths/~1v1~1financial_connections~1sessions/post/requestBody/content/application~1x-www-form-urlencoded/schema/properties/account_holder	Operation 'PostFinancialConnectionsSessions' cannot be represented: form object must declare additionalProperties: false; dynamic form keys are unsupported	07b6125c40f5672f25df223c9c73fc23e109f547cf27736421cc121a8fe03bff	dynamic-object-keys	stripe-paths-1v1-1financial-connections-1sessions-post-requestbody-content-application-1x-www-form-urlencoded-schema-properties-account-holder-07b6125c40f5	Exact Stripe T11 waiver for this dynamic object keys operation: Operation 'PostFinancialConnectionsSessions' cannot be represented: form object must declare additionalProperties: false; dynamic form keys are unsupported. Omit only this source-proven tuple rather than weaken the generated SDK contract.	sdkgen-maintainers	omit
operation	operation:PostForwardingRequests	SDKGEN-PROJECTION-UNREPRESENTABLE-OPERATION	sdkgen://source/openapi.json	/paths/~1v1~1forwarding~1requests/post/requestBody/content/application~1x-www-form-urlencoded/schema/properties/request	Operation 'PostForwardingRequests' cannot be represented: form object must declare additionalProperties: false; dynamic form keys are unsupported	a14817bddaffed43825a93cb1617ee210e00bcda861570b09f0bb0337b8e8d63	dynamic-object-keys	stripe-paths-1v1-1forwarding-1requests-post-requestbody-content-application-1x-www-form-urlencoded-schema-properties-request-a14817bddaff	Exact Stripe T11 waiver for this dynamic object keys operation: Operation 'PostForwardingRequests' cannot be represented: form object must declare additionalProperties: false; dynamic form keys are unsupported. Omit only this source-proven tuple rather than weaken the generated SDK contract.	sdkgen-maintainers	omit
operation	operation:PostIdentityVerificationSessions	SDKGEN-PROJECTION-UNREPRESENTABLE-OPERATION	sdkgen://source/openapi.json	/paths/~1v1~1identity~1verification_sessions/post/requestBody/content/application~1x-www-form-urlencoded/schema/properties/options	Operation 'PostIdentityVerificationSessions' cannot be represented: form object must declare additionalProperties: false; dynamic form keys are unsupported	7ead35423f06b6dea99daee52103ab128ab959c2dd880ae7d3a40d4ebb4f6393	dynamic-object-keys	stripe-paths-1v1-1identity-1verification-sessions-post-requestbody-content-application-1x-www-form-urlencoded-schema-properties-options-7ead35423f06	Exact Stripe T11 waiver for this dynamic object keys operation: Operation 'PostIdentityVerificationSessions' cannot be represented: form object must declare additionalProperties: false; dynamic form keys are unsupported. Omit only this source-proven tuple rather than weaken the generated SDK contract.	sdkgen-maintainers	omit
operation	operation:PostIdentityVerificationSessionsSession	SDKGEN-PROJECTION-UNREPRESENTABLE-OPERATION	sdkgen://source/openapi.json	/paths/~1v1~1identity~1verification_sessions~1{session}/post/requestBody/content/application~1x-www-form-urlencoded/schema/properties/options	Operation 'PostIdentityVerificationSessionsSession' cannot be represented: form object must declare additionalProperties: false; dynamic form keys are unsupported	6ae302cbac441fe428e3382da64e87f79d4eb892d1327d8cf4914b99625e4f2c	dynamic-object-keys	stripe-paths-1v1-1identity-1verification-sessions-1-session-post-requestbody-content-application-1x-www-form-urlencoded-schema-properties-options-6ae302cbac44	Exact Stripe T11 waiver for this dynamic object keys operation: Operation 'PostIdentityVerificationSessionsSession' cannot be represented: form object must declare additionalProperties: false; dynamic form keys are unsupported. Omit only this source-proven tuple rather than weaken the generated SDK contract.	sdkgen-maintainers	omit
operation	operation:PostInvoiceitems	SDKGEN-PROJECTION-UNREPRESENTABLE-OPERATION	sdkgen://source/openapi.json	/paths/~1v1~1invoiceitems/post/requestBody/content/application~1x-www-form-urlencoded/schema/properties/discounts/anyOf/0/items	Operation 'PostInvoiceitems' cannot be represented: form object must declare additionalProperties: false; dynamic form keys are unsupported	64eb90a188d4702368e70b1c41165a62e09595d19f45ab530fa85d2156ba8cee	dynamic-object-keys	stripe-paths-1v1-1invoiceitems-post-requestbody-content-application-1x-www-form-urlencoded-schema-properties-discounts-anyof-0-items-64eb90a188d4	Exact Stripe T11 waiver for this dynamic object keys operation: Operation 'PostInvoiceitems' cannot be represented: form object must declare additionalProperties: false; dynamic form keys are unsupported. Omit only this source-proven tuple rather than weaken the generated SDK contract.	sdkgen-maintainers	omit
operation	operation:PostInvoiceitemsInvoiceitem	SDKGEN-PROJECTION-UNREPRESENTABLE-OPERATION	sdkgen://source/openapi.json	/paths/~1v1~1invoiceitems~1{invoiceitem}/post/requestBody/content/application~1x-www-form-urlencoded/schema/properties/discounts/anyOf/0/items	Operation 'PostInvoiceitemsInvoiceitem' cannot be represented: form object must declare additionalProperties: false; dynamic form keys are unsupported	805778a768948c7aa3d856b75c1f79eecfd2f0fc0573338da40ae846a2cd17a0	dynamic-object-keys	stripe-paths-1v1-1invoiceitems-1-invoiceitem-post-requestbody-content-application-1x-www-form-urlencoded-schema-properties-discounts-anyof-0-items-805778a76894	Exact Stripe T11 waiver for this dynamic object keys operation: Operation 'PostInvoiceitemsInvoiceitem' cannot be represented: form object must declare additionalProperties: false; dynamic form keys are unsupported. Omit only this source-proven tuple rather than weaken the generated SDK contract.	sdkgen-maintainers	omit
operation	operation:PostInvoices	SDKGEN-PROJECTION-UNREPRESENTABLE-OPERATION	sdkgen://source/openapi.json	/paths/~1v1~1invoices/post/requestBody/content/application~1x-www-form-urlencoded/schema/properties/automatic_tax	Operation 'PostInvoices' cannot be represented: form object must declare additionalProperties: false; dynamic form keys are unsupported	2a9d3885b676b467472d77ac0542302a0e5d94b5f2632cc2e1c57fa3129387ac	dynamic-object-keys	stripe-paths-1v1-1invoices-post-requestbody-content-application-1x-www-form-urlencoded-schema-properties-automatic-tax-2a9d3885b676	Exact Stripe T11 waiver for this dynamic object keys operation: Operation 'PostInvoices' cannot be represented: form object must declare additionalProperties: false; dynamic form keys are unsupported. Omit only this source-proven tuple rather than weaken the generated SDK contract.	sdkgen-maintainers	omit
operation	operation:PostInvoicesCreatePreview	SDKGEN-PROJECTION-UNREPRESENTABLE-OPERATION	sdkgen://source/openapi.json	/paths/~1v1~1invoices~1create_preview/post/requestBody/content/application~1x-www-form-urlencoded/schema/properties/automatic_tax	Operation 'PostInvoicesCreatePreview' cannot be represented: form object must declare additionalProperties: false; dynamic form keys are unsupported	a3a412e59fe341d99396aa09a34cff61a415d2ebe07d47d3e6902739047924b0	dynamic-object-keys	stripe-paths-1v1-1invoices-1create-preview-post-requestbody-content-application-1x-www-form-urlencoded-schema-properties-automatic-tax-a3a412e59fe3	Exact Stripe T11 waiver for this dynamic object keys operation: Operation 'PostInvoicesCreatePreview' cannot be represented: form object must declare additionalProperties: false; dynamic form keys are unsupported. Omit only this source-proven tuple rather than weaken the generated SDK contract.	sdkgen-maintainers	omit
operation	operation:PostInvoicesInvoice	SDKGEN-PROJECTION-UNREPRESENTABLE-OPERATION	sdkgen://source/openapi.json	/paths/~1v1~1invoices~1{invoice}/post/requestBody/content/application~1x-www-form-urlencoded/schema/properties/automatic_tax	Operation 'PostInvoicesInvoice' cannot be represented: form object must declare additionalProperties: false; dynamic form keys are unsupported	e03160fd55e3d9e3fa73657c5e4ecd114dfaadcd3513037437753897d3d4031e	dynamic-object-keys	stripe-paths-1v1-1invoices-1-invoice-post-requestbody-content-application-1x-www-form-urlencoded-schema-properties-automatic-tax-e03160fd55e3	Exact Stripe T11 waiver for this dynamic object keys operation: Operation 'PostInvoicesInvoice' cannot be represented: form object must declare additionalProperties: false; dynamic form keys are unsupported. Omit only this source-proven tuple rather than weaken the generated SDK contract.	sdkgen-maintainers	omit
operation	operation:PostInvoicesInvoiceAddLines	SDKGEN-PROJECTION-UNREPRESENTABLE-OPERATION	sdkgen://source/openapi.json	/paths/~1v1~1invoices~1{invoice}~1add_lines/post/requestBody/content/application~1x-www-form-urlencoded/schema/properties/lines/items	Operation 'PostInvoicesInvoiceAddLines' cannot be represented: form object must declare additionalProperties: false; dynamic form keys are unsupported	f691fcd6f1a693d7b98d869d7574a61f81fdb3a254f35a80df332dec0ca9d95b	dynamic-object-keys	stripe-paths-1v1-1invoices-1-invoice-1add-lines-post-requestbody-content-application-1x-www-form-urlencoded-schema-properties-lines-items-f691fcd6f1a6	Exact Stripe T11 waiver for this dynamic object keys operation: Operation 'PostInvoicesInvoiceAddLines' cannot be represented: form object must declare additionalProperties: false; dynamic form keys are unsupported. Omit only this source-proven tuple rather than weaken the generated SDK contract.	sdkgen-maintainers	omit
operation	operation:PostInvoicesInvoiceLinesLineItemId	SDKGEN-PROJECTION-UNREPRESENTABLE-OPERATION	sdkgen://source/openapi.json	/paths/~1v1~1invoices~1{invoice}~1lines~1{line_item_id}/post/requestBody/content/application~1x-www-form-urlencoded/schema/properties/discounts/anyOf/0/items	Operation 'PostInvoicesInvoiceLinesLineItemId' cannot be represented: form object must declare additionalProperties: false; dynamic form keys are unsupported	474c7ef47ffc462f3c9c1c7a8b7d999575c3ccdc5c491fe860ede4137e8650e8	dynamic-object-keys	stripe-paths-1v1-1invoices-1-invoice-1lines-1-line-item-id-post-requestbody-content-application-1x-www-form-urlencoded-schema-properties-discounts-anyof-0-items-474c7ef47ffc	Exact Stripe T11 waiver for this dynamic object keys operation: Operation 'PostInvoicesInvoiceLinesLineItemId' cannot be represented: form object must declare additionalProperties: false; dynamic form keys are unsupported. Omit only this source-proven tuple rather than weaken the generated SDK contract.	sdkgen-maintainers	omit
operation	operation:PostInvoicesInvoicePay	SDKGEN-PROJECTION-UNREPRESENTABLE-OPERATION	sdkgen://source/openapi.json	/paths/~1v1~1invoices~1{invoice}~1pay/post/requestBody/content/application~1x-www-form-urlencoded/schema/properties/mandate	Operation 'PostInvoicesInvoicePay' cannot be represented: form anyOf branches overlap by wire kind and cannot be selected deterministically	8e035550642943d7e09c55b555d5aa9d479311d03d149004d7e99a575032e2d1	form-composition	stripe-paths-1v1-1invoices-1-invoice-1pay-post-requestbody-content-application-1x-www-form-urlencoded-schema-properties-mandate-8e0355506429	Exact Stripe T11 waiver for this form composition operation: Operation 'PostInvoicesInvoicePay' cannot be represented: form anyOf branches overlap by wire kind and cannot be selected deterministically. Omit only this source-proven tuple rather than weaken the generated SDK contract.	sdkgen-maintainers	omit
operation	operation:PostInvoicesInvoiceRemoveLines	SDKGEN-PROJECTION-UNREPRESENTABLE-OPERATION	sdkgen://source/openapi.json	/paths/~1v1~1invoices~1{invoice}~1remove_lines/post/requestBody/content/application~1x-www-form-urlencoded/schema/properties/lines/items	Operation 'PostInvoicesInvoiceRemoveLines' cannot be represented: form object must declare additionalProperties: false; dynamic form keys are unsupported	027ba44f299f25fe061d73c69df42d93ae9e8b1be5fa5b563c6638bbe3d17166	dynamic-object-keys	stripe-paths-1v1-1invoices-1-invoice-1remove-lines-post-requestbody-content-application-1x-www-form-urlencoded-schema-properties-lines-items-027ba44f299f	Exact Stripe T11 waiver for this dynamic object keys operation: Operation 'PostInvoicesInvoiceRemoveLines' cannot be represented: form object must declare additionalProperties: false; dynamic form keys are unsupported. Omit only this source-proven tuple rather than weaken the generated SDK contract.	sdkgen-maintainers	omit
operation	operation:PostInvoicesInvoiceUpdateLines	SDKGEN-PROJECTION-UNREPRESENTABLE-OPERATION	sdkgen://source/openapi.json	/paths/~1v1~1invoices~1{invoice}~1update_lines/post/requestBody/content/application~1x-www-form-urlencoded/schema/properties/lines/items	Operation 'PostInvoicesInvoiceUpdateLines' cannot be represented: form object must declare additionalProperties: false; dynamic form keys are unsupported	61e51f159bd319f2bebc0d2f44f41941422e3a876ebf39421cf9c924586306cb	dynamic-object-keys	stripe-paths-1v1-1invoices-1-invoice-1update-lines-post-requestbody-content-application-1x-www-form-urlencoded-schema-properties-lines-items-61e51f159bd3	Exact Stripe T11 waiver for this dynamic object keys operation: Operation 'PostInvoicesInvoiceUpdateLines' cannot be represented: form object must declare additionalProperties: false; dynamic form keys are unsupported. Omit only this source-proven tuple rather than weaken the generated SDK contract.	sdkgen-maintainers	omit
operation	operation:PostIssuingCardholders	SDKGEN-PROJECTION-UNREPRESENTABLE-OPERATION	sdkgen://source/openapi.json	/paths/~1v1~1issuing~1cardholders/post/requestBody/content/application~1x-www-form-urlencoded/schema/properties/billing	Operation 'PostIssuingCardholders' cannot be represented: form object must declare additionalProperties: false; dynamic form keys are unsupported	56c7cc51edef89e3ce5b4be14516bcc72dd6af5401c3fd0cb378ba2c35a3b60e	dynamic-object-keys	stripe-paths-1v1-1issuing-1cardholders-post-requestbody-content-application-1x-www-form-urlencoded-schema-properties-billing-56c7cc51edef	Exact Stripe T11 waiver for this dynamic object keys operation: Operation 'PostIssuingCardholders' cannot be represented: form object must declare additionalProperties: false; dynamic form keys are unsupported. Omit only this source-proven tuple rather than weaken the generated SDK contract.	sdkgen-maintainers	omit
operation	operation:PostIssuingCardholdersCardholder	SDKGEN-PROJECTION-UNREPRESENTABLE-OPERATION	sdkgen://source/openapi.json	/paths/~1v1~1issuing~1cardholders~1{cardholder}/post/requestBody/content/application~1x-www-form-urlencoded/schema/properties/billing	Operation 'PostIssuingCardholdersCardholder' cannot be represented: form object must declare additionalProperties: false; dynamic form keys are unsupported	c8957a51f48e3e260a50a0ad07c164ac008045a1e4be48a21065ba3f79ed1b78	dynamic-object-keys	stripe-paths-1v1-1issuing-1cardholders-1-cardholder-post-requestbody-content-application-1x-www-form-urlencoded-schema-properties-billing-c8957a51f48e	Exact Stripe T11 waiver for this dynamic object keys operation: Operation 'PostIssuingCardholdersCardholder' cannot be represented: form object must declare additionalProperties: false; dynamic form keys are unsupported. Omit only this source-proven tuple rather than weaken the generated SDK contract.	sdkgen-maintainers	omit
operation	operation:PostIssuingCards	SDKGEN-PROJECTION-UNREPRESENTABLE-OPERATION	sdkgen://source/openapi.json	/paths/~1v1~1issuing~1cards/post/requestBody/content/application~1x-www-form-urlencoded/schema/properties/lifecycle_controls	Operation 'PostIssuingCards' cannot be represented: form object must declare additionalProperties: false; dynamic form keys are unsupported	922649f03050eab6693c2355e9b81955cc32bcb999c5efdad957c4f49b05b892	dynamic-object-keys	stripe-paths-1v1-1issuing-1cards-post-requestbody-content-application-1x-www-form-urlencoded-schema-properties-lifecycle-controls-922649f03050	Exact Stripe T11 waiver for this dynamic object keys operation: Operation 'PostIssuingCards' cannot be represented: form object must declare additionalProperties: false; dynamic form keys are unsupported. Omit only this source-proven tuple rather than weaken the generated SDK contract.	sdkgen-maintainers	omit
operation	operation:PostIssuingCardsCard	SDKGEN-PROJECTION-UNREPRESENTABLE-OPERATION	sdkgen://source/openapi.json	/paths/~1v1~1issuing~1cards~1{card}/post/requestBody/content/application~1x-www-form-urlencoded/schema/properties/pin	Operation 'PostIssuingCardsCard' cannot be represented: form object must declare additionalProperties: false; dynamic form keys are unsupported	7503716aea7e05991b0b1b237073bc621433bbab5dd3072f47de45468c978c04	dynamic-object-keys	stripe-paths-1v1-1issuing-1cards-1-card-post-requestbody-content-application-1x-www-form-urlencoded-schema-properties-pin-7503716aea7e	Exact Stripe T11 waiver for this dynamic object keys operation: Operation 'PostIssuingCardsCard' cannot be represented: form object must declare additionalProperties: false; dynamic form keys are unsupported. Omit only this source-proven tuple rather than weaken the generated SDK contract.	sdkgen-maintainers	omit
operation	operation:PostIssuingDisputes	SDKGEN-PROJECTION-UNREPRESENTABLE-OPERATION	sdkgen://source/openapi.json	/paths/~1v1~1issuing~1disputes/post/requestBody/content/application~1x-www-form-urlencoded/schema/properties/evidence	Operation 'PostIssuingDisputes' cannot be represented: form object must declare additionalProperties: false; dynamic form keys are unsupported	6a53d75e2f673fee8e8e82f29993e43b3898133b06127399c0630174725eff00	dynamic-object-keys	stripe-paths-1v1-1issuing-1disputes-post-requestbody-content-application-1x-www-form-urlencoded-schema-properties-evidence-6a53d75e2f67	Exact Stripe T11 waiver for this dynamic object keys operation: Operation 'PostIssuingDisputes' cannot be represented: form object must declare additionalProperties: false; dynamic form keys are unsupported. Omit only this source-proven tuple rather than weaken the generated SDK contract.	sdkgen-maintainers	omit
operation	operation:PostIssuingDisputesDispute	SDKGEN-PROJECTION-UNREPRESENTABLE-OPERATION	sdkgen://source/openapi.json	/paths/~1v1~1issuing~1disputes~1{dispute}/post/requestBody/content/application~1x-www-form-urlencoded/schema/properties/evidence	Operation 'PostIssuingDisputesDispute' cannot be represented: form object must declare additionalProperties: false; dynamic form keys are unsupported	f3e5a2fb7c02892f65c163cd33585674aa8d257361f16e82ecd51ad2a1cce09d	dynamic-object-keys	stripe-paths-1v1-1issuing-1disputes-1-dispute-post-requestbody-content-application-1x-www-form-urlencoded-schema-properties-evidence-f3e5a2fb7c02	Exact Stripe T11 waiver for this dynamic object keys operation: Operation 'PostIssuingDisputesDispute' cannot be represented: form object must declare additionalProperties: false; dynamic form keys are unsupported. Omit only this source-proven tuple rather than weaken the generated SDK contract.	sdkgen-maintainers	omit
operation	operation:PostIssuingPersonalizationDesigns	SDKGEN-PROJECTION-UNREPRESENTABLE-OPERATION	sdkgen://source/openapi.json	/paths/~1v1~1issuing~1personalization_designs/post/requestBody/content/application~1x-www-form-urlencoded/schema/properties/carrier_text	Operation 'PostIssuingPersonalizationDesigns' cannot be represented: form object must declare additionalProperties: false; dynamic form keys are unsupported	ef449c699531807213857695148164fd0d7f6deb43e463df072838a1c0497124	dynamic-object-keys	stripe-paths-1v1-1issuing-1personalization-designs-post-requestbody-content-application-1x-www-form-urlencoded-schema-properties-carrier-text-ef449c699531	Exact Stripe T11 waiver for this dynamic object keys operation: Operation 'PostIssuingPersonalizationDesigns' cannot be represented: form object must declare additionalProperties: false; dynamic form keys are unsupported. Omit only this source-proven tuple rather than weaken the generated SDK contract.	sdkgen-maintainers	omit
operation	operation:PostIssuingPersonalizationDesignsPersonalizationDesign	SDKGEN-PROJECTION-UNREPRESENTABLE-OPERATION	sdkgen://source/openapi.json	/paths/~1v1~1issuing~1personalization_designs~1{personalization_design}/post/requestBody/content/application~1x-www-form-urlencoded/schema/properties/card_logo	Operation 'PostIssuingPersonalizationDesignsPersonalizationDesign' cannot be represented: form anyOf branches overlap by wire kind and cannot be selected deterministically	076b5ffae1faea97d4b8cb3466cb8f873658b6cbab7daecd3e7e6b73591bfced	form-composition	stripe-paths-1v1-1issuing-1personalization-designs-1-personalization-design-post-requestbody-content-application-1x-www-form-urlencoded-schema-properties-card-logo-076b5ffae1fa	Exact Stripe T11 waiver for this form composition operation: Operation 'PostIssuingPersonalizationDesignsPersonalizationDesign' cannot be represented: form anyOf branches overlap by wire kind and cannot be selected deterministically. Omit only this source-proven tuple rather than weaken the generated SDK contract.	sdkgen-maintainers	omit
operation	operation:PostLinkAccountSessions	SDKGEN-PROJECTION-UNREPRESENTABLE-OPERATION	sdkgen://source/openapi.json	/paths/~1v1~1link_account_sessions/post/requestBody/content/application~1x-www-form-urlencoded/schema/properties/account_holder	Operation 'PostLinkAccountSessions' cannot be represented: form object must declare additionalProperties: false; dynamic form keys are unsupported	8f4f21f22599f92adcf05ebb02c34f3afd4e78e2671eeffde9eb6ac5c6cc297d	dynamic-object-keys	stripe-paths-1v1-1link-account-sessions-post-requestbody-content-application-1x-www-form-urlencoded-schema-properties-account-holder-8f4f21f22599	Exact Stripe T11 waiver for this dynamic object keys operation: Operation 'PostLinkAccountSessions' cannot be represented: form object must declare additionalProperties: false; dynamic form keys are unsupported. Omit only this source-proven tuple rather than weaken the generated SDK contract.	sdkgen-maintainers	omit
operation	operation:PostPaymentIntents	SDKGEN-PROJECTION-UNREPRESENTABLE-OPERATION	sdkgen://source/openapi.json	/paths/~1v1~1payment_intents/post/requestBody/content/application~1x-www-form-urlencoded/schema/properties/amount_details	Operation 'PostPaymentIntents' cannot be represented: form object must declare additionalProperties: false; dynamic form keys are unsupported	e7b47b4663a593b3feed0a663580cba50e52e779461508d6a1b0031870c7ec37	dynamic-object-keys	stripe-paths-1v1-1payment-intents-post-requestbody-content-application-1x-www-form-urlencoded-schema-properties-amount-details-e7b47b4663a5	Exact Stripe T11 waiver for this dynamic object keys operation: Operation 'PostPaymentIntents' cannot be represented: form object must declare additionalProperties: false; dynamic form keys are unsupported. Omit only this source-proven tuple rather than weaken the generated SDK contract.	sdkgen-maintainers	omit
operation	operation:PostPaymentIntentsIntent	SDKGEN-PROJECTION-UNREPRESENTABLE-OPERATION	sdkgen://source/openapi.json	/paths/~1v1~1payment_intents~1{intent}/post/requestBody/content/application~1x-www-form-urlencoded/schema/properties/amount_details/anyOf/0	Operation 'PostPaymentIntentsIntent' cannot be represented: form object must declare additionalProperties: false; dynamic form keys are unsupported	5c3294f8bf4865edaa77789b02966494b7788d6e5b82d1591e100436f8ac7b82	dynamic-object-keys	stripe-paths-1v1-1payment-intents-1-intent-post-requestbody-content-application-1x-www-form-urlencoded-schema-properties-amount-details-anyof-0-5c3294f8bf48	Exact Stripe T11 waiver for this dynamic object keys operation: Operation 'PostPaymentIntentsIntent' cannot be represented: form object must declare additionalProperties: false; dynamic form keys are unsupported. Omit only this source-proven tuple rather than weaken the generated SDK contract.	sdkgen-maintainers	omit
operation	operation:PostPaymentIntentsIntentCapture	SDKGEN-PROJECTION-UNREPRESENTABLE-OPERATION	sdkgen://source/openapi.json	/paths/~1v1~1payment_intents~1{intent}~1capture/post/requestBody/content/application~1x-www-form-urlencoded/schema/properties/amount_details	Operation 'PostPaymentIntentsIntentCapture' cannot be represented: form object must declare additionalProperties: false; dynamic form keys are unsupported	ff88a9b29678a0088b9b85285909892baa2b1b186650b3daf21303a63a76f6ff	dynamic-object-keys	stripe-paths-1v1-1payment-intents-1-intent-1capture-post-requestbody-content-application-1x-www-form-urlencoded-schema-properties-amount-details-ff88a9b29678	Exact Stripe T11 waiver for this dynamic object keys operation: Operation 'PostPaymentIntentsIntentCapture' cannot be represented: form object must declare additionalProperties: false; dynamic form keys are unsupported. Omit only this source-proven tuple rather than weaken the generated SDK contract.	sdkgen-maintainers	omit
operation	operation:PostPaymentIntentsIntentConfirm	SDKGEN-PROJECTION-UNREPRESENTABLE-OPERATION	sdkgen://source/openapi.json	/paths/~1v1~1payment_intents~1{intent}~1confirm/post/requestBody/content/application~1x-www-form-urlencoded/schema/properties/amount_details/anyOf/0	Operation 'PostPaymentIntentsIntentConfirm' cannot be represented: form object must declare additionalProperties: false; dynamic form keys are unsupported	83d03540fdade9b2812ee500ab83b613841e8b9e30d23c922b070fc3a3c456ff	dynamic-object-keys	stripe-paths-1v1-1payment-intents-1-intent-1confirm-post-requestbody-content-application-1x-www-form-urlencoded-schema-properties-amount-details-anyof-0-83d03540fdad	Exact Stripe T11 waiver for this dynamic object keys operation: Operation 'PostPaymentIntentsIntentConfirm' cannot be represented: form object must declare additionalProperties: false; dynamic form keys are unsupported. Omit only this source-proven tuple rather than weaken the generated SDK contract.	sdkgen-maintainers	omit
operation	operation:PostPaymentIntentsIntentIncrementAuthorization	SDKGEN-PROJECTION-UNREPRESENTABLE-OPERATION	sdkgen://source/openapi.json	/paths/~1v1~1payment_intents~1{intent}~1increment_authorization/post/requestBody/content/application~1x-www-form-urlencoded/schema/properties/amount_details	Operation 'PostPaymentIntentsIntentIncrementAuthorization' cannot be represented: form object must declare additionalProperties: false; dynamic form keys are unsupported	57d56d75399df36b29b95bac89ccbaa3412fe255176f081d6881924d70b3db20	dynamic-object-keys	stripe-paths-1v1-1payment-intents-1-intent-1increment-authorization-post-requestbody-content-application-1x-www-form-urlencoded-schema-properties-amount-details-57d56d75399d	Exact Stripe T11 waiver for this dynamic object keys operation: Operation 'PostPaymentIntentsIntentIncrementAuthorization' cannot be represented: form object must declare additionalProperties: false; dynamic form keys are unsupported. Omit only this source-proven tuple rather than weaken the generated SDK contract.	sdkgen-maintainers	omit
operation	operation:PostPaymentLinks	SDKGEN-PROJECTION-UNREPRESENTABLE-OPERATION	sdkgen://source/openapi.json	/paths/~1v1~1payment_links/post/requestBody/content/application~1x-www-form-urlencoded/schema/properties/after_completion	Operation 'PostPaymentLinks' cannot be represented: form object must declare additionalProperties: false; dynamic form keys are unsupported	3a976ea279a5d6612e76257716b0adc475a94108ef6850044fb4e4d38e132e45	dynamic-object-keys	stripe-paths-1v1-1payment-links-post-requestbody-content-application-1x-www-form-urlencoded-schema-properties-after-completion-3a976ea279a5	Exact Stripe T11 waiver for this dynamic object keys operation: Operation 'PostPaymentLinks' cannot be represented: form object must declare additionalProperties: false; dynamic form keys are unsupported. Omit only this source-proven tuple rather than weaken the generated SDK contract.	sdkgen-maintainers	omit
operation	operation:PostPaymentLinksPaymentLink	SDKGEN-PROJECTION-UNREPRESENTABLE-OPERATION	sdkgen://source/openapi.json	/paths/~1v1~1payment_links~1{payment_link}/post/requestBody/content/application~1x-www-form-urlencoded/schema/properties/after_completion	Operation 'PostPaymentLinksPaymentLink' cannot be represented: form object must declare additionalProperties: false; dynamic form keys are unsupported	a76c38066b29c15476ad335ecf790c98d14382647605586b62ac9b75f8d870b8	dynamic-object-keys	stripe-paths-1v1-1payment-links-1-payment-link-post-requestbody-content-application-1x-www-form-urlencoded-schema-properties-after-completion-a76c38066b29	Exact Stripe T11 waiver for this dynamic object keys operation: Operation 'PostPaymentLinksPaymentLink' cannot be represented: form object must declare additionalProperties: false; dynamic form keys are unsupported. Omit only this source-proven tuple rather than weaken the generated SDK contract.	sdkgen-maintainers	omit
operation	operation:PostPaymentMethodConfigurations	SDKGEN-PROJECTION-UNREPRESENTABLE-OPERATION	sdkgen://source/openapi.json	/paths/~1v1~1payment_method_configurations/post/requestBody/content/application~1x-www-form-urlencoded/schema/properties/acss_debit	Operation 'PostPaymentMethodConfigurations' cannot be represented: form object must declare additionalProperties: false; dynamic form keys are unsupported	25e1610816463f6d71e7ee0ee5d3ce5f2f6fbeaf366572f84cac333dc08d5952	dynamic-object-keys	stripe-paths-1v1-1payment-method-configurations-post-requestbody-content-application-1x-www-form-urlencoded-schema-properties-acss-debit-25e161081646	Exact Stripe T11 waiver for this dynamic object keys operation: Operation 'PostPaymentMethodConfigurations' cannot be represented: form object must declare additionalProperties: false; dynamic form keys are unsupported. Omit only this source-proven tuple rather than weaken the generated SDK contract.	sdkgen-maintainers	omit
operation	operation:PostPaymentMethodConfigurationsConfiguration	SDKGEN-PROJECTION-UNREPRESENTABLE-OPERATION	sdkgen://source/openapi.json	/paths/~1v1~1payment_method_configurations~1{configuration}/post/requestBody/content/application~1x-www-form-urlencoded/schema/properties/acss_debit	Operation 'PostPaymentMethodConfigurationsConfiguration' cannot be represented: form object must declare additionalProperties: false; dynamic form keys are unsupported	c699e17fa7220aaee7ebf445f7a9d0f78b1de1730c53d625878a6a16b1efad1d	dynamic-object-keys	stripe-paths-1v1-1payment-method-configurations-1-configuration-post-requestbody-content-application-1x-www-form-urlencoded-schema-properties-acss-debit-c699e17fa722	Exact Stripe T11 waiver for this dynamic object keys operation: Operation 'PostPaymentMethodConfigurationsConfiguration' cannot be represented: form object must declare additionalProperties: false; dynamic form keys are unsupported. Omit only this source-proven tuple rather than weaken the generated SDK contract.	sdkgen-maintainers	omit
operation	operation:PostPaymentMethods	SDKGEN-PROJECTION-UNREPRESENTABLE-OPERATION	sdkgen://source/openapi.json	/paths/~1v1~1payment_methods/post/requestBody/content/application~1x-www-form-urlencoded/schema/properties/acss_debit	Operation 'PostPaymentMethods' cannot be represented: form object must declare additionalProperties: false; dynamic form keys are unsupported	7bec2be483091f6efa78c14f5862f105866e2b4e0a1ce45a4763f18c16b011d2	dynamic-object-keys	stripe-paths-1v1-1payment-methods-post-requestbody-content-application-1x-www-form-urlencoded-schema-properties-acss-debit-7bec2be48309	Exact Stripe T11 waiver for this dynamic object keys operation: Operation 'PostPaymentMethods' cannot be represented: form object must declare additionalProperties: false; dynamic form keys are unsupported. Omit only this source-proven tuple rather than weaken the generated SDK contract.	sdkgen-maintainers	omit
operation	operation:PostPaymentMethodsPaymentMethod	SDKGEN-PROJECTION-UNREPRESENTABLE-OPERATION	sdkgen://source/openapi.json	/paths/~1v1~1payment_methods~1{payment_method}/post/requestBody/content/application~1x-www-form-urlencoded/schema/properties/billing_details	Operation 'PostPaymentMethodsPaymentMethod' cannot be represented: form object must declare additionalProperties: false; dynamic form keys are unsupported	e7a86a5ea36c9bd04fd47f6db983bd2aef43d9013de1bf1b2eb6352994066720	dynamic-object-keys	stripe-paths-1v1-1payment-methods-1-payment-method-post-requestbody-content-application-1x-www-form-urlencoded-schema-properties-billing-details-e7a86a5ea36c	Exact Stripe T11 waiver for this dynamic object keys operation: Operation 'PostPaymentMethodsPaymentMethod' cannot be represented: form object must declare additionalProperties: false; dynamic form keys are unsupported. Omit only this source-proven tuple rather than weaken the generated SDK contract.	sdkgen-maintainers	omit
operation	operation:PostPaymentRecordsIdReportPaymentAttempt	SDKGEN-PROJECTION-UNREPRESENTABLE-OPERATION	sdkgen://source/openapi.json	/paths/~1v1~1payment_records~1{id}~1report_payment_attempt/post/requestBody/content/application~1x-www-form-urlencoded/schema/properties/failed	Operation 'PostPaymentRecordsIdReportPaymentAttempt' cannot be represented: form object must declare additionalProperties: false; dynamic form keys are unsupported	6f6fda42570e1e5ac87351f485391844b803a9e7a34e7b3fcfbe6edc2361fb31	dynamic-object-keys	stripe-paths-1v1-1payment-records-1-id-1report-payment-attempt-post-requestbody-content-application-1x-www-form-urlencoded-schema-properties-failed-6f6fda42570e	Exact Stripe T11 waiver for this dynamic object keys operation: Operation 'PostPaymentRecordsIdReportPaymentAttempt' cannot be represented: form object must declare additionalProperties: false; dynamic form keys are unsupported. Omit only this source-proven tuple rather than weaken the generated SDK contract.	sdkgen-maintainers	omit
operation	operation:PostPaymentRecordsIdReportPaymentAttemptInformational	SDKGEN-PROJECTION-UNREPRESENTABLE-OPERATION	sdkgen://source/openapi.json	/paths/~1v1~1payment_records~1{id}~1report_payment_attempt_informational/post/requestBody/content/application~1x-www-form-urlencoded/schema/properties/customer_details	Operation 'PostPaymentRecordsIdReportPaymentAttemptInformational' cannot be represented: form object must declare additionalProperties: false; dynamic form keys are unsupported	d5b0eca893994a8a806c4ebda1bb63bef50e044f00242c668d3d433088b3b3dd	dynamic-object-keys	stripe-paths-1v1-1payment-records-1-id-1report-payment-attempt-informational-post-requestbody-content-application-1x-www-form-urlencoded-schema-properties-customer-details-d5b0eca89399	Exact Stripe T11 waiver for this dynamic object keys operation: Operation 'PostPaymentRecordsIdReportPaymentAttemptInformational' cannot be represented: form object must declare additionalProperties: false; dynamic form keys are unsupported. Omit only this source-proven tuple rather than weaken the generated SDK contract.	sdkgen-maintainers	omit
operation	operation:PostPaymentRecordsIdReportRefund	SDKGEN-PROJECTION-UNREPRESENTABLE-OPERATION	sdkgen://source/openapi.json	/paths/~1v1~1payment_records~1{id}~1report_refund/post/requestBody/content/application~1x-www-form-urlencoded/schema/properties/amount	Operation 'PostPaymentRecordsIdReportRefund' cannot be represented: form object must declare additionalProperties: false; dynamic form keys are unsupported	5f1592063fe6cc813e94a6f1c1eb1c458d34bde884a9ea932b82c2d1d1d111b6	dynamic-object-keys	stripe-paths-1v1-1payment-records-1-id-1report-refund-post-requestbody-content-application-1x-www-form-urlencoded-schema-properties-amount-5f1592063fe6	Exact Stripe T11 waiver for this dynamic object keys operation: Operation 'PostPaymentRecordsIdReportRefund' cannot be represented: form object must declare additionalProperties: false; dynamic form keys are unsupported. Omit only this source-proven tuple rather than weaken the generated SDK contract.	sdkgen-maintainers	omit
operation	operation:PostPaymentRecordsReportPayment	SDKGEN-PROJECTION-UNREPRESENTABLE-OPERATION	sdkgen://source/openapi.json	/paths/~1v1~1payment_records~1report_payment/post/requestBody/content/application~1x-www-form-urlencoded/schema/properties/amount_requested	Operation 'PostPaymentRecordsReportPayment' cannot be represented: form object must declare additionalProperties: false; dynamic form keys are unsupported	1244b773ac1e47b2cd7ab6be248e267864bd63bdf2724e9170dd3aaeda327c2f	dynamic-object-keys	stripe-paths-1v1-1payment-records-1report-payment-post-requestbody-content-application-1x-www-form-urlencoded-schema-properties-amount-requested-1244b773ac1e	Exact Stripe T11 waiver for this dynamic object keys operation: Operation 'PostPaymentRecordsReportPayment' cannot be represented: form object must declare additionalProperties: false; dynamic form keys are unsupported. Omit only this source-proven tuple rather than weaken the generated SDK contract.	sdkgen-maintainers	omit
operation	operation:PostPlans	SDKGEN-PROJECTION-UNREPRESENTABLE-OPERATION	sdkgen://source/openapi.json	/paths/~1v1~1plans/post/requestBody/content/application~1x-www-form-urlencoded/schema/properties/product/anyOf/0	Operation 'PostPlans' cannot be represented: form object must declare additionalProperties: false; dynamic form keys are unsupported	8d0e56c8a93dd0e1bc3d456632853580d461a26ccc573eda845a1cf1f4fedf68	dynamic-object-keys	stripe-paths-1v1-1plans-post-requestbody-content-application-1x-www-form-urlencoded-schema-properties-product-anyof-0-8d0e56c8a93d	Exact Stripe T11 waiver for this dynamic object keys operation: Operation 'PostPlans' cannot be represented: form object must declare additionalProperties: false; dynamic form keys are unsupported. Omit only this source-proven tuple rather than weaken the generated SDK contract.	sdkgen-maintainers	omit
operation	operation:PostPrices	SDKGEN-PROJECTION-UNREPRESENTABLE-OPERATION	sdkgen://source/openapi.json	/paths/~1v1~1prices/post/requestBody/content/application~1x-www-form-urlencoded/schema/properties/currency_options/additionalProperties	Operation 'PostPrices' cannot be represented: form object must declare additionalProperties: false; dynamic form keys are unsupported	9b453cfefa4e0a9d02cfdce4c56749090ae3605a463851b34388f5061064cd6a	dynamic-object-keys	stripe-paths-1v1-1prices-post-requestbody-content-application-1x-www-form-urlencoded-schema-properties-currency-options-additionalproperties-9b453cfefa4e	Exact Stripe T11 waiver for this dynamic object keys operation: Operation 'PostPrices' cannot be represented: form object must declare additionalProperties: false; dynamic form keys are unsupported. Omit only this source-proven tuple rather than weaken the generated SDK contract.	sdkgen-maintainers	omit
operation	operation:PostPricesPrice	SDKGEN-PROJECTION-UNREPRESENTABLE-OPERATION	sdkgen://source/openapi.json	/paths/~1v1~1prices~1{price}/post/requestBody/content/application~1x-www-form-urlencoded/schema/properties/currency_options/anyOf/0/additionalProperties	Operation 'PostPricesPrice' cannot be represented: form object must declare additionalProperties: false; dynamic form keys are unsupported	14a82c0fa852227f1c2fc9bac167388746f4b5d80e7e23705ae449da1b305d71	dynamic-object-keys	stripe-paths-1v1-1prices-1-price-post-requestbody-content-application-1x-www-form-urlencoded-schema-properties-currency-options-anyof-0-additionalproperties-14a82c0fa852	Exact Stripe T11 waiver for this dynamic object keys operation: Operation 'PostPricesPrice' cannot be represented: form object must declare additionalProperties: false; dynamic form keys are unsupported. Omit only this source-proven tuple rather than weaken the generated SDK contract.	sdkgen-maintainers	omit
operation	operation:PostProducts	SDKGEN-PROJECTION-UNREPRESENTABLE-OPERATION	sdkgen://source/openapi.json	/paths/~1v1~1products/post/requestBody/content/application~1x-www-form-urlencoded/schema/properties/default_price_data	Operation 'PostProducts' cannot be represented: form object must declare additionalProperties: false; dynamic form keys are unsupported	6c020fa67a674993e4926e76d0e685cdf00187d494223fd122b92b70f39ae525	dynamic-object-keys	stripe-paths-1v1-1products-post-requestbody-content-application-1x-www-form-urlencoded-schema-properties-default-price-data-6c020fa67a67	Exact Stripe T11 waiver for this dynamic object keys operation: Operation 'PostProducts' cannot be represented: form object must declare additionalProperties: false; dynamic form keys are unsupported. Omit only this source-proven tuple rather than weaken the generated SDK contract.	sdkgen-maintainers	omit
operation	operation:PostProductsId	SDKGEN-PROJECTION-UNREPRESENTABLE-OPERATION	sdkgen://source/openapi.json	/paths/~1v1~1products~1{id}/post/requestBody/content/application~1x-www-form-urlencoded/schema/properties/description	Operation 'PostProductsId' cannot be represented: form anyOf branches overlap by wire kind and cannot be selected deterministically	898a264c53b9bf308cba69acb4859b5a54ba954db376a7d0c47f6e17098a0b4c	form-composition	stripe-paths-1v1-1products-1-id-post-requestbody-content-application-1x-www-form-urlencoded-schema-properties-description-898a264c53b9	Exact Stripe T11 waiver for this form composition operation: Operation 'PostProductsId' cannot be represented: form anyOf branches overlap by wire kind and cannot be selected deterministically. Omit only this source-proven tuple rather than weaken the generated SDK contract.	sdkgen-maintainers	omit
operation	operation:PostPromotionCodes	SDKGEN-PROJECTION-UNREPRESENTABLE-OPERATION	sdkgen://source/openapi.json	/paths/~1v1~1promotion_codes/post/requestBody/content/application~1x-www-form-urlencoded/schema/properties/promotion	Operation 'PostPromotionCodes' cannot be represented: form object must declare additionalProperties: false; dynamic form keys are unsupported	192dd6905ed12f83acc6fa7b21d4cca5645e148fe41220effb623b8107885e19	dynamic-object-keys	stripe-paths-1v1-1promotion-codes-post-requestbody-content-application-1x-www-form-urlencoded-schema-properties-promotion-192dd6905ed1	Exact Stripe T11 waiver for this dynamic object keys operation: Operation 'PostPromotionCodes' cannot be represented: form object must declare additionalProperties: false; dynamic form keys are unsupported. Omit only this source-proven tuple rather than weaken the generated SDK contract.	sdkgen-maintainers	omit
operation	operation:PostPromotionCodesPromotionCode	SDKGEN-PROJECTION-UNREPRESENTABLE-OPERATION	sdkgen://source/openapi.json	/paths/~1v1~1promotion_codes~1{promotion_code}/post/requestBody/content/application~1x-www-form-urlencoded/schema/properties/restrictions	Operation 'PostPromotionCodesPromotionCode' cannot be represented: form object must declare additionalProperties: false; dynamic form keys are unsupported	6fa6833131d194fab94e4e2442ae2f283c0fcaf7a2dff95f71b92269c2a5ae2c	dynamic-object-keys	stripe-paths-1v1-1promotion-codes-1-promotion-code-post-requestbody-content-application-1x-www-form-urlencoded-schema-properties-restrictions-6fa6833131d1	Exact Stripe T11 waiver for this dynamic object keys operation: Operation 'PostPromotionCodesPromotionCode' cannot be represented: form object must declare additionalProperties: false; dynamic form keys are unsupported. Omit only this source-proven tuple rather than weaken the generated SDK contract.	sdkgen-maintainers	omit
operation	operation:PostQuotes	SDKGEN-PROJECTION-UNREPRESENTABLE-OPERATION	sdkgen://source/openapi.json	/paths/~1v1~1quotes/post/requestBody/content/application~1x-www-form-urlencoded/schema/properties/automatic_tax	Operation 'PostQuotes' cannot be represented: form object must declare additionalProperties: false; dynamic form keys are unsupported	4036b191464a636c873b81bac8f8f7f2abfcf9e3f95c73811852b10bdfa8ce40	dynamic-object-keys	stripe-paths-1v1-1quotes-post-requestbody-content-application-1x-www-form-urlencoded-schema-properties-automatic-tax-4036b191464a	Exact Stripe T11 waiver for this dynamic object keys operation: Operation 'PostQuotes' cannot be represented: form object must declare additionalProperties: false; dynamic form keys are unsupported. Omit only this source-proven tuple rather than weaken the generated SDK contract.	sdkgen-maintainers	omit
operation	operation:PostQuotesQuote	SDKGEN-PROJECTION-UNREPRESENTABLE-OPERATION	sdkgen://source/openapi.json	/paths/~1v1~1quotes~1{quote}/post/requestBody/content/application~1x-www-form-urlencoded/schema/properties/automatic_tax	Operation 'PostQuotesQuote' cannot be represented: form object must declare additionalProperties: false; dynamic form keys are unsupported	f7862a0a4e3089264f0bedc48db7fc880c0b492a53ac2a49c32aa830a50b0cb4	dynamic-object-keys	stripe-paths-1v1-1quotes-1-quote-post-requestbody-content-application-1x-www-form-urlencoded-schema-properties-automatic-tax-f7862a0a4e30	Exact Stripe T11 waiver for this dynamic object keys operation: Operation 'PostQuotesQuote' cannot be represented: form object must declare additionalProperties: false; dynamic form keys are unsupported. Omit only this source-proven tuple rather than weaken the generated SDK contract.	sdkgen-maintainers	omit
operation	operation:PostRadarPaymentEvaluations	SDKGEN-PROJECTION-UNREPRESENTABLE-OPERATION	sdkgen://source/openapi.json	/paths/~1v1~1radar~1payment_evaluations/post/requestBody/content/application~1x-www-form-urlencoded/schema/properties/client_device_metadata_details	Operation 'PostRadarPaymentEvaluations' cannot be represented: form object must declare additionalProperties: false; dynamic form keys are unsupported	9b75457b3a30290ccc03ab56e189178ff707b5cd93ce263f70b107886e54b653	dynamic-object-keys	stripe-paths-1v1-1radar-1payment-evaluations-post-requestbody-content-application-1x-www-form-urlencoded-schema-properties-client-device-metadata-details-9b75457b3a30	Exact Stripe T11 waiver for this dynamic object keys operation: Operation 'PostRadarPaymentEvaluations' cannot be represented: form object must declare additionalProperties: false; dynamic form keys are unsupported. Omit only this source-proven tuple rather than weaken the generated SDK contract.	sdkgen-maintainers	omit
operation	operation:PostReportingReportRuns	SDKGEN-PROJECTION-UNREPRESENTABLE-OPERATION	sdkgen://source/openapi.json	/paths/~1v1~1reporting~1report_runs/post/requestBody/content/application~1x-www-form-urlencoded/schema/properties/parameters	Operation 'PostReportingReportRuns' cannot be represented: form object must declare additionalProperties: false; dynamic form keys are unsupported	a5e3482ec115427f2573ac0c279dd0bf5512ce9d22b50bdf41d80ee63c0352c1	dynamic-object-keys	stripe-paths-1v1-1reporting-1report-runs-post-requestbody-content-application-1x-www-form-urlencoded-schema-properties-parameters-a5e3482ec115	Exact Stripe T11 waiver for this dynamic object keys operation: Operation 'PostReportingReportRuns' cannot be represented: form object must declare additionalProperties: false; dynamic form keys are unsupported. Omit only this source-proven tuple rather than weaken the generated SDK contract.	sdkgen-maintainers	omit
operation	operation:PostSetupIntents	SDKGEN-PROJECTION-UNREPRESENTABLE-OPERATION	sdkgen://source/openapi.json	/paths/~1v1~1setup_intents/post/requestBody/content/application~1x-www-form-urlencoded/schema/properties/automatic_payment_methods	Operation 'PostSetupIntents' cannot be represented: form object must declare additionalProperties: false; dynamic form keys are unsupported	61495fb7442802c27626bc16a11169c88111f2e17c6add610f99558374e8e6cd	dynamic-object-keys	stripe-paths-1v1-1setup-intents-post-requestbody-content-application-1x-www-form-urlencoded-schema-properties-automatic-payment-methods-61495fb74428	Exact Stripe T11 waiver for this dynamic object keys operation: Operation 'PostSetupIntents' cannot be represented: form object must declare additionalProperties: false; dynamic form keys are unsupported. Omit only this source-proven tuple rather than weaken the generated SDK contract.	sdkgen-maintainers	omit
operation	operation:PostSetupIntentsIntent	SDKGEN-PROJECTION-UNREPRESENTABLE-OPERATION	sdkgen://source/openapi.json	/paths/~1v1~1setup_intents~1{intent}/post/requestBody/content/application~1x-www-form-urlencoded/schema/properties/payment_method_data	Operation 'PostSetupIntentsIntent' cannot be represented: form object must declare additionalProperties: false; dynamic form keys are unsupported	d0706ee1d09de1e33d79283534db6ed28f65159c80241a5742f04566431cd521	dynamic-object-keys	stripe-paths-1v1-1setup-intents-1-intent-post-requestbody-content-application-1x-www-form-urlencoded-schema-properties-payment-method-data-d0706ee1d09d	Exact Stripe T11 waiver for this dynamic object keys operation: Operation 'PostSetupIntentsIntent' cannot be represented: form object must declare additionalProperties: false; dynamic form keys are unsupported. Omit only this source-proven tuple rather than weaken the generated SDK contract.	sdkgen-maintainers	omit
operation	operation:PostSetupIntentsIntentConfirm	SDKGEN-PROJECTION-UNREPRESENTABLE-OPERATION	sdkgen://source/openapi.json	/paths/~1v1~1setup_intents~1{intent}~1confirm/post/requestBody/content/application~1x-www-form-urlencoded/schema/properties/mandate_data	Operation 'PostSetupIntentsIntentConfirm' cannot be represented: form anyOf branches overlap by wire kind and cannot be selected deterministically	df7dff5acb43ba50671a5f7e7246e05fe54a5862d60967d9d214373e71d78afb	form-composition	stripe-paths-1v1-1setup-intents-1-intent-1confirm-post-requestbody-content-application-1x-www-form-urlencoded-schema-properties-mandate-data-df7dff5acb43	Exact Stripe T11 waiver for this form composition operation: Operation 'PostSetupIntentsIntentConfirm' cannot be represented: form anyOf branches overlap by wire kind and cannot be selected deterministically. Omit only this source-proven tuple rather than weaken the generated SDK contract.	sdkgen-maintainers	omit
operation	operation:PostShippingRates	SDKGEN-PROJECTION-UNREPRESENTABLE-OPERATION	sdkgen://source/openapi.json	/paths/~1v1~1shipping_rates/post/requestBody/content/application~1x-www-form-urlencoded/schema/properties/delivery_estimate	Operation 'PostShippingRates' cannot be represented: form object must declare additionalProperties: false; dynamic form keys are unsupported	423b51371467c2a3d8f112f06ec6f1f4454ac1f4c17c2d1728a5998209e325c4	dynamic-object-keys	stripe-paths-1v1-1shipping-rates-post-requestbody-content-application-1x-www-form-urlencoded-schema-properties-delivery-estimate-423b51371467	Exact Stripe T11 waiver for this dynamic object keys operation: Operation 'PostShippingRates' cannot be represented: form object must declare additionalProperties: false; dynamic form keys are unsupported. Omit only this source-proven tuple rather than weaken the generated SDK contract.	sdkgen-maintainers	omit
operation	operation:PostShippingRatesShippingRateToken	SDKGEN-PROJECTION-UNREPRESENTABLE-OPERATION	sdkgen://source/openapi.json	/paths/~1v1~1shipping_rates~1{shipping_rate_token}/post/requestBody/content/application~1x-www-form-urlencoded/schema/properties/fixed_amount	Operation 'PostShippingRatesShippingRateToken' cannot be represented: form object must declare additionalProperties: false; dynamic form keys are unsupported	f2672ea547c80d4e5f3d60ec88e64d8518ff24aed0f6337eba9c546c825bf247	dynamic-object-keys	stripe-paths-1v1-1shipping-rates-1-shipping-rate-token-post-requestbody-content-application-1x-www-form-urlencoded-schema-properties-fixed-amount-f2672ea547c8	Exact Stripe T11 waiver for this dynamic object keys operation: Operation 'PostShippingRatesShippingRateToken' cannot be represented: form object must declare additionalProperties: false; dynamic form keys are unsupported. Omit only this source-proven tuple rather than weaken the generated SDK contract.	sdkgen-maintainers	omit
operation	operation:PostSources	SDKGEN-PROJECTION-UNREPRESENTABLE-OPERATION	sdkgen://source/openapi.json	/paths/~1v1~1sources/post/requestBody/content/application~1x-www-form-urlencoded/schema/properties/mandate	Operation 'PostSources' cannot be represented: form object must declare additionalProperties: false; dynamic form keys are unsupported	772d76c259e7dae160fa455f0bfc0baaf423d1cf935682a163c0c6ed8181b62e	dynamic-object-keys	stripe-paths-1v1-1sources-post-requestbody-content-application-1x-www-form-urlencoded-schema-properties-mandate-772d76c259e7	Exact Stripe T11 waiver for this dynamic object keys operation: Operation 'PostSources' cannot be represented: form object must declare additionalProperties: false; dynamic form keys are unsupported. Omit only this source-proven tuple rather than weaken the generated SDK contract.	sdkgen-maintainers	omit
operation	operation:PostSourcesSource	SDKGEN-PROJECTION-UNREPRESENTABLE-OPERATION	sdkgen://source/openapi.json	/paths/~1v1~1sources~1{source}/post/requestBody/content/application~1x-www-form-urlencoded/schema/properties/mandate	Operation 'PostSourcesSource' cannot be represented: form object must declare additionalProperties: false; dynamic form keys are unsupported	6cb86bbf8805ab11ad7fda2ed0ebaab9ee235641ca39d3fd9d9195800290cff5	dynamic-object-keys	stripe-paths-1v1-1sources-1-source-post-requestbody-content-application-1x-www-form-urlencoded-schema-properties-mandate-6cb86bbf8805	Exact Stripe T11 waiver for this dynamic object keys operation: Operation 'PostSourcesSource' cannot be represented: form object must declare additionalProperties: false; dynamic form keys are unsupported. Omit only this source-proven tuple rather than weaken the generated SDK contract.	sdkgen-maintainers	omit
operation	operation:PostSubscriptionItems	SDKGEN-PROJECTION-UNREPRESENTABLE-OPERATION	sdkgen://source/openapi.json	/paths/~1v1~1subscription_items/post/requestBody/content/application~1x-www-form-urlencoded/schema/properties/billing_thresholds/anyOf/0	Operation 'PostSubscriptionItems' cannot be represented: form object must declare additionalProperties: false; dynamic form keys are unsupported	4a66249c9d5897380c23fab9eb348c297f5a73839e180b211f0be9e95cd8ebc9	dynamic-object-keys	stripe-paths-1v1-1subscription-items-post-requestbody-content-application-1x-www-form-urlencoded-schema-properties-billing-thresholds-anyof-0-4a66249c9d58	Exact Stripe T11 waiver for this dynamic object keys operation: Operation 'PostSubscriptionItems' cannot be represented: form object must declare additionalProperties: false; dynamic form keys are unsupported. Omit only this source-proven tuple rather than weaken the generated SDK contract.	sdkgen-maintainers	omit
operation	operation:PostSubscriptionItemsItem	SDKGEN-PROJECTION-UNREPRESENTABLE-OPERATION	sdkgen://source/openapi.json	/paths/~1v1~1subscription_items~1{item}/post/requestBody/content/application~1x-www-form-urlencoded/schema/properties/billing_thresholds/anyOf/0	Operation 'PostSubscriptionItemsItem' cannot be represented: form object must declare additionalProperties: false; dynamic form keys are unsupported	ddc4cb56439503363631f1111ae65b5f9f608281aa65b597b3383471c711d2f2	dynamic-object-keys	stripe-paths-1v1-1subscription-items-1-item-post-requestbody-content-application-1x-www-form-urlencoded-schema-properties-billing-thresholds-anyof-0-ddc4cb564395	Exact Stripe T11 waiver for this dynamic object keys operation: Operation 'PostSubscriptionItemsItem' cannot be represented: form object must declare additionalProperties: false; dynamic form keys are unsupported. Omit only this source-proven tuple rather than weaken the generated SDK contract.	sdkgen-maintainers	omit
operation	operation:PostSubscriptionSchedules	SDKGEN-PROJECTION-UNREPRESENTABLE-OPERATION	sdkgen://source/openapi.json	/paths/~1v1~1subscription_schedules/post/requestBody/content/application~1x-www-form-urlencoded/schema/properties/billing_mode	Operation 'PostSubscriptionSchedules' cannot be represented: form object must declare additionalProperties: false; dynamic form keys are unsupported	a5bb32d938eb9b2288d52940b8e8218884630337c14492b5518175039bd79f84	dynamic-object-keys	stripe-paths-1v1-1subscription-schedules-post-requestbody-content-application-1x-www-form-urlencoded-schema-properties-billing-mode-a5bb32d938eb	Exact Stripe T11 waiver for this dynamic object keys operation: Operation 'PostSubscriptionSchedules' cannot be represented: form object must declare additionalProperties: false; dynamic form keys are unsupported. Omit only this source-proven tuple rather than weaken the generated SDK contract.	sdkgen-maintainers	omit
operation	operation:PostSubscriptionSchedulesSchedule	SDKGEN-PROJECTION-UNREPRESENTABLE-OPERATION	sdkgen://source/openapi.json	/paths/~1v1~1subscription_schedules~1{schedule}/post/requestBody/content/application~1x-www-form-urlencoded/schema/properties/default_settings	Operation 'PostSubscriptionSchedulesSchedule' cannot be represented: form object must declare additionalProperties: false; dynamic form keys are unsupported	0348a6b0e9c4c61279ba3a6d00b9a0852d44745918c12b49f9eabf1ffc9e1b30	dynamic-object-keys	stripe-paths-1v1-1subscription-schedules-1-schedule-post-requestbody-content-application-1x-www-form-urlencoded-schema-properties-default-settings-0348a6b0e9c4	Exact Stripe T11 waiver for this dynamic object keys operation: Operation 'PostSubscriptionSchedulesSchedule' cannot be represented: form object must declare additionalProperties: false; dynamic form keys are unsupported. Omit only this source-proven tuple rather than weaken the generated SDK contract.	sdkgen-maintainers	omit
operation	operation:PostSubscriptions	SDKGEN-PROJECTION-UNREPRESENTABLE-OPERATION	sdkgen://source/openapi.json	/paths/~1v1~1subscriptions/post/requestBody/content/application~1x-www-form-urlencoded/schema/properties/add_invoice_items/items	Operation 'PostSubscriptions' cannot be represented: form object must declare additionalProperties: false; dynamic form keys are unsupported	731c341ced1e93524a32dda9b48e7d26a3aee20aebf8b7596c02a41c2c6395e2	dynamic-object-keys	stripe-paths-1v1-1subscriptions-post-requestbody-content-application-1x-www-form-urlencoded-schema-properties-add-invoice-items-items-731c341ced1e	Exact Stripe T11 waiver for this dynamic object keys operation: Operation 'PostSubscriptions' cannot be represented: form object must declare additionalProperties: false; dynamic form keys are unsupported. Omit only this source-proven tuple rather than weaken the generated SDK contract.	sdkgen-maintainers	omit
operation	operation:PostSubscriptionsSubscriptionExposedId	SDKGEN-PROJECTION-UNREPRESENTABLE-OPERATION	sdkgen://source/openapi.json	/paths/~1v1~1subscriptions~1{subscription_exposed_id}/post/requestBody/content/application~1x-www-form-urlencoded/schema/properties/add_invoice_items/items	Operation 'PostSubscriptionsSubscriptionExposedId' cannot be represented: form object must declare additionalProperties: false; dynamic form keys are unsupported	eb6fe79a99457ff13442c2e5dadfc8e93edc10a7a57f0ea2517fa30943bb9244	dynamic-object-keys	stripe-paths-1v1-1subscriptions-1-subscription-exposed-id-post-requestbody-content-application-1x-www-form-urlencoded-schema-properties-add-invoice-items-items-eb6fe79a9945	Exact Stripe T11 waiver for this dynamic object keys operation: Operation 'PostSubscriptionsSubscriptionExposedId' cannot be represented: form object must declare additionalProperties: false; dynamic form keys are unsupported. Omit only this source-proven tuple rather than weaken the generated SDK contract.	sdkgen-maintainers	omit
operation	operation:PostSubscriptionsSubscriptionMigrate	SDKGEN-PROJECTION-UNREPRESENTABLE-OPERATION	sdkgen://source/openapi.json	/paths/~1v1~1subscriptions~1{subscription}~1migrate/post/requestBody/content/application~1x-www-form-urlencoded/schema/properties/billing_mode	Operation 'PostSubscriptionsSubscriptionMigrate' cannot be represented: form object must declare additionalProperties: false; dynamic form keys are unsupported	267f72943ca543ae0a8377a50fbc2f1e4f806d47eb2b671342dbba5a62d3c6cb	dynamic-object-keys	stripe-paths-1v1-1subscriptions-1-subscription-1migrate-post-requestbody-content-application-1x-www-form-urlencoded-schema-properties-billing-mode-267f72943ca5	Exact Stripe T11 waiver for this dynamic object keys operation: Operation 'PostSubscriptionsSubscriptionMigrate' cannot be represented: form object must declare additionalProperties: false; dynamic form keys are unsupported. Omit only this source-proven tuple rather than weaken the generated SDK contract.	sdkgen-maintainers	omit
operation	operation:PostTaxCalculations	SDKGEN-PROJECTION-UNREPRESENTABLE-OPERATION	sdkgen://source/openapi.json	/paths/~1v1~1tax~1calculations/post/requestBody/content/application~1x-www-form-urlencoded/schema/properties/customer_details	Operation 'PostTaxCalculations' cannot be represented: form object must declare additionalProperties: false; dynamic form keys are unsupported	45a950b6869380d01e875859467fcbd50212af4a92f416a4dd3029222b0a7d40	dynamic-object-keys	stripe-paths-1v1-1tax-1calculations-post-requestbody-content-application-1x-www-form-urlencoded-schema-properties-customer-details-45a950b68693	Exact Stripe T11 waiver for this dynamic object keys operation: Operation 'PostTaxCalculations' cannot be represented: form object must declare additionalProperties: false; dynamic form keys are unsupported. Omit only this source-proven tuple rather than weaken the generated SDK contract.	sdkgen-maintainers	omit
operation	operation:PostTaxIds	SDKGEN-PROJECTION-UNREPRESENTABLE-OPERATION	sdkgen://source/openapi.json	/paths/~1v1~1tax_ids/post/requestBody/content/application~1x-www-form-urlencoded/schema/properties/owner	Operation 'PostTaxIds' cannot be represented: form object must declare additionalProperties: false; dynamic form keys are unsupported	c71e21774d16c351261a2a62090b37d51486c163f11da10af7cb6955f0f4a1ec	dynamic-object-keys	stripe-paths-1v1-1tax-ids-post-requestbody-content-application-1x-www-form-urlencoded-schema-properties-owner-c71e21774d16	Exact Stripe T11 waiver for this dynamic object keys operation: Operation 'PostTaxIds' cannot be represented: form object must declare additionalProperties: false; dynamic form keys are unsupported. Omit only this source-proven tuple rather than weaken the generated SDK contract.	sdkgen-maintainers	omit
operation	operation:PostTaxRegistrations	SDKGEN-PROJECTION-UNREPRESENTABLE-OPERATION	sdkgen://source/openapi.json	/paths/~1v1~1tax~1registrations/post/requestBody/content/application~1x-www-form-urlencoded/schema/properties/country_options	Operation 'PostTaxRegistrations' cannot be represented: form object must declare additionalProperties: false; dynamic form keys are unsupported	b89b3616887f24d178b0498da8d5107cf6e3f0a8a5407cf726adf9ca927a404a	dynamic-object-keys	stripe-paths-1v1-1tax-1registrations-post-requestbody-content-application-1x-www-form-urlencoded-schema-properties-country-options-b89b3616887f	Exact Stripe T11 waiver for this dynamic object keys operation: Operation 'PostTaxRegistrations' cannot be represented: form object must declare additionalProperties: false; dynamic form keys are unsupported. Omit only this source-proven tuple rather than weaken the generated SDK contract.	sdkgen-maintainers	omit
operation	operation:PostTaxRegistrationsId	SDKGEN-PROJECTION-UNREPRESENTABLE-OPERATION	sdkgen://source/openapi.json	/paths/~1v1~1tax~1registrations~1{id}/post/requestBody/content/application~1x-www-form-urlencoded/schema/properties/expires_at	Operation 'PostTaxRegistrationsId' cannot be represented: form anyOf branches overlap by wire kind and cannot be selected deterministically	56ed48f796aa3d9b13ed867ebf7d65b017ccac16e6484e0565f0b2b4f79e5f0f	form-composition	stripe-paths-1v1-1tax-1registrations-1-id-post-requestbody-content-application-1x-www-form-urlencoded-schema-properties-expires-at-56ed48f796aa	Exact Stripe T11 waiver for this form composition operation: Operation 'PostTaxRegistrationsId' cannot be represented: form anyOf branches overlap by wire kind and cannot be selected deterministically. Omit only this source-proven tuple rather than weaken the generated SDK contract.	sdkgen-maintainers	omit
operation	operation:PostTaxSettings	SDKGEN-PROJECTION-UNREPRESENTABLE-OPERATION	sdkgen://source/openapi.json	/paths/~1v1~1tax~1settings/post/requestBody/content/application~1x-www-form-urlencoded/schema/properties/defaults	Operation 'PostTaxSettings' cannot be represented: form object must declare additionalProperties: false; dynamic form keys are unsupported	a3b8b33815cc721e56d98954665e8241c301b3e43f237801d519cc39476816a1	dynamic-object-keys	stripe-paths-1v1-1tax-1settings-post-requestbody-content-application-1x-www-form-urlencoded-schema-properties-defaults-a3b8b33815cc	Exact Stripe T11 waiver for this dynamic object keys operation: Operation 'PostTaxSettings' cannot be represented: form object must declare additionalProperties: false; dynamic form keys are unsupported. Omit only this source-proven tuple rather than weaken the generated SDK contract.	sdkgen-maintainers	omit
operation	operation:PostTaxTransactionsCreateReversal	SDKGEN-PROJECTION-UNREPRESENTABLE-OPERATION	sdkgen://source/openapi.json	/paths/~1v1~1tax~1transactions~1create_reversal/post/requestBody/content/application~1x-www-form-urlencoded/schema/properties/line_items/items	Operation 'PostTaxTransactionsCreateReversal' cannot be represented: form object must declare additionalProperties: false; dynamic form keys are unsupported	7ced50757e348f794599328fadabedc4a2d3fda406c56522a2effa280f0e4c46	dynamic-object-keys	stripe-paths-1v1-1tax-1transactions-1create-reversal-post-requestbody-content-application-1x-www-form-urlencoded-schema-properties-line-items-items-7ced50757e34	Exact Stripe T11 waiver for this dynamic object keys operation: Operation 'PostTaxTransactionsCreateReversal' cannot be represented: form object must declare additionalProperties: false; dynamic form keys are unsupported. Omit only this source-proven tuple rather than weaken the generated SDK contract.	sdkgen-maintainers	omit
operation	operation:PostTerminalConfigurations	SDKGEN-PROJECTION-UNREPRESENTABLE-OPERATION	sdkgen://source/openapi.json	/paths/~1v1~1terminal~1configurations/post/requestBody/content/application~1x-www-form-urlencoded/schema/properties/bbpos_wisepad3	Operation 'PostTerminalConfigurations' cannot be represented: form object must declare additionalProperties: false; dynamic form keys are unsupported	841187ead4df58b72cb2fafbadd3dc28d207e27890df6f4cc13d9ef7bc0a9f5e	dynamic-object-keys	stripe-paths-1v1-1terminal-1configurations-post-requestbody-content-application-1x-www-form-urlencoded-schema-properties-bbpos-wisepad3-841187ead4df	Exact Stripe T11 waiver for this dynamic object keys operation: Operation 'PostTerminalConfigurations' cannot be represented: form object must declare additionalProperties: false; dynamic form keys are unsupported. Omit only this source-proven tuple rather than weaken the generated SDK contract.	sdkgen-maintainers	omit
operation	operation:PostTerminalConfigurationsConfiguration	SDKGEN-PROJECTION-UNREPRESENTABLE-OPERATION	sdkgen://source/openapi.json	/paths/~1v1~1terminal~1configurations~1{configuration}/post/requestBody/content/application~1x-www-form-urlencoded/schema/properties/bbpos_wisepad3/anyOf/0	Operation 'PostTerminalConfigurationsConfiguration' cannot be represented: form object must declare additionalProperties: false; dynamic form keys are unsupported	e2455e3028f3eb8cbf63d8826d8cc6f52efbf0622ae5550301b49540d70b46b2	dynamic-object-keys	stripe-paths-1v1-1terminal-1configurations-1-configuration-post-requestbody-content-application-1x-www-form-urlencoded-schema-properties-bbpos-wisepad3-anyof-0-e2455e3028f3	Exact Stripe T11 waiver for this dynamic object keys operation: Operation 'PostTerminalConfigurationsConfiguration' cannot be represented: form object must declare additionalProperties: false; dynamic form keys are unsupported. Omit only this source-proven tuple rather than weaken the generated SDK contract.	sdkgen-maintainers	omit
operation	operation:PostTerminalLocations	SDKGEN-PROJECTION-UNREPRESENTABLE-OPERATION	sdkgen://source/openapi.json	/paths/~1v1~1terminal~1locations/post/requestBody/content/application~1x-www-form-urlencoded/schema/properties/address	Operation 'PostTerminalLocations' cannot be represented: form object must declare additionalProperties: false; dynamic form keys are unsupported	1d5ebf155d21f138d8a930fb5d05690be2825a414f7d8c8a4900e23e95d2253a	dynamic-object-keys	stripe-paths-1v1-1terminal-1locations-post-requestbody-content-application-1x-www-form-urlencoded-schema-properties-address-1d5ebf155d21	Exact Stripe T11 waiver for this dynamic object keys operation: Operation 'PostTerminalLocations' cannot be represented: form object must declare additionalProperties: false; dynamic form keys are unsupported. Omit only this source-proven tuple rather than weaken the generated SDK contract.	sdkgen-maintainers	omit
operation	operation:PostTerminalLocationsLocation	SDKGEN-PROJECTION-UNREPRESENTABLE-OPERATION	sdkgen://source/openapi.json	/paths/~1v1~1terminal~1locations~1{location}/post/requestBody/content/application~1x-www-form-urlencoded/schema/properties/address	Operation 'PostTerminalLocationsLocation' cannot be represented: form object must declare additionalProperties: false; dynamic form keys are unsupported	f0fc3f2d15a52c3c5ef30214105da819ee29bdeefc9a204c3d8d274573ee86a8	dynamic-object-keys	stripe-paths-1v1-1terminal-1locations-1-location-post-requestbody-content-application-1x-www-form-urlencoded-schema-properties-address-f0fc3f2d15a5	Exact Stripe T11 waiver for this dynamic object keys operation: Operation 'PostTerminalLocationsLocation' cannot be represented: form object must declare additionalProperties: false; dynamic form keys are unsupported. Omit only this source-proven tuple rather than weaken the generated SDK contract.	sdkgen-maintainers	omit
operation	operation:PostTerminalOnboardingLinks	SDKGEN-PROJECTION-UNREPRESENTABLE-OPERATION	sdkgen://source/openapi.json	/paths/~1v1~1terminal~1onboarding_links/post/requestBody/content/application~1x-www-form-urlencoded/schema/properties/link_options	Operation 'PostTerminalOnboardingLinks' cannot be represented: form object must declare additionalProperties: false; dynamic form keys are unsupported	bee1091fc24c7527a939f21a3d300728b409599f65b284bdbb3c617a553a033c	dynamic-object-keys	stripe-paths-1v1-1terminal-1onboarding-links-post-requestbody-content-application-1x-www-form-urlencoded-schema-properties-link-options-bee1091fc24c	Exact Stripe T11 waiver for this dynamic object keys operation: Operation 'PostTerminalOnboardingLinks' cannot be represented: form object must declare additionalProperties: false; dynamic form keys are unsupported. Omit only this source-proven tuple rather than weaken the generated SDK contract.	sdkgen-maintainers	omit
operation	operation:PostTerminalReadersReader	SDKGEN-PROJECTION-UNREPRESENTABLE-OPERATION	sdkgen://source/openapi.json	/paths/~1v1~1terminal~1readers~1{reader}/post/requestBody/content/application~1x-www-form-urlencoded/schema/properties/label	Operation 'PostTerminalReadersReader' cannot be represented: form anyOf branches overlap by wire kind and cannot be selected deterministically	d1ef71f06dbf5e6d45e19fa2a811ff2c9321689e4280cc67d02daa8c6d64dade	form-composition	stripe-paths-1v1-1terminal-1readers-1-reader-post-requestbody-content-application-1x-www-form-urlencoded-schema-properties-label-d1ef71f06dbf	Exact Stripe T11 waiver for this form composition operation: Operation 'PostTerminalReadersReader' cannot be represented: form anyOf branches overlap by wire kind and cannot be selected deterministically. Omit only this source-proven tuple rather than weaken the generated SDK contract.	sdkgen-maintainers	omit
operation	operation:PostTerminalReadersReaderCollectInputs	SDKGEN-PROJECTION-UNREPRESENTABLE-OPERATION	sdkgen://source/openapi.json	/paths/~1v1~1terminal~1readers~1{reader}~1collect_inputs/post/requestBody/content/application~1x-www-form-urlencoded/schema/properties/inputs/items	Operation 'PostTerminalReadersReaderCollectInputs' cannot be represented: form object must declare additionalProperties: false; dynamic form keys are unsupported	0cb34f95bee299916a4d38c0179ddc12de0588119869957c8614e0fd342525b6	dynamic-object-keys	stripe-paths-1v1-1terminal-1readers-1-reader-1collect-inputs-post-requestbody-content-application-1x-www-form-urlencoded-schema-properties-inputs-items-0cb34f95bee2	Exact Stripe T11 waiver for this dynamic object keys operation: Operation 'PostTerminalReadersReaderCollectInputs' cannot be represented: form object must declare additionalProperties: false; dynamic form keys are unsupported. Omit only this source-proven tuple rather than weaken the generated SDK contract.	sdkgen-maintainers	omit
operation	operation:PostTerminalReadersReaderCollectPaymentMethod	SDKGEN-PROJECTION-UNREPRESENTABLE-OPERATION	sdkgen://source/openapi.json	/paths/~1v1~1terminal~1readers~1{reader}~1collect_payment_method/post/requestBody/content/application~1x-www-form-urlencoded/schema/properties/collect_config	Operation 'PostTerminalReadersReaderCollectPaymentMethod' cannot be represented: form object must declare additionalProperties: false; dynamic form keys are unsupported	e7e6a42d1ff6b8388028d5fc46fa487854b6a9906fe5c5f40989c9bdf550fb02	dynamic-object-keys	stripe-paths-1v1-1terminal-1readers-1-reader-1collect-payment-method-post-requestbody-content-application-1x-www-form-urlencoded-schema-properties-collect-config-e7e6a42d1ff6	Exact Stripe T11 waiver for this dynamic object keys operation: Operation 'PostTerminalReadersReaderCollectPaymentMethod' cannot be represented: form object must declare additionalProperties: false; dynamic form keys are unsupported. Omit only this source-proven tuple rather than weaken the generated SDK contract.	sdkgen-maintainers	omit
operation	operation:PostTerminalReadersReaderConfirmPaymentIntent	SDKGEN-PROJECTION-UNREPRESENTABLE-OPERATION	sdkgen://source/openapi.json	/paths/~1v1~1terminal~1readers~1{reader}~1confirm_payment_intent/post/requestBody/content/application~1x-www-form-urlencoded/schema/properties/confirm_config	Operation 'PostTerminalReadersReaderConfirmPaymentIntent' cannot be represented: form object must declare additionalProperties: false; dynamic form keys are unsupported	a4ca7967e8b94c7589ec0ec77455b83495fa89f9319b15a376aede7888830e79	dynamic-object-keys	stripe-paths-1v1-1terminal-1readers-1-reader-1confirm-payment-intent-post-requestbody-content-application-1x-www-form-urlencoded-schema-properties-confirm-config-a4ca7967e8b9	Exact Stripe T11 waiver for this dynamic object keys operation: Operation 'PostTerminalReadersReaderConfirmPaymentIntent' cannot be represented: form object must declare additionalProperties: false; dynamic form keys are unsupported. Omit only this source-proven tuple rather than weaken the generated SDK contract.	sdkgen-maintainers	omit
operation	operation:PostTerminalReadersReaderProcessPaymentIntent	SDKGEN-PROJECTION-UNREPRESENTABLE-OPERATION	sdkgen://source/openapi.json	/paths/~1v1~1terminal~1readers~1{reader}~1process_payment_intent/post/requestBody/content/application~1x-www-form-urlencoded/schema/properties/process_config	Operation 'PostTerminalReadersReaderProcessPaymentIntent' cannot be represented: form object must declare additionalProperties: false; dynamic form keys are unsupported	ffa01df21c902888118a4e3fb466f5163379952453b9ed6d1edebf20141e7f29	dynamic-object-keys	stripe-paths-1v1-1terminal-1readers-1-reader-1process-payment-intent-post-requestbody-content-application-1x-www-form-urlencoded-schema-properties-process-config-ffa01df21c90	Exact Stripe T11 waiver for this dynamic object keys operation: Operation 'PostTerminalReadersReaderProcessPaymentIntent' cannot be represented: form object must declare additionalProperties: false; dynamic form keys are unsupported. Omit only this source-proven tuple rather than weaken the generated SDK contract.	sdkgen-maintainers	omit
operation	operation:PostTerminalReadersReaderProcessSetupIntent	SDKGEN-PROJECTION-UNREPRESENTABLE-OPERATION	sdkgen://source/openapi.json	/paths/~1v1~1terminal~1readers~1{reader}~1process_setup_intent/post/requestBody/content/application~1x-www-form-urlencoded/schema/properties/process_config	Operation 'PostTerminalReadersReaderProcessSetupIntent' cannot be represented: form object must declare additionalProperties: false; dynamic form keys are unsupported	e6ce3422eaa6b523a440f2c5a5ef3172d7e64ea86070892fff5fd46a99d1f979	dynamic-object-keys	stripe-paths-1v1-1terminal-1readers-1-reader-1process-setup-intent-post-requestbody-content-application-1x-www-form-urlencoded-schema-properties-process-config-e6ce3422eaa6	Exact Stripe T11 waiver for this dynamic object keys operation: Operation 'PostTerminalReadersReaderProcessSetupIntent' cannot be represented: form object must declare additionalProperties: false; dynamic form keys are unsupported. Omit only this source-proven tuple rather than weaken the generated SDK contract.	sdkgen-maintainers	omit
operation	operation:PostTerminalReadersReaderRefundPayment	SDKGEN-PROJECTION-UNREPRESENTABLE-OPERATION	sdkgen://source/openapi.json	/paths/~1v1~1terminal~1readers~1{reader}~1refund_payment/post/requestBody/content/application~1x-www-form-urlencoded/schema/properties/refund_payment_config	Operation 'PostTerminalReadersReaderRefundPayment' cannot be represented: form object must declare additionalProperties: false; dynamic form keys are unsupported	c720ea0b20a8ef706d792ced27ef7739b39af8b310ad49972c4162218945f143	dynamic-object-keys	stripe-paths-1v1-1terminal-1readers-1-reader-1refund-payment-post-requestbody-content-application-1x-www-form-urlencoded-schema-properties-refund-payment-config-c720ea0b20a8	Exact Stripe T11 waiver for this dynamic object keys operation: Operation 'PostTerminalReadersReaderRefundPayment' cannot be represented: form object must declare additionalProperties: false; dynamic form keys are unsupported. Omit only this source-proven tuple rather than weaken the generated SDK contract.	sdkgen-maintainers	omit
operation	operation:PostTerminalReadersReaderSetReaderDisplay	SDKGEN-PROJECTION-UNREPRESENTABLE-OPERATION	sdkgen://source/openapi.json	/paths/~1v1~1terminal~1readers~1{reader}~1set_reader_display/post/requestBody/content/application~1x-www-form-urlencoded/schema/properties/cart	Operation 'PostTerminalReadersReaderSetReaderDisplay' cannot be represented: form object must declare additionalProperties: false; dynamic form keys are unsupported	54be41ddc9d62d221977b48d867de79a63efbcfb8810b7edccabf783d7754d4f	dynamic-object-keys	stripe-paths-1v1-1terminal-1readers-1-reader-1set-reader-display-post-requestbody-content-application-1x-www-form-urlencoded-schema-properties-cart-54be41ddc9d6	Exact Stripe T11 waiver for this dynamic object keys operation: Operation 'PostTerminalReadersReaderSetReaderDisplay' cannot be represented: form object must declare additionalProperties: false; dynamic form keys are unsupported. Omit only this source-proven tuple rather than weaken the generated SDK contract.	sdkgen-maintainers	omit
operation	operation:PostTestHelpersConfirmationTokens	SDKGEN-PROJECTION-UNREPRESENTABLE-OPERATION	sdkgen://source/openapi.json	/paths/~1v1~1test_helpers~1confirmation_tokens/post/requestBody/content/application~1x-www-form-urlencoded/schema/properties/payment_method_data	Operation 'PostTestHelpersConfirmationTokens' cannot be represented: form object must declare additionalProperties: false; dynamic form keys are unsupported	8bbf926ec321e9ebe5573a38c2cd83a2ba8f532df162c64dcbfeb02ce99fe5f5	dynamic-object-keys	stripe-paths-1v1-1test-helpers-1confirmation-tokens-post-requestbody-content-application-1x-www-form-urlencoded-schema-properties-payment-method-data-8bbf926ec321	Exact Stripe T11 waiver for this dynamic object keys operation: Operation 'PostTestHelpersConfirmationTokens' cannot be represented: form object must declare additionalProperties: false; dynamic form keys are unsupported. Omit only this source-proven tuple rather than weaken the generated SDK contract.	sdkgen-maintainers	omit
operation	operation:PostTestHelpersIssuingAuthorizations	SDKGEN-PROJECTION-UNREPRESENTABLE-OPERATION	sdkgen://source/openapi.json	/paths/~1v1~1test_helpers~1issuing~1authorizations/post/requestBody/content/application~1x-www-form-urlencoded/schema/properties/amount_details	Operation 'PostTestHelpersIssuingAuthorizations' cannot be represented: form object must declare additionalProperties: false; dynamic form keys are unsupported	e6ab069299c219c937053da60de66cda0b6f3435f45df7e8cb2600c8a9985a2c	dynamic-object-keys	stripe-paths-1v1-1test-helpers-1issuing-1authorizations-post-requestbody-content-application-1x-www-form-urlencoded-schema-properties-amount-details-e6ab069299c2	Exact Stripe T11 waiver for this dynamic object keys operation: Operation 'PostTestHelpersIssuingAuthorizations' cannot be represented: form object must declare additionalProperties: false; dynamic form keys are unsupported. Omit only this source-proven tuple rather than weaken the generated SDK contract.	sdkgen-maintainers	omit
operation	operation:PostTestHelpersIssuingAuthorizationsAuthorizationCapture	SDKGEN-PROJECTION-UNREPRESENTABLE-OPERATION	sdkgen://source/openapi.json	/paths/~1v1~1test_helpers~1issuing~1authorizations~1{authorization}~1capture/post/requestBody/content/application~1x-www-form-urlencoded/schema/properties/purchase_details	Operation 'PostTestHelpersIssuingAuthorizationsAuthorizationCapture' cannot be represented: form object must declare additionalProperties: false; dynamic form keys are unsupported	4cb740347f3b3bb7b91f8745ffd6aaac6fa4ddf46aa327e5ee771bb3c8300146	dynamic-object-keys	stripe-paths-1v1-1test-helpers-1issuing-1authorizations-1-authorization-1capture-post-requestbody-content-application-1x-www-form-urlencoded-schema-properties-purchase-details-4cb740347f3b	Exact Stripe T11 waiver for this dynamic object keys operation: Operation 'PostTestHelpersIssuingAuthorizationsAuthorizationCapture' cannot be represented: form object must declare additionalProperties: false; dynamic form keys are unsupported. Omit only this source-proven tuple rather than weaken the generated SDK contract.	sdkgen-maintainers	omit
operation	operation:PostTestHelpersIssuingAuthorizationsAuthorizationFinalizeAmount	SDKGEN-PROJECTION-UNREPRESENTABLE-OPERATION	sdkgen://source/openapi.json	/paths/~1v1~1test_helpers~1issuing~1authorizations~1{authorization}~1finalize_amount/post/requestBody/content/application~1x-www-form-urlencoded/schema/properties/fleet	Operation 'PostTestHelpersIssuingAuthorizationsAuthorizationFinalizeAmount' cannot be represented: form object must declare additionalProperties: false; dynamic form keys are unsupported	4e1320a0a7ea05a0ef7f8eea123af4de71ca5e7ebbfadacd7df0489bba252329	dynamic-object-keys	stripe-paths-1v1-1test-helpers-1issuing-1authorizations-1-authorization-1finalize-amount-post-requestbody-content-application-1x-www-form-urlencoded-schema-properties-fleet-4e1320a0a7ea	Exact Stripe T11 waiver for this dynamic object keys operation: Operation 'PostTestHelpersIssuingAuthorizationsAuthorizationFinalizeAmount' cannot be represented: form object must declare additionalProperties: false; dynamic form keys are unsupported. Omit only this source-proven tuple rather than weaken the generated SDK contract.	sdkgen-maintainers	omit
operation	operation:PostTestHelpersIssuingPersonalizationDesignsPersonalizationDesignReject	SDKGEN-PROJECTION-UNREPRESENTABLE-OPERATION	sdkgen://source/openapi.json	/paths/~1v1~1test_helpers~1issuing~1personalization_designs~1{personalization_design}~1reject/post/requestBody/content/application~1x-www-form-urlencoded/schema/properties/rejection_reasons	Operation 'PostTestHelpersIssuingPersonalizationDesignsPersonalizationDesignReject' cannot be represented: form object must declare additionalProperties: false; dynamic form keys are unsupported	17f57d2d30b0c8e8488c94322bf5e4c18fa8bea6798a2fa9b2fc2235ef9a24cf	dynamic-object-keys	stripe-paths-1v1-1test-helpers-1issuing-1personalization-designs-1-personalization-design-1reject-post-requestbody-content-application-1x-www-form-urlencoded-schema-properties-rejection-reasons-17f57d2d30b0	Exact Stripe T11 waiver for this dynamic object keys operation: Operation 'PostTestHelpersIssuingPersonalizationDesignsPersonalizationDesignReject' cannot be represented: form object must declare additionalProperties: false; dynamic form keys are unsupported. Omit only this source-proven tuple rather than weaken the generated SDK contract.	sdkgen-maintainers	omit
operation	operation:PostTestHelpersIssuingTransactionsCreateForceCapture	SDKGEN-PROJECTION-UNREPRESENTABLE-OPERATION	sdkgen://source/openapi.json	/paths/~1v1~1test_helpers~1issuing~1transactions~1create_force_capture/post/requestBody/content/application~1x-www-form-urlencoded/schema/properties/merchant_data	Operation 'PostTestHelpersIssuingTransactionsCreateForceCapture' cannot be represented: form object must declare additionalProperties: false; dynamic form keys are unsupported	799f445086bf84c0d941aedbd21500cfa29470695a404967dd957594bebc87da	dynamic-object-keys	stripe-paths-1v1-1test-helpers-1issuing-1transactions-1create-force-capture-post-requestbody-content-application-1x-www-form-urlencoded-schema-properties-merchant-data-799f445086bf	Exact Stripe T11 waiver for this dynamic object keys operation: Operation 'PostTestHelpersIssuingTransactionsCreateForceCapture' cannot be represented: form object must declare additionalProperties: false; dynamic form keys are unsupported. Omit only this source-proven tuple rather than weaken the generated SDK contract.	sdkgen-maintainers	omit
operation	operation:PostTestHelpersIssuingTransactionsCreateUnlinkedRefund	SDKGEN-PROJECTION-UNREPRESENTABLE-OPERATION	sdkgen://source/openapi.json	/paths/~1v1~1test_helpers~1issuing~1transactions~1create_unlinked_refund/post/requestBody/content/application~1x-www-form-urlencoded/schema/properties/merchant_data	Operation 'PostTestHelpersIssuingTransactionsCreateUnlinkedRefund' cannot be represented: form object must declare additionalProperties: false; dynamic form keys are unsupported	9de41aac12e222d1df79573e6f5d1a0e3118419965e921d84c9377ef5fb76507	dynamic-object-keys	stripe-paths-1v1-1test-helpers-1issuing-1transactions-1create-unlinked-refund-post-requestbody-content-application-1x-www-form-urlencoded-schema-properties-merchant-data-9de41aac12e2	Exact Stripe T11 waiver for this dynamic object keys operation: Operation 'PostTestHelpersIssuingTransactionsCreateUnlinkedRefund' cannot be represented: form object must declare additionalProperties: false; dynamic form keys are unsupported. Omit only this source-proven tuple rather than weaken the generated SDK contract.	sdkgen-maintainers	omit
operation	operation:PostTestHelpersTerminalReadersReaderPresentPaymentMethod	SDKGEN-PROJECTION-UNREPRESENTABLE-OPERATION	sdkgen://source/openapi.json	/paths/~1v1~1test_helpers~1terminal~1readers~1{reader}~1present_payment_method/post/requestBody/content/application~1x-www-form-urlencoded/schema/properties/card	Operation 'PostTestHelpersTerminalReadersReaderPresentPaymentMethod' cannot be represented: form object must declare additionalProperties: false; dynamic form keys are unsupported	5ec2a5b1d4b3816181db5284173c0e227fccb7fbf3d48c1ae0308bef3f1c50f9	dynamic-object-keys	stripe-paths-1v1-1test-helpers-1terminal-1readers-1-reader-1present-payment-method-post-requestbody-content-application-1x-www-form-urlencoded-schema-properties-card-5ec2a5b1d4b3	Exact Stripe T11 waiver for this dynamic object keys operation: Operation 'PostTestHelpersTerminalReadersReaderPresentPaymentMethod' cannot be represented: form object must declare additionalProperties: false; dynamic form keys are unsupported. Omit only this source-proven tuple rather than weaken the generated SDK contract.	sdkgen-maintainers	omit
operation	operation:PostTestHelpersTreasuryInboundTransfersIdFail	SDKGEN-PROJECTION-UNREPRESENTABLE-OPERATION	sdkgen://source/openapi.json	/paths/~1v1~1test_helpers~1treasury~1inbound_transfers~1{id}~1fail/post/requestBody/content/application~1x-www-form-urlencoded/schema/properties/failure_details	Operation 'PostTestHelpersTreasuryInboundTransfersIdFail' cannot be represented: form object must declare additionalProperties: false; dynamic form keys are unsupported	c556e4a21915fb548f29cbd77f798abc978c68e021a87fa1b542d4c606849af9	dynamic-object-keys	stripe-paths-1v1-1test-helpers-1treasury-1inbound-transfers-1-id-1fail-post-requestbody-content-application-1x-www-form-urlencoded-schema-properties-failure-details-c556e4a21915	Exact Stripe T11 waiver for this dynamic object keys operation: Operation 'PostTestHelpersTreasuryInboundTransfersIdFail' cannot be represented: form object must declare additionalProperties: false; dynamic form keys are unsupported. Omit only this source-proven tuple rather than weaken the generated SDK contract.	sdkgen-maintainers	omit
operation	operation:PostTestHelpersTreasuryOutboundPaymentsId	SDKGEN-PROJECTION-UNREPRESENTABLE-OPERATION	sdkgen://source/openapi.json	/paths/~1v1~1test_helpers~1treasury~1outbound_payments~1{id}/post/requestBody/content/application~1x-www-form-urlencoded/schema/properties/tracking_details	Operation 'PostTestHelpersTreasuryOutboundPaymentsId' cannot be represented: form object must declare additionalProperties: false; dynamic form keys are unsupported	2a05c11d3cf29f93362301361039458b0566d372ad83d8832f5d3ceba8ec06ef	dynamic-object-keys	stripe-paths-1v1-1test-helpers-1treasury-1outbound-payments-1-id-post-requestbody-content-application-1x-www-form-urlencoded-schema-properties-tracking-details-2a05c11d3cf2	Exact Stripe T11 waiver for this dynamic object keys operation: Operation 'PostTestHelpersTreasuryOutboundPaymentsId' cannot be represented: form object must declare additionalProperties: false; dynamic form keys are unsupported. Omit only this source-proven tuple rather than weaken the generated SDK contract.	sdkgen-maintainers	omit
operation	operation:PostTestHelpersTreasuryOutboundPaymentsIdReturn	SDKGEN-PROJECTION-UNREPRESENTABLE-OPERATION	sdkgen://source/openapi.json	/paths/~1v1~1test_helpers~1treasury~1outbound_payments~1{id}~1return/post/requestBody/content/application~1x-www-form-urlencoded/schema/properties/returned_details	Operation 'PostTestHelpersTreasuryOutboundPaymentsIdReturn' cannot be represented: form object must declare additionalProperties: false; dynamic form keys are unsupported	7fcf81f2e2c652e4b3a378309667a6d46c1c308fbece4e48a4b164aaef232dd9	dynamic-object-keys	stripe-paths-1v1-1test-helpers-1treasury-1outbound-payments-1-id-1return-post-requestbody-content-application-1x-www-form-urlencoded-schema-properties-returned-details-7fcf81f2e2c6	Exact Stripe T11 waiver for this dynamic object keys operation: Operation 'PostTestHelpersTreasuryOutboundPaymentsIdReturn' cannot be represented: form object must declare additionalProperties: false; dynamic form keys are unsupported. Omit only this source-proven tuple rather than weaken the generated SDK contract.	sdkgen-maintainers	omit
operation	operation:PostTestHelpersTreasuryOutboundTransfersOutboundTransfer	SDKGEN-PROJECTION-UNREPRESENTABLE-OPERATION	sdkgen://source/openapi.json	/paths/~1v1~1test_helpers~1treasury~1outbound_transfers~1{outbound_transfer}/post/requestBody/content/application~1x-www-form-urlencoded/schema/properties/tracking_details	Operation 'PostTestHelpersTreasuryOutboundTransfersOutboundTransfer' cannot be represented: form object must declare additionalProperties: false; dynamic form keys are unsupported	6a7cefd4977d69c558315aec5be0ac3a3f868046e342a53c33a91b55d6f2bf4a	dynamic-object-keys	stripe-paths-1v1-1test-helpers-1treasury-1outbound-transfers-1-outbound-transfer-post-requestbody-content-application-1x-www-form-urlencoded-schema-properties-tracking-details-6a7cefd4977d	Exact Stripe T11 waiver for this dynamic object keys operation: Operation 'PostTestHelpersTreasuryOutboundTransfersOutboundTransfer' cannot be represented: form object must declare additionalProperties: false; dynamic form keys are unsupported. Omit only this source-proven tuple rather than weaken the generated SDK contract.	sdkgen-maintainers	omit
operation	operation:PostTestHelpersTreasuryOutboundTransfersOutboundTransferReturn	SDKGEN-PROJECTION-UNREPRESENTABLE-OPERATION	sdkgen://source/openapi.json	/paths/~1v1~1test_helpers~1treasury~1outbound_transfers~1{outbound_transfer}~1return/post/requestBody/content/application~1x-www-form-urlencoded/schema/properties/returned_details	Operation 'PostTestHelpersTreasuryOutboundTransfersOutboundTransferReturn' cannot be represented: form object must declare additionalProperties: false; dynamic form keys are unsupported	8d8cd2e00b73245dd5aea207ad18ed56cbded3001f937d0ae6e43d918b71194f	dynamic-object-keys	stripe-paths-1v1-1test-helpers-1treasury-1outbound-transfers-1-outbound-transfer-1return-post-requestbody-content-application-1x-www-form-urlencoded-schema-properties-returned-details-8d8cd2e00b73	Exact Stripe T11 waiver for this dynamic object keys operation: Operation 'PostTestHelpersTreasuryOutboundTransfersOutboundTransferReturn' cannot be represented: form object must declare additionalProperties: false; dynamic form keys are unsupported. Omit only this source-proven tuple rather than weaken the generated SDK contract.	sdkgen-maintainers	omit
operation	operation:PostTestHelpersTreasuryReceivedCredits	SDKGEN-PROJECTION-UNREPRESENTABLE-OPERATION	sdkgen://source/openapi.json	/paths/~1v1~1test_helpers~1treasury~1received_credits/post/requestBody/content/application~1x-www-form-urlencoded/schema/properties/initiating_payment_method_details	Operation 'PostTestHelpersTreasuryReceivedCredits' cannot be represented: form object must declare additionalProperties: false; dynamic form keys are unsupported	8e849e9eed35daf4bb432c758d8b391000f7c31643801ff5c73ccf6dadc0e3e2	dynamic-object-keys	stripe-paths-1v1-1test-helpers-1treasury-1received-credits-post-requestbody-content-application-1x-www-form-urlencoded-schema-properties-initiating-payment-method-details-8e849e9eed35	Exact Stripe T11 waiver for this dynamic object keys operation: Operation 'PostTestHelpersTreasuryReceivedCredits' cannot be represented: form object must declare additionalProperties: false; dynamic form keys are unsupported. Omit only this source-proven tuple rather than weaken the generated SDK contract.	sdkgen-maintainers	omit
operation	operation:PostTestHelpersTreasuryReceivedDebits	SDKGEN-PROJECTION-UNREPRESENTABLE-OPERATION	sdkgen://source/openapi.json	/paths/~1v1~1test_helpers~1treasury~1received_debits/post/requestBody/content/application~1x-www-form-urlencoded/schema/properties/initiating_payment_method_details	Operation 'PostTestHelpersTreasuryReceivedDebits' cannot be represented: form object must declare additionalProperties: false; dynamic form keys are unsupported	f70dafe5535704b5b37e8ca21ccacd928efc1ea5cfd6bdeabd1ff993953ab77f	dynamic-object-keys	stripe-paths-1v1-1test-helpers-1treasury-1received-debits-post-requestbody-content-application-1x-www-form-urlencoded-schema-properties-initiating-payment-method-details-f70dafe55357	Exact Stripe T11 waiver for this dynamic object keys operation: Operation 'PostTestHelpersTreasuryReceivedDebits' cannot be represented: form object must declare additionalProperties: false; dynamic form keys are unsupported. Omit only this source-proven tuple rather than weaken the generated SDK contract.	sdkgen-maintainers	omit
operation	operation:PostTokens	SDKGEN-PROJECTION-UNREPRESENTABLE-OPERATION	sdkgen://source/openapi.json	/paths/~1v1~1tokens/post/requestBody/content/application~1x-www-form-urlencoded/schema/properties/account	Operation 'PostTokens' cannot be represented: form object must declare additionalProperties: false; dynamic form keys are unsupported	826052776f1199d5c946689a9264239d83b3a8ce3e32ae0067e957df0d980701	dynamic-object-keys	stripe-paths-1v1-1tokens-post-requestbody-content-application-1x-www-form-urlencoded-schema-properties-account-826052776f11	Exact Stripe T11 waiver for this dynamic object keys operation: Operation 'PostTokens' cannot be represented: form object must declare additionalProperties: false; dynamic form keys are unsupported. Omit only this source-proven tuple rather than weaken the generated SDK contract.	sdkgen-maintainers	omit
operation	operation:PostTopups	SDKGEN-PROJECTION-UNREPRESENTABLE-OPERATION	sdkgen://source/openapi.json	/paths/~1v1~1topups/post/requestBody/content/application~1x-www-form-urlencoded/schema/properties/payment_method_options	Operation 'PostTopups' cannot be represented: form object must declare additionalProperties: false; dynamic form keys are unsupported	cedd6adfe78bbbe4e696e58c3c6b6f7addae3bfebecc498da2e71351d4a8336b	dynamic-object-keys	stripe-paths-1v1-1topups-post-requestbody-content-application-1x-www-form-urlencoded-schema-properties-payment-method-options-cedd6adfe78b	Exact Stripe T11 waiver for this dynamic object keys operation: Operation 'PostTopups' cannot be represented: form object must declare additionalProperties: false; dynamic form keys are unsupported. Omit only this source-proven tuple rather than weaken the generated SDK contract.	sdkgen-maintainers	omit
operation	operation:PostTreasuryFinancialAccounts	SDKGEN-PROJECTION-UNREPRESENTABLE-OPERATION	sdkgen://source/openapi.json	/paths/~1v1~1treasury~1financial_accounts/post/requestBody/content/application~1x-www-form-urlencoded/schema/properties/features	Operation 'PostTreasuryFinancialAccounts' cannot be represented: form object must declare additionalProperties: false; dynamic form keys are unsupported	97cd15603e9acfeb902ed78fc1be962a226ae10c718686d3736a7472177318e5	dynamic-object-keys	stripe-paths-1v1-1treasury-1financial-accounts-post-requestbody-content-application-1x-www-form-urlencoded-schema-properties-features-97cd15603e9a	Exact Stripe T11 waiver for this dynamic object keys operation: Operation 'PostTreasuryFinancialAccounts' cannot be represented: form object must declare additionalProperties: false; dynamic form keys are unsupported. Omit only this source-proven tuple rather than weaken the generated SDK contract.	sdkgen-maintainers	omit
operation	operation:PostTreasuryFinancialAccountsFinancialAccount	SDKGEN-PROJECTION-UNREPRESENTABLE-OPERATION	sdkgen://source/openapi.json	/paths/~1v1~1treasury~1financial_accounts~1{financial_account}/post/requestBody/content/application~1x-www-form-urlencoded/schema/properties/features	Operation 'PostTreasuryFinancialAccountsFinancialAccount' cannot be represented: form object must declare additionalProperties: false; dynamic form keys are unsupported	ceca86ab84651da163c4c80500c87e590ac3028da6b1c125a97bca12058c3450	dynamic-object-keys	stripe-paths-1v1-1treasury-1financial-accounts-1-financial-account-post-requestbody-content-application-1x-www-form-urlencoded-schema-properties-features-ceca86ab8465	Exact Stripe T11 waiver for this dynamic object keys operation: Operation 'PostTreasuryFinancialAccountsFinancialAccount' cannot be represented: form object must declare additionalProperties: false; dynamic form keys are unsupported. Omit only this source-proven tuple rather than weaken the generated SDK contract.	sdkgen-maintainers	omit
operation	operation:PostTreasuryFinancialAccountsFinancialAccountClose	SDKGEN-PROJECTION-UNREPRESENTABLE-OPERATION	sdkgen://source/openapi.json	/paths/~1v1~1treasury~1financial_accounts~1{financial_account}~1close/post/requestBody/content/application~1x-www-form-urlencoded/schema/properties/forwarding_settings	Operation 'PostTreasuryFinancialAccountsFinancialAccountClose' cannot be represented: form object must declare additionalProperties: false; dynamic form keys are unsupported	6440bf8c7c306374a25a0e7232ac1762acd3a8beb9e7f39f1dfce78d9ab8a1ad	dynamic-object-keys	stripe-paths-1v1-1treasury-1financial-accounts-1-financial-account-1close-post-requestbody-content-application-1x-www-form-urlencoded-schema-properties-forwarding-settings-6440bf8c7c30	Exact Stripe T11 waiver for this dynamic object keys operation: Operation 'PostTreasuryFinancialAccountsFinancialAccountClose' cannot be represented: form object must declare additionalProperties: false; dynamic form keys are unsupported. Omit only this source-proven tuple rather than weaken the generated SDK contract.	sdkgen-maintainers	omit
operation	operation:PostTreasuryFinancialAccountsFinancialAccountFeatures	SDKGEN-PROJECTION-UNREPRESENTABLE-OPERATION	sdkgen://source/openapi.json	/paths/~1v1~1treasury~1financial_accounts~1{financial_account}~1features/post/requestBody/content/application~1x-www-form-urlencoded/schema/properties/card_issuing	Operation 'PostTreasuryFinancialAccountsFinancialAccountFeatures' cannot be represented: form object must declare additionalProperties: false; dynamic form keys are unsupported	6a9aa8a634f577d888a1ec05e4b174df28cf3d1c269c792c4bda478c3504227d	dynamic-object-keys	stripe-paths-1v1-1treasury-1financial-accounts-1-financial-account-1features-post-requestbody-content-application-1x-www-form-urlencoded-schema-properties-card-issuing-6a9aa8a634f5	Exact Stripe T11 waiver for this dynamic object keys operation: Operation 'PostTreasuryFinancialAccountsFinancialAccountFeatures' cannot be represented: form object must declare additionalProperties: false; dynamic form keys are unsupported. Omit only this source-proven tuple rather than weaken the generated SDK contract.	sdkgen-maintainers	omit
operation	operation:PostTreasuryOutboundPayments	SDKGEN-PROJECTION-UNREPRESENTABLE-OPERATION	sdkgen://source/openapi.json	/paths/~1v1~1treasury~1outbound_payments/post/requestBody/content/application~1x-www-form-urlencoded/schema/properties/destination_payment_method_data	Operation 'PostTreasuryOutboundPayments' cannot be represented: form object must declare additionalProperties: false; dynamic form keys are unsupported	077897382e3732c87d5b8a84254654df0c999786b649f991ad42cdfcecc32ccc	dynamic-object-keys	stripe-paths-1v1-1treasury-1outbound-payments-post-requestbody-content-application-1x-www-form-urlencoded-schema-properties-destination-payment-method-data-077897382e37	Exact Stripe T11 waiver for this dynamic object keys operation: Operation 'PostTreasuryOutboundPayments' cannot be represented: form object must declare additionalProperties: false; dynamic form keys are unsupported. Omit only this source-proven tuple rather than weaken the generated SDK contract.	sdkgen-maintainers	omit
operation	operation:PostTreasuryOutboundTransfers	SDKGEN-PROJECTION-UNREPRESENTABLE-OPERATION	sdkgen://source/openapi.json	/paths/~1v1~1treasury~1outbound_transfers/post/requestBody/content/application~1x-www-form-urlencoded/schema/properties/destination_payment_method_data	Operation 'PostTreasuryOutboundTransfers' cannot be represented: form object must declare additionalProperties: false; dynamic form keys are unsupported	a5c29dd2d53ffd712ddbb07895019ec61fc5feb95002832bae91ede266849f73	dynamic-object-keys	stripe-paths-1v1-1treasury-1outbound-transfers-post-requestbody-content-application-1x-www-form-urlencoded-schema-properties-destination-payment-method-data-a5c29dd2d53f	Exact Stripe T11 waiver for this dynamic object keys operation: Operation 'PostTreasuryOutboundTransfers' cannot be represented: form object must declare additionalProperties: false; dynamic form keys are unsupported. Omit only this source-proven tuple rather than weaken the generated SDK contract.	sdkgen-maintainers	omit
operation	operation:PostWebhookEndpoints	SDKGEN-PROJECTION-UNREPRESENTABLE-OPERATION	sdkgen://source/openapi.json	/paths/~1v1~1webhook_endpoints/post/requestBody/content/application~1x-www-form-urlencoded/schema/properties/description	Operation 'PostWebhookEndpoints' cannot be represented: form anyOf branches overlap by wire kind and cannot be selected deterministically	8999eea523a7e7cd57c61b1de6771a62d4888fb1fab82665b85004714a1a1918	form-composition	stripe-paths-1v1-1webhook-endpoints-post-requestbody-content-application-1x-www-form-urlencoded-schema-properties-description-8999eea523a7	Exact Stripe T11 waiver for this form composition operation: Operation 'PostWebhookEndpoints' cannot be represented: form anyOf branches overlap by wire kind and cannot be selected deterministically. Omit only this source-proven tuple rather than weaken the generated SDK contract.	sdkgen-maintainers	omit
operation	operation:PostWebhookEndpointsWebhookEndpoint	SDKGEN-PROJECTION-UNREPRESENTABLE-OPERATION	sdkgen://source/openapi.json	/paths/~1v1~1webhook_endpoints~1{webhook_endpoint}/post/requestBody/content/application~1x-www-form-urlencoded/schema/properties/description	Operation 'PostWebhookEndpointsWebhookEndpoint' cannot be represented: form anyOf branches overlap by wire kind and cannot be selected deterministically	3926586678ab8fac2e7ba15dc04b53e34f3691299b8e24ebf9cf94dbcdafdb0c	form-composition	stripe-paths-1v1-1webhook-endpoints-1-webhook-endpoint-post-requestbody-content-application-1x-www-form-urlencoded-schema-properties-description-3926586678ab	Exact Stripe T11 waiver for this form composition operation: Operation 'PostWebhookEndpointsWebhookEndpoint' cannot be represented: form anyOf branches overlap by wire kind and cannot be selected deterministically. Omit only this source-proven tuple rather than weaken the generated SDK contract.	sdkgen-maintainers	omit
